name,pm10,pm2_5,us_aqi,us_pm2_5,us_pm10,us_no2,name_en
مصر الجديدة,36.44326,19.955238,79.361496,70.66722,31.624939,9.333277,Heliopolis
عابدين,36.44326,19.955238,79.361496,70.66722,31.624939,9.333277,Abdin
بولاق,36.44326,19.955238,79.361496,70.66722,31.624939,9.333277,Boulak
منشية ناصر,36.44326,19.955238,79.361496,70.66722,31.624939,9.333277,Manshiet Naser
روض الفرج,36.44326,19.955238,79.361496,70.66722,31.624939,9.333277,Rod El-Farag
السبتية,36.44326,19.955238,79.361496,70.66722,31.624939,9.333277,Al-Sabtiyya
مصر القديمة,36.44326,19.955238,79.361496,70.66722,31.624939,9.333277,Masr Al-Qadima
السيدة زينب,36.44326,19.955238,79.361496,70.66722,31.624939,9.333277,Al-Sayyida Zeinab
الغورية,36.44326,19.955238,79.361496,70.66722,31.624939,9.333277,El-Ghuriyya
الظاهر,36.44326,19.955238,79.361496,70.66722,31.624939,9.333277,Al-Zaher
القاهرة الإسلامية,36.44326,19.955238,79.361496,70.66722,31.624939,9.333277,Islamic Cairo
الوايلى,36.44326,19.955238,79.361496,70.66722,31.624939,9.333277,El-Waily
حدائق حلوان,36.44326,19.955238,79.361496,70.66722,31.624939,9.333277,Hadayek helwan
وادي حوف,36.44326,19.955238,79.361496,70.66722,31.624939,9.333277,Wadi Hof
المعصرة,36.44326,19.955238,79.361496,70.66722,31.624939,9.333277,Al-Maasara
عين الصيرة,36.44326,19.955238,79.361496,70.66722,31.624939,9.333277,Ain El Sira
عباسية,36.44326,19.955238,79.361496,70.66722,31.624939,9.333277,Abbasseya
السكاكينى,36.44326,19.955238,79.361496,70.66722,31.624939,9.333277,El Sakakini
الدمرداش,36.44326,19.955238,79.361496,70.66722,31.624939,9.333277,El-Demerdash
الشرابية,36.44326,19.955238,79.361496,70.66722,31.624939,9.333277,El-Sharrabeya
حدائق الزيتون,36.44326,19.955238,79.361496,70.66722,31.624939,9.333277,Hadayeq Al-Zaitoun
الزيتون,36.44326,19.955238,79.361496,70.66722,31.624939,9.333277,Al-Zaitoun
عين شمس,36.44326,19.955238,79.361496,70.66722,31.624939,9.333277,Ain Shams
الموسكى,36.44326,19.955238,79.361496,70.66722,31.624939,9.333277,Al-Mosky
الأزبكية,36.44326,19.955238,79.361496,70.66722,31.624939,9.333277,Al-Azbakeya
الجمالية,36.44326,19.955238,79.361496,70.66722,31.624939,9.333277,El-Gamaliyya
باب الشعرية,36.44326,19.955238,79.361496,70.66722,31.624939,9.333277,Bab Al-Shaaria
الدرب الأحمر,36.44326,19.955238,79.361496,70.66722,31.624939,9.333277,El-Darb El-Ahmar
الخليفة,36.44326,19.955238,79.361496,70.66722,31.624939,9.333277,El-Khaleefa
مدينة ميراج,27.691023,16.973969,80.20046,65.02466,24.886189,6.0874953,Mirage City
مدينة نصر,36.44326,19.955238,79.361496,70.66722,31.624939,9.333277,Nasr City
القاهرة القديمة,36.44326,19.955238,79.361496,70.66722,31.624939,9.333277,Old Cairo
المنيل,36.44326,19.955238,79.361496,70.66722,31.624939,9.333277,Al Manyal
باب اللوق,36.44326,19.955238,79.361496,70.66722,31.624939,9.333277,Bab al Luq
الأميرية,36.44326,19.955238,79.361496,70.66722,31.624939,9.333277,Amiriya
Stone Park,36.44326,19.955238,79.361496,70.66722,31.624939,9.333277,Stone Park
كمبوند القطاميه هايتس,27.691023,16.973969,80.20046,65.02466,24.886189,6.0874953,كمبوند القطاميه هايتس
القطاميه,27.691023,16.973969,80.20046,65.02466,24.886189,6.0874953,القطاميه
كومباوند قطامية ديونز,27.691023,16.973969,80.20046,65.02466,24.886189,6.0874953,Kattameya Dunes Compound
المجاورة الثالثة الحي الثاني شرق,27.691023,16.973969,80.20046,65.02466,24.886189,6.0874953,المجاورة الثالثة الحي الثاني شرق
Parcel 8547,36.44326,19.955238,79.361496,70.66722,31.624939,9.333277,Parcel 8547
حي رجال الاعمال- مدينة ١٥ مايو,36.44326,19.955238,79.361496,70.66722,31.624939,9.333277,Businessmen Neighbourhood -15 May City
مساكن نيركو,36.44326,19.955238,79.361496,70.66722,31.624939,9.333277,Masaken Nerco
دار مصر الأندلس - المرحلة الثانية,27.691023,16.973969,80.20046,65.02466,24.886189,6.0874953,Dar Masr Al Andalus - Phase 2
لافيستا سيتي,27.691023,16.973969,80.20046,65.02466,24.886189,6.0874953,La Vista City
كمبوند الرقابه الإداريه,27.691023,16.973969,80.20046,65.02466,24.886189,6.0874953,كمبوند الرقابه الإداريه
الشباب الشمالي,27.691023,16.973969,80.20046,65.02466,24.886189,6.0874953,الشباب الشمالي
مجموعه 123,27.691023,16.973969,80.20046,65.02466,24.886189,6.0874953,مجموعه 123
الشباب الجنوبي,27.691023,16.973969,80.20046,65.02466,24.886189,6.0874953,الشباب الجنوبي
كمبوند نقابة المهندسين,27.691023,16.973969,80.20046,65.02466,24.886189,6.0874953,Engineers Syndicate Compound
كمبوند توب ڤيو,27.691023,16.973969,80.20046,65.02466,24.886189,6.0874953,Top View Compound
مجموعه 111,27.691023,16.973969,80.20046,65.02466,24.886189,6.0874953,Group 111
مدينة الهايكستب العسكرية,27.691023,16.973969,80.20046,65.02466,24.886189,6.0874953,Al Huckstep Military City
عمارات حدائق العبور,36.44326,19.955238,79.361496,70.66722,31.624939,9.333277,Hadaek Al Obour Buildings
منطقة 6,36.44326,19.955238,79.361496,70.66722,31.624939,9.333277,Area 6
بلوك 2,36.44326,19.955238,79.361496,70.66722,31.624939,9.333277,Block 2
بلوك 1,36.44326,19.955238,79.361496,70.66722,31.624939,9.333277,Block 1
الشطر الخامس,36.44326,19.955238,79.361496,70.66722,31.624939,9.333277,El Shatr Al Khames
بلوك 18,36.44326,19.955238,79.361496,70.66722,31.624939,9.333277,Block 18
بلوك 10,36.44326,19.955238,79.361496,70.66722,31.624939,9.333277,Block 10
بلوك 12,36.44326,19.955238,79.361496,70.66722,31.624939,9.333277,Block 12
بلوك 8,36.44326,19.955238,79.361496,70.66722,31.624939,9.333277,Block 8
بلوك 7,36.44326,19.955238,79.361496,70.66722,31.624939,9.333277,Block 7
بلوك 13,36.44326,19.955238,79.361496,70.66722,31.624939,9.333277,Block 13
بلوك 14,36.44326,19.955238,79.361496,70.66722,31.624939,9.333277,Block 14
بلوك 21,36.44326,19.955238,79.361496,70.66722,31.624939,9.333277,Block 21
بلوك 19,36.44326,19.955238,79.361496,70.66722,31.624939,9.333277,Block 19
بلوك 20,36.44326,19.955238,79.361496,70.66722,31.624939,9.333277,Block 20
بلوك 3,36.44326,19.955238,79.361496,70.66722,31.624939,9.333277,Block 3
بلوك 5,36.44326,19.955238,79.361496,70.66722,31.624939,9.333277,Block 5
بلوك 4,36.44326,19.955238,79.361496,70.66722,31.624939,9.333277,Block 4
بورتو هليوبوليس,36.44326,19.955238,79.361496,70.66722,31.624939,9.333277,Porto Heliopolis
مساكن المدينه العماليه,36.44326,19.955238,79.361496,70.66722,31.624939,9.333277,Labor City Housing
عمارات الشرطة,36.44326,19.955238,79.361496,70.66722,31.624939,9.333277,Police Buildings
عمارات الشركة الوطنية للاسكان,36.44326,19.955238,79.361496,70.66722,31.624939,9.333277,The National Company For Housing Buildings
عمارات الفتح,36.44326,19.955238,79.361496,70.66722,31.624939,9.333277,El Fath Buildings
بلوك 6,36.44326,19.955238,79.361496,70.66722,31.624939,9.333277,Block 6
الشركة الوطنية للمقاولات,36.44326,19.955238,79.361496,70.66722,31.624939,9.333277,National Contracting Company
بلوك 11,36.44326,19.955238,79.361496,70.66722,31.624939,9.333277,Block 11
نجوم السفارات,36.44326,19.955238,79.361496,70.66722,31.624939,9.333277,Ngom Al Safarat
بلوك 16,36.44326,19.955238,79.361496,70.66722,31.624939,9.333277,Block 16
بلوك 15,36.44326,19.955238,79.361496,70.66722,31.624939,9.333277,Block 15
بلوك 17,36.44326,19.955238,79.361496,70.66722,31.624939,9.333277,Block 17
زهرة السفارات,36.44326,19.955238,79.361496,70.66722,31.624939,9.333277,Zahret Alsafarat
امتداد رمسيس 1,36.44326,19.955238,79.361496,70.66722,31.624939,9.333277,Extension Ramses 1
مساكن تقسيم الاوقاف,36.44326,19.955238,79.361496,70.66722,31.624939,9.333277,Taqsim Al Awqaf Housing
بلوك 1187,36.44326,19.955238,79.361496,70.66722,31.624939,9.333277,Block 1187
بلوك 1186,36.44326,19.955238,79.361496,70.66722,31.624939,9.333277,Block 1186
بلوك 1185,36.44326,19.955238,79.361496,70.66722,31.624939,9.333277,Block 1185
بلوك 1165,36.44326,19.955238,79.361496,70.66722,31.624939,9.333277,Block 1165
بلوك 1166,36.44326,19.955238,79.361496,70.66722,31.624939,9.333277,Block 1166
كايرو فستيفال سيتى,27.691023,16.973969,80.20046,65.02466,24.886189,6.0874953,Cairo Festival City
منتجع مرتفعات القطامية للجولف والتنس,27.691023,16.973969,80.20046,65.02466,24.886189,6.0874953,Katameya Heights Golf and Tennis Resort
سوق العبور,27.691023,16.973969,80.20046,65.02466,24.886189,6.0874953,Al Obour Market
قريه منيل شيحه,36.44326,19.955238,79.361496,70.66722,31.624939,9.333277,Manial Shiha Village
مساكن التجهيز,36.44326,19.955238,79.361496,70.66722,31.624939,9.333277,Al taghiz Housing
حى السبعين فدان,36.44326,19.955238,79.361496,70.66722,31.624939,9.333277,District Al 70 Fedan
مساكن سوزان مبارك,36.44326,19.955238,79.361496,70.66722,31.624939,9.333277,Suzan Mubarak Housing
الحى 7,36.44326,19.955238,79.361496,70.66722,31.624939,9.333277,District 7
بركه الحاج,36.44326,19.955238,79.361496,70.66722,31.624939,9.333277,Birket El Hag
عمارات اول مايو,36.44326,19.955238,79.361496,70.66722,31.624939,9.333277,First May Buildings
عمارات رامو,36.44326,19.955238,79.361496,70.66722,31.624939,9.333277,Ramo Buildings
عمارات ميلسا,36.44326,19.955238,79.361496,70.66722,31.624939,9.333277,Melsa Buildings
منتجع أرابيلا,27.691023,16.973969,80.20046,65.02466,24.886189,6.0874953,Arabella Resort
قطاع أ2,24.703178,15.82079,74.21322,62.85449,22.400135,5.074077,Sector A2
قطاع أ3,23.827276,14.546006,71.896866,60.462803,21.673515,4.0498896,Sector A3
قطاع أ3 مكرر,23.827276,14.546006,71.896866,60.462803,21.673515,4.0498896,Sector A3`
كمبوند ليك فيو,27.691023,16.973969,80.20046,65.02466,24.886189,6.0874953,Lakeview Compound
الحى 6,36.44326,19.955238,79.361496,70.66722,31.624939,9.333277,District 6
البنفسج 10,27.691023,16.973969,80.20046,65.02466,24.886189,6.0874953,Al Banafseg 10
البنفسج 12,27.691023,16.973969,80.20046,65.02466,24.886189,6.0874953,Al Banafseg 12
البنفسج عمارات,27.691023,16.973969,80.20046,65.02466,24.886189,6.0874953,Al Banafseg Buildings
البنفسج 9,27.691023,16.973969,80.20046,65.02466,24.886189,6.0874953,Al Banafseg 9
البنفسج 11,27.691023,16.973969,80.20046,65.02466,24.886189,6.0874953,Al Banafseg 11
جزيره بين البحرين,36.44326,19.955238,79.361496,70.66722,31.624939,9.333277,Gezirat Ben Al Bahren
معادى هايتس,36.44326,19.955238,79.361496,70.66722,31.624939,9.333277,Maadi Heights
النرجس عمارات 2,27.691023,16.973969,80.20046,65.02466,24.886189,6.0874953,El Narges Buildings 2
الحى 3,27.691023,16.973969,80.20046,65.02466,24.886189,6.0874953,District 3
كمبوند لي روا,27.691023,16.973969,80.20046,65.02466,24.886189,6.0874953,Le Rois Compound
كمبوند سوديك ايستاون,27.691023,16.973969,80.20046,65.02466,24.886189,6.0874953,SODIC Eastown Compound
النرجس 1,27.691023,16.973969,80.20046,65.02466,24.886189,6.0874953,El Narges 1
النرجس 2,27.691023,16.973969,80.20046,65.02466,24.886189,6.0874953,El Narges 2
التبين القبليه,100.73496,22.805325,88.276215,76.092606,72.74783,5.4515224,Al Tebin Al Qibliyya
مساكن الظباط,36.44326,19.955238,79.361496,70.66722,31.624939,9.333277,Officer's Housing
الياسمين 1,27.691023,16.973969,80.20046,65.02466,24.886189,6.0874953,Al Yasmeen 1
الياسمين 3,27.691023,16.973969,80.20046,65.02466,24.886189,6.0874953,Al Yasmeen 3
الياسمين 5,27.691023,16.973969,80.20046,65.02466,24.886189,6.0874953,Al Yasmeen 5
الياسمين 7,27.691023,16.973969,80.20046,65.02466,24.886189,6.0874953,Al Yasmeen 7
الياسمين 2,27.691023,16.973969,80.20046,65.02466,24.886189,6.0874953,Al Yasmeen 2
الياسمين 4,27.691023,16.973969,80.20046,65.02466,24.886189,6.0874953,Al Yasmeen 4
الياسمين 6,27.691023,16.973969,80.20046,65.02466,24.886189,6.0874953,Al Yasmeen 6
الياسمين 8,27.691023,16.973969,80.20046,65.02466,24.886189,6.0874953,Al Yasmeen 8
المجاورة 3,36.44326,19.955238,79.361496,70.66722,31.624939,9.333277,Neighborhood 3
المجاورة 5,36.44326,19.955238,79.361496,70.66722,31.624939,9.333277,Neighborhood 5
المجاورة 21,36.44326,19.955238,79.361496,70.66722,31.624939,9.333277,Neighborhood 21
المجاورة 14,36.44326,19.955238,79.361496,70.66722,31.624939,9.333277,Neighborhood 14
المجاورة 8,36.44326,19.955238,79.361496,70.66722,31.624939,9.333277,Neighborhood 8
المجاورة 18,36.44326,19.955238,79.361496,70.66722,31.624939,9.333277,Neighborhood 18
المجاورة 12,36.44326,19.955238,79.361496,70.66722,31.624939,9.333277,Neighborhood 12
المجاورة 22,36.44326,19.955238,79.361496,70.66722,31.624939,9.333277,Neighborhood 22
المجاورة 2,36.44326,19.955238,79.361496,70.66722,31.624939,9.333277,Neighborhood 2
المجاورة 9,36.44326,19.955238,79.361496,70.66722,31.624939,9.333277,Neighborhood 9
المعصره المحطه,36.44326,19.955238,79.361496,70.66722,31.624939,9.333277,Al Maasara Al Mahata
البنفسج 6,27.691023,16.973969,80.20046,65.02466,24.886189,6.0874953,Al Banafseg 6
البنفسج 5,27.691023,16.973969,80.20046,65.02466,24.886189,6.0874953,Al Banafseg 5
البنفسج 4,27.691023,16.973969,80.20046,65.02466,24.886189,6.0874953,Al Banafseg 4
البنفسج 3,27.691023,16.973969,80.20046,65.02466,24.886189,6.0874953,Al Banafseg 3
البنفسج 2,27.691023,16.973969,80.20046,65.02466,24.886189,6.0874953,Al Banafseg 2
البنفسج 1,27.691023,16.973969,80.20046,65.02466,24.886189,6.0874953,Al Banafseg 1
النرجس 3,27.691023,16.973969,80.20046,65.02466,24.886189,6.0874953,El Narges 3
النرجس 4,27.691023,16.973969,80.20046,65.02466,24.886189,6.0874953,El Narges 4
غرب ارابيلا,27.691023,16.973969,80.20046,65.02466,24.886189,6.0874953,West Arabella
النرجس 5,27.691023,16.973969,80.20046,65.02466,24.886189,6.0874953,El Narges 5
النرجس 7,27.691023,16.973969,80.20046,65.02466,24.886189,6.0874953,El Narges 7
النرجس 8,27.691023,16.973969,80.20046,65.02466,24.886189,6.0874953,El Narges 8
النرجس 6,27.691023,16.973969,80.20046,65.02466,24.886189,6.0874953,El Narges 6
الديار كمبوند,27.691023,16.973969,80.20046,65.02466,24.886189,6.0874953,Al Dyar Compound
منطقة 1,27.691023,16.973969,80.20046,65.02466,24.886189,6.0874953,Area 1
منطقة 2,27.691023,16.973969,80.20046,65.02466,24.886189,6.0874953,Area 2
منطقة 3,27.691023,16.973969,80.20046,65.02466,24.886189,6.0874953,Area 3
منطقة 4,27.691023,16.973969,80.20046,65.02466,24.886189,6.0874953,Area 4
منطقة 5,27.691023,16.973969,80.20046,65.02466,24.886189,6.0874953,Area 5
منطقة 7,27.691023,16.973969,80.20046,65.02466,24.886189,6.0874953,Area 7
كمبوند المصراوية,27.691023,16.973969,80.20046,65.02466,24.886189,6.0874953,El Masraweya Compound
كمبوند كونكورد جاردنز,27.691023,16.973969,80.20046,65.02466,24.886189,6.0874953,Concord Gardens Compound
كمبوند مون فالى,27.691023,16.973969,80.20046,65.02466,24.886189,6.0874953,Moon Valley compound
امتداد الرحاب,27.691023,16.973969,80.20046,65.02466,24.886189,6.0874953,El Rehab extension
حى القرنفل,27.691023,16.973969,80.20046,65.02466,24.886189,6.0874953,Al Koronfil District
القرنفل هايتس,27.691023,16.973969,80.20046,65.02466,24.886189,6.0874953,Coronfel Heights
كمبوند تمر حنة,27.691023,16.973969,80.20046,65.02466,24.886189,6.0874953,Tamr Henna Compound
كمبوند لافاونتين بروفينس,27.691023,16.973969,80.20046,65.02466,24.886189,6.0874953,La Fontaine Province Compound
كمبوند اعمار مفديا,27.691023,16.973969,80.20046,65.02466,24.886189,6.0874953,Mivida Emaar Compound
كمبوند هايد بارك داماك,27.691023,16.973969,80.20046,65.02466,24.886189,6.0874953,Compound Hyde Park Damac
كمبوند قطامية ديونز,27.691023,16.973969,80.20046,65.02466,24.886189,6.0874953,Katameya Dunes Compound
كمبوند قطامية جردنز,27.691023,16.973969,80.20046,65.02466,24.886189,6.0874953,Katameya Gardens Compound
كومباوند ريفييرا هايتس,27.691023,16.973969,80.20046,65.02466,24.886189,6.0874953,Riviera Heights Compound
زيزينيا,27.691023,16.973969,80.20046,65.02466,24.886189,6.0874953,Zizinia
التجمع الأول,27.691023,16.973969,80.20046,65.02466,24.886189,6.0874953,First Settlement
كمبوند ماكسيم كانترى كلوب,27.691023,16.973969,80.20046,65.02466,24.886189,6.0874953,Maxim Country Club Compound
كمبوند اميرالد بارك,27.691023,16.973969,80.20046,65.02466,24.886189,6.0874953,Emerald Park Compound
قطاع اللوتس,27.691023,16.973969,80.20046,65.02466,24.886189,6.0874953,Al Lotus Sector
منتجع بورتو كايرو,27.691023,16.973969,80.20046,65.02466,24.886189,6.0874953,Porto Cairo Resort
منتجع النخيل,27.691023,16.973969,80.20046,65.02466,24.886189,6.0874953,Al Nakhil Resort
كمبوند مارينا سيتي,27.691023,16.973969,80.20046,65.02466,24.886189,6.0874953,Marina City Compound
كمبوند سون لايك قطامية,27.691023,16.973969,80.20046,65.02466,24.886189,6.0874953,Swan Lake Katameya Compound
جنوب الأكاديمية منطقة ب,27.691023,16.973969,80.20046,65.02466,24.886189,6.0874953,Southern Academy Area B
جنوب الأكاديمية منطقة د,27.691023,16.973969,80.20046,65.02466,24.886189,6.0874953,Southern Academy Area D
جنوب الأكاديمية منطقة هـ,27.691023,16.973969,80.20046,65.02466,24.886189,6.0874953,Southern Academy Area E
جنوب الأكاديمية منطقة ز,27.691023,16.973969,80.20046,65.02466,24.886189,6.0874953,Southern Academy Area G
جنوب الأكاديمية منطقة و,27.691023,16.973969,80.20046,65.02466,24.886189,6.0874953,Southern Academy Area F
جنوب الأكاديمية منطقة ج,27.691023,16.973969,80.20046,65.02466,24.886189,6.0874953,Southern Academy Area C
منطقة أ,27.691023,16.973969,80.20046,65.02466,24.886189,6.0874953,Area A
منطقة الخدمات,27.691023,16.973969,80.20046,65.02466,24.886189,6.0874953,Services Area
الحى 4,27.691023,16.973969,80.20046,65.02466,24.886189,6.0874953,District 4
الحى 5,27.691023,16.973969,80.20046,65.02466,24.886189,6.0874953,District 5
الشويفات,27.691023,16.973969,80.20046,65.02466,24.886189,6.0874953,Al Choueifat
غرب الجولف,36.44326,19.955238,79.361496,70.66722,31.624939,9.333277,West Al Golf
إمتداد غرب الجولف 7,36.44326,19.955238,79.361496,70.66722,31.624939,9.333277,West Al Golf Extension 7
كمبوند الباتيو 2,27.691023,16.973969,80.20046,65.02466,24.886189,6.0874953,El Patio 2Compound
كمبوند الباتيو 1,27.691023,16.973969,80.20046,65.02466,24.886189,6.0874953,El Patio 1 Compound
كمبوند كازا فيردى,27.691023,16.973969,80.20046,65.02466,24.886189,6.0874953,Casa Verde Compound
كمبوند جولدن هايتس,27.691023,16.973969,80.20046,65.02466,24.886189,6.0874953,Golden Heights Compound
كمبوند فيلدج افينيو,27.691023,16.973969,80.20046,65.02466,24.886189,6.0874953,Village Avenue Compound
كمبوند جولدن هايتس 2,27.691023,16.973969,80.20046,65.02466,24.886189,6.0874953,Golden Heights 2 Compound
كمبوند لانوفا فيستا,27.691023,16.973969,80.20046,65.02466,24.886189,6.0874953,La Nouva Vista Compound
كمبوند ستيلا,27.691023,16.973969,80.20046,65.02466,24.886189,6.0874953,Stella Compound
كمبوند أكاسيا,27.691023,16.973969,80.20046,65.02466,24.886189,6.0874953,Acacia Compound
كمبوند فلاورز بارك,27.691023,16.973969,80.20046,65.02466,24.886189,6.0874953,Flowers Park Compound
كمبوند سيزون,27.691023,16.973969,80.20046,65.02466,24.886189,6.0874953,Seasons Compound
كمبوند ماونتين فيو 1,27.691023,16.973969,80.20046,65.02466,24.886189,6.0874953,Mountain View 1 Compound
كومبوند زهرة التجمع الخامس,27.691023,16.973969,80.20046,65.02466,24.886189,6.0874953,Zahret El Tagamao El Khames Compound
كمبوند ايديا فيردي,27.691023,16.973969,80.20046,65.02466,24.886189,6.0874953,Idea Verde Compound
كمبوند ذا واتر واى,27.691023,16.973969,80.20046,65.02466,24.886189,6.0874953,The Water Way Compound
كمبوند رامبلاس,27.691023,16.973969,80.20046,65.02466,24.886189,6.0874953,Ramblas Compound
كومبوند ريفر واك,27.691023,16.973969,80.20046,65.02466,24.886189,6.0874953,River Walk Compound
كمبوند الأشرفية,27.691023,16.973969,80.20046,65.02466,24.886189,6.0874953,Al Ashrafiya Compound
كمبوند البستان,27.691023,16.973969,80.20046,65.02466,24.886189,6.0874953,The Garden Compound
كمبوند مدينة الصحفيين,27.691023,16.973969,80.20046,65.02466,24.886189,6.0874953,Madinet El Sahafeyeen Compound
كمبوند صن سيت,27.691023,16.973969,80.20046,65.02466,24.886189,6.0874953,Sun Set Compound
كومبوند بجيسكو سيرينا هايتس,27.691023,16.973969,80.20046,65.02466,24.886189,6.0874953,Compound Pgesco Serena Height
كومبوند رويال لاجون,27.691023,16.973969,80.20046,65.02466,24.886189,6.0874953,Compound Royal Lagoon
حى جاردينا هايتس 1,27.691023,16.973969,80.20046,65.02466,24.886189,6.0874953,Gardenia Heights District 1
حى جاردينيا هايتس 2,27.691023,16.973969,80.20046,65.02466,24.886189,6.0874953,Gardenia Heights District 2
حى جاردينيا هايتس 3,27.691023,16.973969,80.20046,65.02466,24.886189,6.0874953,Gardenia Heights District 3
القطاع الرابع,27.691023,16.973969,80.20046,65.02466,24.886189,6.0874953,Fourth Sector
القطاع الثالث,27.691023,16.973969,80.20046,65.02466,24.886189,6.0874953,Third Sector
القطاع الثانى,27.691023,16.973969,80.20046,65.02466,24.886189,6.0874953,Second Sector
منطقة خدمات,27.691023,16.973969,80.20046,65.02466,24.886189,6.0874953,Services Area
التجمع الثالث,27.691023,16.973969,80.20046,65.02466,24.886189,6.0874953,Third Settlement
كمبوند اوركيديا ريزورت,27.691023,16.973969,80.20046,65.02466,24.886189,6.0874953,Orcedia Resort Compound
كمبوند بلاجيو,27.691023,16.973969,80.20046,65.02466,24.886189,6.0874953,Bellagio Compound
كمبوند حياة,27.691023,16.973969,80.20046,65.02466,24.886189,6.0874953,Hayat Compound
قريه الشوبك الشرقى,100.73496,22.805325,88.276215,76.092606,72.74783,5.4515224,Eastern Al Shobak Village
مدينة الابطال لضباط القوات المسلحه,36.44326,19.955238,79.361496,70.66722,31.624939,9.333277,Al Abtal City For Armed Forces Housing
قرية ستون بارك,36.44326,19.955238,79.361496,70.66722,31.624939,9.333277,Stone Park Village
وان قطامية,36.44326,19.955238,79.361496,70.66722,31.624939,9.333277,One Kattameya
بالم سيتي,36.44326,19.955238,79.361496,70.66722,31.624939,9.333277,Palm City
سما القاهرة,36.44326,19.955238,79.361496,70.66722,31.624939,9.333277,Sama El Qahera
البارون سيتي,36.44326,19.955238,79.361496,70.66722,31.624939,9.333277,Baron City
مدينة عباد الرحمن,36.44326,19.955238,79.361496,70.66722,31.624939,9.333277,Ebad El Rahman City
مدينة الفرسان,36.44326,19.955238,79.361496,70.66722,31.624939,9.333277,El Forsan City
معادي جاردنز,36.44326,19.955238,79.361496,70.66722,31.624939,9.333277,Maadi Gardens
أبتاون كايرو,36.44326,19.955238,79.361496,70.66722,31.624939,9.333277,Uptown Cairo
الدويقة,36.44326,19.955238,79.361496,70.66722,31.624939,9.333277,Al Dweika
منشاه ناصر,36.44326,19.955238,79.361496,70.66722,31.624939,9.333277,Monsha'at Nasir
مدينة تبارك,36.44326,19.955238,79.361496,70.66722,31.624939,9.333277,Tabarak City
بافاريا تاون,36.44326,19.955238,79.361496,70.66722,31.624939,9.333277,Bavaria Town
أبراج بدر,36.44326,19.955238,79.361496,70.66722,31.624939,9.333277,Badr Towers
كومبوند أشجار دارنا,36.44326,19.955238,79.361496,70.66722,31.624939,9.333277,Ashgar Darna Compound
الحي 5,36.44326,19.955238,79.361496,70.66722,31.624939,9.333277,District 5
الحي 4,36.44326,19.955238,79.361496,70.66722,31.624939,9.333277,District 4
الحي 8,36.44326,19.955238,79.361496,70.66722,31.624939,9.333277,District 8
الحى 2,36.44326,19.955238,79.361496,70.66722,31.624939,9.333277,District 2
الحى 1,36.44326,19.955238,79.361496,70.66722,31.624939,9.333277,District 1
الهضبة الوسطى المقطم,36.44326,19.955238,79.361496,70.66722,31.624939,9.333277,Al Hadaba Al Wosta El Mukkatam
كمبوند جولدن جيتس,36.44326,19.955238,79.361496,70.66722,31.624939,9.333277,Golden Gates Compound
كمبوند لا روز,27.691023,16.973969,80.20046,65.02466,24.886189,6.0874953,La Rose Compound
كمبوند جاردينيا سبرنجز,27.691023,16.973969,80.20046,65.02466,24.886189,6.0874953,Gardenia Springs Compound
كمبوند فيلات الريحان,27.691023,16.973969,80.20046,65.02466,24.886189,6.0874953,Rayhan Villas Compound
كمبوند ديار بارك,27.691023,16.973969,80.20046,65.02466,24.886189,6.0874953,Dyar Park Compound
كمبوند لاند مارك,27.691023,16.973969,80.20046,65.02466,24.886189,6.0874953,Landmark Compound
كمبوند ديار صبور,27.691023,16.973969,80.20046,65.02466,24.886189,6.0874953,Dyar Sabour Compound
كمبوند لينا سبرينجز,27.691023,16.973969,80.20046,65.02466,24.886189,6.0874953,Lena Springs Compound
كمبوند مون فالي 2,27.691023,16.973969,80.20046,65.02466,24.886189,6.0874953,Moon Valley 2 Compound
كمبوند وان بيس,27.691023,16.973969,80.20046,65.02466,24.886189,6.0874953,One Piece Compound
كمبوند قطامية بريز,27.691023,16.973969,80.20046,65.02466,24.886189,6.0874953,Katameya Breeze Compound
كمبوند الحياة,27.691023,16.973969,80.20046,65.02466,24.886189,6.0874953,El Haya Compound
كمبوند جولي هايتس,27.691023,16.973969,80.20046,65.02466,24.886189,6.0874953,Jolie Heights Compound
كمبوند زيزينيا روز,27.691023,16.973969,80.20046,65.02466,24.886189,6.0874953,Zizinia Rose Compound
كمبوند زيزينيا جاردنز,27.691023,16.973969,80.20046,65.02466,24.886189,6.0874953,Zizinia Gardens Compound
كمبوند الباتيو 3,27.691023,16.973969,80.20046,65.02466,24.886189,6.0874953,El Patio 3 Compound
كمبوند كونكورديا 2,27.691023,16.973969,80.20046,65.02466,24.886189,6.0874953,Concordia 2 Compound
كمبوند صن سيتي جاردنز,27.691023,16.973969,80.20046,65.02466,24.886189,6.0874953,Sun City Gardens Compound
كمبوند باراديس,27.691023,16.973969,80.20046,65.02466,24.886189,6.0874953,Paradise Compound
سنترال بارك فيلاز,27.691023,16.973969,80.20046,65.02466,24.886189,6.0874953,Central Park Villas
كمبوند فيلينو,27.691023,16.973969,80.20046,65.02466,24.886189,6.0874953,Villino Compound
كمبوند الطلائع,27.691023,16.973969,80.20046,65.02466,24.886189,6.0874953,El Talaaei Compound
كمبوند لاجو فيستا,27.691023,16.973969,80.20046,65.02466,24.886189,6.0874953,Lago Vesta Compound
كمبوند سيلفر بالم,27.691023,16.973969,80.20046,65.02466,24.886189,6.0874953,Silver Palm Compound
كمبوند حياتي رزيدنس,27.691023,16.973969,80.20046,65.02466,24.886189,6.0874953,Hayati Residence Compound
كمبوند بارك فيو,27.691023,16.973969,80.20046,65.02466,24.886189,6.0874953,Park View Compound
كمبوند ماس,27.691023,16.973969,80.20046,65.02466,24.886189,6.0874953,MASS Compound
باراديس الشروق,27.691023,16.973969,80.20046,65.02466,24.886189,6.0874953,Paradise Al Shorouk
عزبة الهجانة,36.44326,19.955238,79.361496,70.66722,31.624939,9.333277,Ezbet El Hagana
B1,27.691023,16.973969,80.20046,65.02466,24.886189,6.0874953,B1
الواحة,36.44326,19.955238,79.361496,70.66722,31.624939,9.333277,Al Waha
الحى 10,36.44326,19.955238,79.361496,70.66722,31.624939,9.333277,District 10
دار مصر القرنفل,27.691023,16.973969,80.20046,65.02466,24.886189,6.0874953,Dar Misr Al Koronfil
B2,27.691023,16.973969,80.20046,65.02466,24.886189,6.0874953,B2
الزهراء,36.44326,19.955238,79.361496,70.66722,31.624939,9.333277,Al Zahraa
كريستال بلازا,36.44326,19.955238,79.361496,70.66722,31.624939,9.333277,Crystal Plaza
معادى جراند سيتى,36.44326,19.955238,79.361496,70.66722,31.624939,9.333277,Maadi Grand City
بيتشو سيتى,36.44326,19.955238,79.361496,70.66722,31.624939,9.333277,Bitcho City
Group 71,27.691023,16.973969,80.20046,65.02466,24.886189,6.0874953,Group 71
B7,27.691023,16.973969,80.20046,65.02466,24.886189,6.0874953,B7
Group 74,27.691023,16.973969,80.20046,65.02466,24.886189,6.0874953,Group 74
البغاله,36.44326,19.955238,79.361496,70.66722,31.624939,9.333277,El Baghala
السيده,36.44326,19.955238,79.361496,70.66722,31.624939,9.333277,El Sayeda
خيرت,36.44326,19.955238,79.361496,70.66722,31.624939,9.333277,Khairat
السباعين,36.44326,19.955238,79.361496,70.66722,31.624939,9.333277,Al Saba'ain
كمبوند فاونتين بارك,27.691023,16.973969,80.20046,65.02466,24.886189,6.0874953,Fountain Park Compound
ماونتن فيو,27.691023,16.973969,80.20046,65.02466,24.886189,6.0874953,Mountain View
مدينة المستقبل,27.691023,16.973969,80.20046,65.02466,24.886189,6.0874953,Al Mustakbal City
مباني 11,27.691023,16.973969,80.20046,65.02466,24.886189,6.0874953,Buildings 11
B3,27.691023,16.973969,80.20046,65.02466,24.886189,6.0874953,B3
مباني 6,27.691023,16.973969,80.20046,65.02466,24.886189,6.0874953,Buildings 6
Madinaty Golf Heights,27.691023,16.973969,80.20046,65.02466,24.886189,6.0874953,Madinaty Golf Heights
VG15,27.691023,16.973969,80.20046,65.02466,24.886189,6.0874953,Villas Group 15
بلوك 9,27.691023,16.973969,80.20046,65.02466,24.886189,6.0874953,Block 9
عمارات مصر التعمير,36.44326,19.955238,79.361496,70.66722,31.624939,9.333277,Misr Altaemir Buildings
منطقة الروبيكى,24.703178,15.82079,74.21322,62.85449,22.400135,5.074077,Al Roubiky Area
كمبوند النرجس,27.691023,16.973969,80.20046,65.02466,24.886189,6.0874953,El Narges Compound
كمبوند الياسمين,27.691023,16.973969,80.20046,65.02466,24.886189,6.0874953,Al Yasmeen Compound
مركز قيادة الدولة الإستراتيجي (مصر),27.691023,16.973969,80.20046,65.02466,24.886189,6.0874953,The Octagon
كمبوند فيلت سوديك,27.691023,16.973969,80.20046,65.02466,24.886189,6.0874953,Villette Sodic Compound
قطاع أ4 مكرر,23.827276,14.546006,71.896866,60.462803,21.673515,4.0498896,Sector A4`
كمبوند فيلج جيت بالم هيلز,27.691023,16.973969,80.20046,65.02466,24.886189,6.0874953,Village Gate Palm Hills Compound
كمبوند افاريس,27.691023,16.973969,80.20046,65.02466,24.886189,6.0874953,Avaris Compound
كمبوند عربية,27.691023,16.973969,80.20046,65.02466,24.886189,6.0874953,Arabia Compound
كمبوند جاردن فيو,27.691023,16.973969,80.20046,65.02466,24.886189,6.0874953,Garden View Compound
كمبوند جراند ريزيدنس,27.691023,16.973969,80.20046,65.02466,24.886189,6.0874953,Grand Residence Compound
كمبوند صن رايز,27.691023,16.973969,80.20046,65.02466,24.886189,6.0874953,Sunrise Compound
كمبوند الأصيل,27.691023,16.973969,80.20046,65.02466,24.886189,6.0874953,Al Aseel Compound
كمبوند ريفيرا هيلز,27.691023,16.973969,80.20046,65.02466,24.886189,6.0874953,Riviera Hills Compound
كمبوند أصالة سيتي,27.691023,16.973969,80.20046,65.02466,24.886189,6.0874953,Asala City Compound
كمبوند ميدتاون,27.691023,16.973969,80.20046,65.02466,24.886189,6.0874953,Midtown Compound
كمبوند مارفيل سيتي,27.691023,16.973969,80.20046,65.02466,24.886189,6.0874953,Marvel City Compound
كمبوند لاتيرا,27.691023,16.973969,80.20046,65.02466,24.886189,6.0874953,La Terra Compound
كمبوند مينا,27.691023,16.973969,80.20046,65.02466,24.886189,6.0874953,Mena Compound
كمبوند جراند قيصر,27.691023,16.973969,80.20046,65.02466,24.886189,6.0874953,Grand Caesar Compound
كمبوند الجزيرة جرين بارك,27.691023,16.973969,80.20046,65.02466,24.886189,6.0874953,Al Guezira Green Park Compound
كمبوند فاونتين بلو,27.691023,16.973969,80.20046,65.02466,24.886189,6.0874953,Fountain Blue compound
كمبوند ريتاج,27.691023,16.973969,80.20046,65.02466,24.886189,6.0874953,Ritaje Compound
كمبوند الزهوة,27.691023,16.973969,80.20046,65.02466,24.886189,6.0874953,El Zahwa Compound
كمبوند فلور دي فيل,27.691023,16.973969,80.20046,65.02466,24.886189,6.0874953,Fleur De Ville Compound
كمبوند قطامية بالمز,27.691023,16.973969,80.20046,65.02466,24.886189,6.0874953,Katameya Palms Compound
كمبوند نيو ميريلاند,27.691023,16.973969,80.20046,65.02466,24.886189,6.0874953,New Merryland Compound
بالم هيلز,27.691023,16.973969,80.20046,65.02466,24.886189,6.0874953,Palm Hills
كمبوند ناينتي أفينيو,27.691023,16.973969,80.20046,65.02466,24.886189,6.0874953,Ninety Avenue Compound
كمبوند لايف,27.691023,16.973969,80.20046,65.02466,24.886189,6.0874953,Life Compound
كمبوند لايف فيو,27.691023,16.973969,80.20046,65.02466,24.886189,6.0874953,Life View Compound
كمبوند ايزي لايف,27.691023,16.973969,80.20046,65.02466,24.886189,6.0874953,Easy Life Compound
كمبوند سمارت لايف,27.691023,16.973969,80.20046,65.02466,24.886189,6.0874953,Smart Life Compound
كمبوند ذا ڤيلا,27.691023,16.973969,80.20046,65.02466,24.886189,6.0874953,The Villa Compound
كمبوند جنتي,27.691023,16.973969,80.20046,65.02466,24.886189,6.0874953,Ganaty Compound
كمبوند لافي,27.691023,16.973969,80.20046,65.02466,24.886189,6.0874953,La Vie Compound
النرجس عمارات 1,27.691023,16.973969,80.20046,65.02466,24.886189,6.0874953,El Narges Buildings 1
كمبوند حياه ريزيدنس,27.691023,16.973969,80.20046,65.02466,24.886189,6.0874953,Hayah Residence Compound
كمبوند المرام لاند مارك,27.691023,16.973969,80.20046,65.02466,24.886189,6.0874953,El Maram Landmark Compound
كمبوند إيتوال دي فيليز,27.691023,16.973969,80.20046,65.02466,24.886189,6.0874953,Etoile Des Villes Compound
كمبوند قطامية بلازا,27.691023,16.973969,80.20046,65.02466,24.886189,6.0874953,Katameya Plaza Compound
كمبوند ليلة,27.691023,16.973969,80.20046,65.02466,24.886189,6.0874953,Leila Compound
PALMA COMPOUND,27.691023,16.973969,80.20046,65.02466,24.886189,6.0874953,PALMA Compound
كمبوند النخيل,27.691023,16.973969,80.20046,65.02466,24.886189,6.0874953,Al Nakhil Compound
دار مصر الأندلس - المرحلة الأولى - 29 عمارة,27.691023,16.973969,80.20046,65.02466,24.886189,6.0874953,Dar Masr Al Andalus - Phase 1 - 29 Building
دار مصر الأندلس - المرحلة الأولى - 70 عمارة,27.691023,16.973969,80.20046,65.02466,24.886189,6.0874953,Dar Masr Al Andalus - Phase 1 - 70 Building
كمبوند فتون أفينيو,27.691023,16.973969,80.20046,65.02466,24.886189,6.0874953,Foton Avenue Compound
المرحلة 2,27.691023,16.973969,80.20046,65.02466,24.886189,6.0874953,Phase 2
المرحلة 1,27.691023,16.973969,80.20046,65.02466,24.886189,6.0874953,Phase 1
كمبوند الجازي بارك آفي,27.691023,16.973969,80.20046,65.02466,24.886189,6.0874953,Al Jazi Park Ave Compound
كمبوند الجوهرة,27.691023,16.973969,80.20046,65.02466,24.886189,6.0874953,Al Jawahra Compound
كمبوند لا كوينتا,27.691023,16.973969,80.20046,65.02466,24.886189,6.0874953,La Quinta Compound
كمبوند حدائق الفداء,27.691023,16.973969,80.20046,65.02466,24.886189,6.0874953,El Feda Gardens Compound
كمبوند روك فيرا,27.691023,16.973969,80.20046,65.02466,24.886189,6.0874953,Rock Vera Compound
كمبوند فيلار,27.691023,16.973969,80.20046,65.02466,24.886189,6.0874953,Villar Compound
كمبوند المستشارين,27.691023,16.973969,80.20046,65.02466,24.886189,6.0874953,Al Mustasharin Compound
الأندلس 1,27.691023,16.973969,80.20046,65.02466,24.886189,6.0874953,Al Andalus 1
الأندلس عائلي,27.691023,16.973969,80.20046,65.02466,24.886189,6.0874953,Al Andalus Family Housing
كمبوند فاميلي سيتي,27.691023,16.973969,80.20046,65.02466,24.886189,6.0874953,Family City Compound
كمبوند ميراج سيتي,27.691023,16.973969,80.20046,65.02466,24.886189,6.0874953,Mirage City Compound
كمبوند الجازى جاردن,27.691023,16.973969,80.20046,65.02466,24.886189,6.0874953,Al Jazi Garden Compound
كمبوند ريماس,27.691023,16.973969,80.20046,65.02466,24.886189,6.0874953,Remas Compound
"المجاورة 14, 15",27.691023,16.973969,80.20046,65.02466,24.886189,6.0874953,"Neighborhood 14, 15"
المجاورة 16,27.691023,16.973969,80.20046,65.02466,24.886189,6.0874953,Neighborhood 16
المجاورة 17,27.691023,16.973969,80.20046,65.02466,24.886189,6.0874953,Neighborhood 17
كمبوند فيفث سكوير,27.691023,16.973969,80.20046,65.02466,24.886189,6.0874953,Fifth Square Compound
كمبوند فيلج جاردنز قطامية,27.691023,16.973969,80.20046,65.02466,24.886189,6.0874953,Village Gardens Katameya Compound
كمبوند لايك فيو ريزيدانس,27.691023,16.973969,80.20046,65.02466,24.886189,6.0874953,Lake View Residence Compound
"المجاورة 12, 13",27.691023,16.973969,80.20046,65.02466,24.886189,6.0874953,"Neighborhood 12, 13"
امتداد كمبوند بالم هيلز قطامية مرحلة2,27.691023,16.973969,80.20046,65.02466,24.886189,6.0874953,Extension Palm Hills Katameya Compound Phase 2
امتداد كمبوند بالم هيلز قطامية مرحلة 1,27.691023,16.973969,80.20046,65.02466,24.886189,6.0874953,Extension Palm Hills Katameya Compound Phase 1
كمبوند جاليريا مون فالي,27.691023,16.973969,80.20046,65.02466,24.886189,6.0874953,Galleria Moon Valley Compound
كمبوند أسوار ريزيدنس,27.691023,16.973969,80.20046,65.02466,24.886189,6.0874953,Aswar Residences Compound
الحى الخامس,27.691023,16.973969,80.20046,65.02466,24.886189,6.0874953,Fifth District
الحى الثالث,27.691023,16.973969,80.20046,65.02466,24.886189,6.0874953,Third District
كمبوند ليان صبور,27.691023,16.973969,80.20046,65.02466,24.886189,6.0874953,Layan Sabour Compound
كمبوند ايجلز ريذيدانس,27.691023,16.973969,80.20046,65.02466,24.886189,6.0874953,Eagles Residence Compound
الحي الرابع,27.691023,16.973969,80.20046,65.02466,24.886189,6.0874953,Fourth District
الحي الثاني,27.691023,16.973969,80.20046,65.02466,24.886189,6.0874953,Second District
امتداد تمر حنة,27.691023,16.973969,80.20046,65.02466,24.886189,6.0874953,Tamr Henna extension
الحي الأول,27.691023,16.973969,80.20046,65.02466,24.886189,6.0874953,First District
كمبوند بالم هيلز قطامية,27.691023,16.973969,80.20046,65.02466,24.886189,6.0874953,Palm Hills Katameya Compound
الحي الثامن,27.691023,16.973969,80.20046,65.02466,24.886189,6.0874953,Eighth District
الحى السادس,27.691023,16.973969,80.20046,65.02466,24.886189,6.0874953,Sixth District
منطقة جنوب السويس,27.691023,16.973969,80.20046,65.02466,24.886189,6.0874953,South Suez Area
VG14,27.691023,16.973969,80.20046,65.02466,24.886189,6.0874953,Villas Group 14
VG17,27.691023,16.973969,80.20046,65.02466,24.886189,6.0874953,Villas Group 17
VG16,27.691023,16.973969,80.20046,65.02466,24.886189,6.0874953,Villas Group 16
فيلات الجولف,27.691023,16.973969,80.20046,65.02466,24.886189,6.0874953,Golf Villas
كمبوند قطامية رزيدنس,27.691023,16.973969,80.20046,65.02466,24.886189,6.0874953,Katameya Residence Compound
الحى السابع,27.691023,16.973969,80.20046,65.02466,24.886189,6.0874953,Seventh District
الدبلوماسيين,27.691023,16.973969,80.20046,65.02466,24.886189,6.0874953,Al Diplomaseen
كمبوند رويال مكسيم,27.691023,16.973969,80.20046,65.02466,24.886189,6.0874953,Royal Maxim Compound
كمبوند ازاد,27.691023,16.973969,80.20046,65.02466,24.886189,6.0874953,Azad Compound
VG21,27.691023,16.973969,80.20046,65.02466,24.886189,6.0874953,Villas Group 21
فيلات 20,27.691023,16.973969,80.20046,65.02466,24.886189,6.0874953,Villas 20
كمبوند لافنير,27.691023,16.973969,80.20046,65.02466,24.886189,6.0874953,L'avenir Compound
B10,27.691023,16.973969,80.20046,65.02466,24.886189,6.0874953,Buildings 10
The Spine - Madinaty,27.691023,16.973969,80.20046,65.02466,24.886189,6.0874953,The Spine - Madinaty
B14,27.691023,16.973969,80.20046,65.02466,24.886189,6.0874953,B14
B15,27.691023,16.973969,80.20046,65.02466,24.886189,6.0874953,B15
Privado Compound,27.691023,16.973969,80.20046,65.02466,24.886189,6.0874953,Privado Compound
B8,27.691023,16.973969,80.20046,65.02466,24.886189,6.0874953,B8
كمبوند زيزينيا المستقبل,27.691023,16.973969,80.20046,65.02466,24.886189,6.0874953,Zizinia El Mostakbal Compound
كمبوند درة الكرز,27.691023,16.973969,80.20046,65.02466,24.886189,6.0874953,Dorat Al Karaz Compound
كمبوند ايفورا ريذيدانس,27.691023,16.973969,80.20046,65.02466,24.886189,6.0874953,Evora Residence Compound
منطقة ج,27.691023,16.973969,80.20046,65.02466,24.886189,6.0874953,Area C
منطقة د,27.691023,16.973969,80.20046,65.02466,24.886189,6.0874953,Area D
منطقة ب,27.691023,16.973969,80.20046,65.02466,24.886189,6.0874953,Area B
منطقة هـ,27.691023,16.973969,80.20046,65.02466,24.886189,6.0874953,Area E
منطقة ز,27.691023,16.973969,80.20046,65.02466,24.886189,6.0874953,Area G
منطقة ط,27.691023,16.973969,80.20046,65.02466,24.886189,6.0874953,Area I
منطقة ح,27.691023,16.973969,80.20046,65.02466,24.886189,6.0874953,Area H
منطقة و,27.691023,16.973969,80.20046,65.02466,24.886189,6.0874953,Area F
منطقة م,27.691023,16.973969,80.20046,65.02466,24.886189,6.0874953,Area M
منطقة ل,27.691023,16.973969,80.20046,65.02466,24.886189,6.0874953,Area L
منطقة ك,27.691023,16.973969,80.20046,65.02466,24.886189,6.0874953,Area K
منطقة ي,27.691023,16.973969,80.20046,65.02466,24.886189,6.0874953,Area J
منطقة ن,27.691023,16.973969,80.20046,65.02466,24.886189,6.0874953,Area N
منطقة س,27.691023,16.973969,80.20046,65.02466,24.886189,6.0874953,Area O
إمتداد غرب الجولف 4,36.44326,19.955238,79.361496,70.66722,31.624939,9.333277,West Al Golf Extension 4
إمتداد غرب الجولف 1,36.44326,19.955238,79.361496,70.66722,31.624939,9.333277,West Al Golf Extension 1
كمبوند نيو جاردنز,27.691023,16.973969,80.20046,65.02466,24.886189,6.0874953,Neo Gardens Compound
منطقة 6ط,27.691023,16.973969,80.20046,65.02466,24.886189,6.0874953,Zone I6
منطقة 52,27.691023,16.973969,80.20046,65.02466,24.886189,6.0874953,Area 52
منطقة 35,27.691023,16.973969,80.20046,65.02466,24.886189,6.0874953,Area 35
لايت سيتى,27.691023,16.973969,80.20046,65.02466,24.886189,6.0874953,Light City
واحه الاندلس,27.691023,16.973969,80.20046,65.02466,24.886189,6.0874953,Andalus Oasis
كمبوند كايرو بيزنس بارك,27.691023,16.973969,80.20046,65.02466,24.886189,6.0874953,Cairo Business Park Compound
كمبوند سيفورة هايتس,27.691023,16.973969,80.20046,65.02466,24.886189,6.0874953,Sephora Heights Compound
كمبوند نيست كايرو,27.691023,16.973969,80.20046,65.02466,24.886189,6.0874953,Nest Cairo Compound
كمبوند الباتيو 7,27.691023,16.973969,80.20046,65.02466,24.886189,6.0874953,El Patio 7 Compound
كمبوند ريجنتس بارك,27.691023,16.973969,80.20046,65.02466,24.886189,6.0874953,Regent's Park Compound
كمبوند لاميرادا,27.691023,16.973969,80.20046,65.02466,24.886189,6.0874953,La Mirada Compound
كمبوند نيو لايكز,27.691023,16.973969,80.20046,65.02466,24.886189,6.0874953,Neo Lakes Compound
لؤلؤة القاهرة الجديدة,27.691023,16.973969,80.20046,65.02466,24.886189,6.0874953,Promenade New Cairo Compound
منطقة ت,27.691023,16.973969,80.20046,65.02466,24.886189,6.0874953,Area V
منطقة ش,27.691023,16.973969,80.20046,65.02466,24.886189,6.0874953,Area U
منطقة ر,27.691023,16.973969,80.20046,65.02466,24.886189,6.0874953,Area T
منطقة ف,27.691023,16.973969,80.20046,65.02466,24.886189,6.0874953,Area Q
منطقة ص,27.691023,16.973969,80.20046,65.02466,24.886189,6.0874953,Area R
منطقة ع,27.691023,16.973969,80.20046,65.02466,24.886189,6.0874953,Area P
منطقة ق,27.691023,16.973969,80.20046,65.02466,24.886189,6.0874953,Area S
كمبوند نيو باركز,27.691023,16.973969,80.20046,65.02466,24.886189,6.0874953,Neo Parks Compound
كمبوند جرين سكوير,27.691023,16.973969,80.20046,65.02466,24.886189,6.0874953,Green Square Compound
كمبوند اريا,27.691023,16.973969,80.20046,65.02466,24.886189,6.0874953,Aria Compound
مساكن النصر,27.691023,16.973969,80.20046,65.02466,24.886189,6.0874953,Al Nasr Housing
مساكن النيل,36.44326,19.955238,79.361496,70.66722,31.624939,9.333277,Nile Housing
اسكان النقابات,36.44326,19.955238,79.361496,70.66722,31.624939,9.333277,Syndicates Housing
مساكن الجيزة زلزال,27.691023,16.973969,80.20046,65.02466,24.886189,6.0874953,Giza Zelzal Housing
مساكن الشركة العربية,27.691023,16.973969,80.20046,65.02466,24.886189,6.0874953,Arabic Company Housing
مساكن سابقة التجهيز,27.691023,16.973969,80.20046,65.02466,24.886189,6.0874953,Finished Housing
مساكن الصعيد,27.691023,16.973969,80.20046,65.02466,24.886189,6.0874953,Al Seid Housing
مساكن المحمودية,36.44326,19.955238,79.361496,70.66722,31.624939,9.333277,Al Mahmoudeya Housing
إسكان المستقبل 4,27.691023,16.973969,80.20046,65.02466,24.886189,6.0874953,Future Housing 4
كمبوند ذا سكوير,27.691023,16.973969,80.20046,65.02466,24.886189,6.0874953,The Square Compound
كمبوند سيتي جيت,27.691023,16.973969,80.20046,65.02466,24.886189,6.0874953,City Gate Compound
كمبوند سيتي أوف أوديسيا,27.691023,16.973969,80.20046,65.02466,24.886189,6.0874953,City of Odyssia Compound
كمبوند بيتا جرينز,27.691023,16.973969,80.20046,65.02466,24.886189,6.0874953,Beta Greens Compound
كمبوند كانيون,27.691023,16.973969,80.20046,65.02466,24.886189,6.0874953,Canyon Compound
كمبوند بلوم فيلدز,27.691023,16.973969,80.20046,65.02466,24.886189,6.0874953,Bloomfields Compound
كمبوند هاب تون,27.691023,16.973969,80.20046,65.02466,24.886189,6.0874953,Haptown Compound
مجموعة 126,27.691023,16.973969,80.20046,65.02466,24.886189,6.0874953,Group 126
كمبوند جايد,27.691023,16.973969,80.20046,65.02466,24.886189,6.0874953,Jayd Compound
كمبوند ماونتن فيو هايد بارك,27.691023,16.973969,80.20046,65.02466,24.886189,6.0874953,Mountain View Hyde Park Compound
مجموعة 89,27.691023,16.973969,80.20046,65.02466,24.886189,6.0874953,Group 89
مجموعة 108,27.691023,16.973969,80.20046,65.02466,24.886189,6.0874953,Group 108
مجموعة 88,27.691023,16.973969,80.20046,65.02466,24.886189,6.0874953,Group 88
مجموعة 97,27.691023,16.973969,80.20046,65.02466,24.886189,6.0874953,Group 97
مجموعة 100,27.691023,16.973969,80.20046,65.02466,24.886189,6.0874953,Group 100
مجموعة 106,27.691023,16.973969,80.20046,65.02466,24.886189,6.0874953,Group 106
مجموعة 101,27.691023,16.973969,80.20046,65.02466,24.886189,6.0874953,Group 101
مجموعة 90,27.691023,16.973969,80.20046,65.02466,24.886189,6.0874953,Group 90
مجموعة 99,27.691023,16.973969,80.20046,65.02466,24.886189,6.0874953,Group 99
مجموعة 109,27.691023,16.973969,80.20046,65.02466,24.886189,6.0874953,Group 109
مجموعة 105,27.691023,16.973969,80.20046,65.02466,24.886189,6.0874953,Group 105
مجموعة 95,27.691023,16.973969,80.20046,65.02466,24.886189,6.0874953,Group 95
مجموعة 94,27.691023,16.973969,80.20046,65.02466,24.886189,6.0874953,Group 94
مجموعة 91,27.691023,16.973969,80.20046,65.02466,24.886189,6.0874953,Group 91
مجموعة 93,27.691023,16.973969,80.20046,65.02466,24.886189,6.0874953,Group 93
مجموعة 96,27.691023,16.973969,80.20046,65.02466,24.886189,6.0874953,Group 96
مجموعة 92,27.691023,16.973969,80.20046,65.02466,24.886189,6.0874953,Group 92
مجموعة 98,27.691023,16.973969,80.20046,65.02466,24.886189,6.0874953,Group 98
مجموعة 87,27.691023,16.973969,80.20046,65.02466,24.886189,6.0874953,Group 87
مجموعة 104,27.691023,16.973969,80.20046,65.02466,24.886189,6.0874953,Group 104
مجموعة 102,27.691023,16.973969,80.20046,65.02466,24.886189,6.0874953,Group 102
مجموعة 110,27.691023,16.973969,80.20046,65.02466,24.886189,6.0874953,Group 110
مجموعة 103,27.691023,16.973969,80.20046,65.02466,24.886189,6.0874953,Group 103
مجموعة 107,27.691023,16.973969,80.20046,65.02466,24.886189,6.0874953,Group 107
مجموعة 75,27.691023,16.973969,80.20046,65.02466,24.886189,6.0874953,Group 75
مجموعة 81,27.691023,16.973969,80.20046,65.02466,24.886189,6.0874953,Group 81
مجموعة 86,27.691023,16.973969,80.20046,65.02466,24.886189,6.0874953,Group 86
مجموعة 79,27.691023,16.973969,80.20046,65.02466,24.886189,6.0874953,Group 79
مجموعة 68,27.691023,16.973969,80.20046,65.02466,24.886189,6.0874953,Group 68
مجموعة 66,27.691023,16.973969,80.20046,65.02466,24.886189,6.0874953,Group 66
مجموعة 80,27.691023,16.973969,80.20046,65.02466,24.886189,6.0874953,Group 80
مجموعة 83,27.691023,16.973969,80.20046,65.02466,24.886189,6.0874953,Group 83
مجموعة 70,27.691023,16.973969,80.20046,65.02466,24.886189,6.0874953,Group 70
مجموعة 71,27.691023,16.973969,80.20046,65.02466,24.886189,6.0874953,Group 71
مجموعة 85,27.691023,16.973969,80.20046,65.02466,24.886189,6.0874953,Group 85
مجموعة 67,27.691023,16.973969,80.20046,65.02466,24.886189,6.0874953,Group 67
مجموعة 76,27.691023,16.973969,80.20046,65.02466,24.886189,6.0874953,Group 76
مجموعة 84,27.691023,16.973969,80.20046,65.02466,24.886189,6.0874953,Group 84
مجموعة 69,27.691023,16.973969,80.20046,65.02466,24.886189,6.0874953,Group 69
مجموعة 78,27.691023,16.973969,80.20046,65.02466,24.886189,6.0874953,Group 78
مجموعة 74,27.691023,16.973969,80.20046,65.02466,24.886189,6.0874953,Group 74
مجموعة 73,27.691023,16.973969,80.20046,65.02466,24.886189,6.0874953,Group 73
مجموعة 72,27.691023,16.973969,80.20046,65.02466,24.886189,6.0874953,Group 72
مجموعة 82,27.691023,16.973969,80.20046,65.02466,24.886189,6.0874953,Group 82
مجموعة 77,27.691023,16.973969,80.20046,65.02466,24.886189,6.0874953,Group 77
مجموعة 136,27.691023,16.973969,80.20046,65.02466,24.886189,6.0874953,Group 136
مجموعة 132,27.691023,16.973969,80.20046,65.02466,24.886189,6.0874953,Group 132
مجموعة 133,27.691023,16.973969,80.20046,65.02466,24.886189,6.0874953,Group 133
مجموعة فيلات 38,27.691023,16.973969,80.20046,65.02466,24.886189,6.0874953,Group V 38
مجموعة فيلات 37,27.691023,16.973969,80.20046,65.02466,24.886189,6.0874953,Group V 37
مجموعة فيلات 35,27.691023,16.973969,80.20046,65.02466,24.886189,6.0874953,Group V 35
مجموعة فيلات 36,27.691023,16.973969,80.20046,65.02466,24.886189,6.0874953,Group V 36
مجموعة فيلات 32,27.691023,16.973969,80.20046,65.02466,24.886189,6.0874953,Group V 32
مجموعة فيلات 31,27.691023,16.973969,80.20046,65.02466,24.886189,6.0874953,Group V 31
مجموعة 61,27.691023,16.973969,80.20046,65.02466,24.886189,6.0874953,Group 61
مجموعة 53,27.691023,16.973969,80.20046,65.02466,24.886189,6.0874953,Group 53
مجموعة فيلات 13,27.691023,16.973969,80.20046,65.02466,24.886189,6.0874953,Group V 13
مجموعة 50,27.691023,16.973969,80.20046,65.02466,24.886189,6.0874953,Group 50
مجموعة 42,27.691023,16.973969,80.20046,65.02466,24.886189,6.0874953,Group 42
مجموعة 64,27.691023,16.973969,80.20046,65.02466,24.886189,6.0874953,Group 64
مجموعة 56,27.691023,16.973969,80.20046,65.02466,24.886189,6.0874953,Group 56
مجموعة 63,27.691023,16.973969,80.20046,65.02466,24.886189,6.0874953,Group 63
مجموعة 62,27.691023,16.973969,80.20046,65.02466,24.886189,6.0874953,Group 62
مجموعة 45,27.691023,16.973969,80.20046,65.02466,24.886189,6.0874953,Group 45
مجموعة 52,27.691023,16.973969,80.20046,65.02466,24.886189,6.0874953,Group 52
مجموعة 51,27.691023,16.973969,80.20046,65.02466,24.886189,6.0874953,Group 51
مجموعة 65,27.691023,16.973969,80.20046,65.02466,24.886189,6.0874953,Group 65
مجموعة فيلات 14,27.691023,16.973969,80.20046,65.02466,24.886189,6.0874953,Group V 14
مجموعة 54,27.691023,16.973969,80.20046,65.02466,24.886189,6.0874953,Group 54
مجموعة فيلات 17,27.691023,16.973969,80.20046,65.02466,24.886189,6.0874953,Group V 17
مجموعة 46,27.691023,16.973969,80.20046,65.02466,24.886189,6.0874953,Group 46
مجموعة 60,27.691023,16.973969,80.20046,65.02466,24.886189,6.0874953,Group 60
مجموعة 43,27.691023,16.973969,80.20046,65.02466,24.886189,6.0874953,Group 43
مجموعة 44,27.691023,16.973969,80.20046,65.02466,24.886189,6.0874953,Group 44
مجموعة 58,27.691023,16.973969,80.20046,65.02466,24.886189,6.0874953,Group 58
مجموعة فيلات 15,27.691023,16.973969,80.20046,65.02466,24.886189,6.0874953,Group V 15
مجموعة 47,27.691023,16.973969,80.20046,65.02466,24.886189,6.0874953,Group 47
مجموعة 59,27.691023,16.973969,80.20046,65.02466,24.886189,6.0874953,Group 59
مجموعة فيلات 16,27.691023,16.973969,80.20046,65.02466,24.886189,6.0874953,Group V 16
مجموعة 57,27.691023,16.973969,80.20046,65.02466,24.886189,6.0874953,Group 57
مجموعة 49,27.691023,16.973969,80.20046,65.02466,24.886189,6.0874953,Group 49
مجموعة 48,27.691023,16.973969,80.20046,65.02466,24.886189,6.0874953,Group 48
مجموعة 55,27.691023,16.973969,80.20046,65.02466,24.886189,6.0874953,Group 55
مجموعة 113,27.691023,16.973969,80.20046,65.02466,24.886189,6.0874953,Group 113
مجموعة 118,27.691023,16.973969,80.20046,65.02466,24.886189,6.0874953,Group 118
مجموعة 115,27.691023,16.973969,80.20046,65.02466,24.886189,6.0874953,Group 115
مجموعة 114,27.691023,16.973969,80.20046,65.02466,24.886189,6.0874953,Group 114
مجموعة 116,27.691023,16.973969,80.20046,65.02466,24.886189,6.0874953,Group 116
مجموعة 117,27.691023,16.973969,80.20046,65.02466,24.886189,6.0874953,Group 117
مجموعة 129,27.691023,16.973969,80.20046,65.02466,24.886189,6.0874953,Group 129
مجموعة 127,27.691023,16.973969,80.20046,65.02466,24.886189,6.0874953,Group 127
مجموعة 128,27.691023,16.973969,80.20046,65.02466,24.886189,6.0874953,Group 128
مجموعة 131,27.691023,16.973969,80.20046,65.02466,24.886189,6.0874953,Group 131
مجموعة 125,27.691023,16.973969,80.20046,65.02466,24.886189,6.0874953,Group 125
مجموعة 130,27.691023,16.973969,80.20046,65.02466,24.886189,6.0874953,Group 130
مجموعة فيلات 29,27.691023,16.973969,80.20046,65.02466,24.886189,6.0874953,Group V 29
مجموعة فيلات 30,27.691023,16.973969,80.20046,65.02466,24.886189,6.0874953,Group V 30
مجموعة فيلات 28,27.691023,16.973969,80.20046,65.02466,24.886189,6.0874953,Group V 28
مجموعة 124,27.691023,16.973969,80.20046,65.02466,24.886189,6.0874953,Group 124
مجموعة فيلات 25,27.691023,16.973969,80.20046,65.02466,24.886189,6.0874953,Group V 25
مجموعة 120,27.691023,16.973969,80.20046,65.02466,24.886189,6.0874953,Group 120
مجموعة فيلات 26,27.691023,16.973969,80.20046,65.02466,24.886189,6.0874953,Group V 26
مجموعة 119,27.691023,16.973969,80.20046,65.02466,24.886189,6.0874953,Group 119
مجموعة 122,27.691023,16.973969,80.20046,65.02466,24.886189,6.0874953,Group 122
مجموعة فيلات 27,27.691023,16.973969,80.20046,65.02466,24.886189,6.0874953,Group V 27
مجموعة 121,27.691023,16.973969,80.20046,65.02466,24.886189,6.0874953,Group 121
مجموعة فيلات 7,27.691023,16.973969,80.20046,65.02466,24.886189,6.0874953,Group V 7
مجموعة فيلات 6,27.691023,16.973969,80.20046,65.02466,24.886189,6.0874953,Group V 6
مجموعة فيلات 1,27.691023,16.973969,80.20046,65.02466,24.886189,6.0874953,Group V 1
مجموعة فيلات 2,27.691023,16.973969,80.20046,65.02466,24.886189,6.0874953,Group V 2
مجموعة فيلات 4,27.691023,16.973969,80.20046,65.02466,24.886189,6.0874953,Group V 4
مجموعة فيلات 3,27.691023,16.973969,80.20046,65.02466,24.886189,6.0874953,Group V 3
مجموعة فيلات 5,27.691023,16.973969,80.20046,65.02466,24.886189,6.0874953,Group V 5
مجموعة 18,27.691023,16.973969,80.20046,65.02466,24.886189,6.0874953,Group 18
مجموعة 17,27.691023,16.973969,80.20046,65.02466,24.886189,6.0874953,Group 17
مجموعة 16,27.691023,16.973969,80.20046,65.02466,24.886189,6.0874953,Group 16
مجموعة 15,27.691023,16.973969,80.20046,65.02466,24.886189,6.0874953,Group 15
مجموعة 14,27.691023,16.973969,80.20046,65.02466,24.886189,6.0874953,Group 14
مجموعة 13,27.691023,16.973969,80.20046,65.02466,24.886189,6.0874953,Group 13
مجموعة 12,27.691023,16.973969,80.20046,65.02466,24.886189,6.0874953,Group 12
مجموعة 11,27.691023,16.973969,80.20046,65.02466,24.886189,6.0874953,Group 11
مجموعة 10,27.691023,16.973969,80.20046,65.02466,24.886189,6.0874953,Group 10
مجموعة 9,27.691023,16.973969,80.20046,65.02466,24.886189,6.0874953,Group 9
مجموعة 8,27.691023,16.973969,80.20046,65.02466,24.886189,6.0874953,Group 8
مجموعة 7,27.691023,16.973969,80.20046,65.02466,24.886189,6.0874953,Group 7
مجموعة 6,27.691023,16.973969,80.20046,65.02466,24.886189,6.0874953,Group 6
مجموعة 5,27.691023,16.973969,80.20046,65.02466,24.886189,6.0874953,Group 5
مجموعة 4,27.691023,16.973969,80.20046,65.02466,24.886189,6.0874953,Group 4
مجموعة 3,27.691023,16.973969,80.20046,65.02466,24.886189,6.0874953,Group 3
مجموعة 2,27.691023,16.973969,80.20046,65.02466,24.886189,6.0874953,Group 2
مجموعة 1,27.691023,16.973969,80.20046,65.02466,24.886189,6.0874953,Group 1
المشتل,27.691023,16.973969,80.20046,65.02466,24.886189,6.0874953,Al Mashtal
مجموعة 41,27.691023,16.973969,80.20046,65.02466,24.886189,6.0874953,Group 41
مجموعة 40,27.691023,16.973969,80.20046,65.02466,24.886189,6.0874953,Group 40
مجموعة 39,27.691023,16.973969,80.20046,65.02466,24.886189,6.0874953,Group 39
مجموعة 38,27.691023,16.973969,80.20046,65.02466,24.886189,6.0874953,Group 38
مجموعة 37,27.691023,16.973969,80.20046,65.02466,24.886189,6.0874953,Group 37
مجموعة 36,27.691023,16.973969,80.20046,65.02466,24.886189,6.0874953,Group 36
مجموعة 35,27.691023,16.973969,80.20046,65.02466,24.886189,6.0874953,Group 35
مجموعة 34,27.691023,16.973969,80.20046,65.02466,24.886189,6.0874953,Group 34
مجموعة 33,27.691023,16.973969,80.20046,65.02466,24.886189,6.0874953,Group 33
مجموعة 32,27.691023,16.973969,80.20046,65.02466,24.886189,6.0874953,Group 32
مجموعة 30,27.691023,16.973969,80.20046,65.02466,24.886189,6.0874953,Group 30
مجموعة 31,27.691023,16.973969,80.20046,65.02466,24.886189,6.0874953,Group 31
مجموعة 29,27.691023,16.973969,80.20046,65.02466,24.886189,6.0874953,Group 29
مجموعة 28,27.691023,16.973969,80.20046,65.02466,24.886189,6.0874953,Group 28
مجموعة 27,27.691023,16.973969,80.20046,65.02466,24.886189,6.0874953,Group 27
مجموعة 26,27.691023,16.973969,80.20046,65.02466,24.886189,6.0874953,Group 26
مجموعة 25,27.691023,16.973969,80.20046,65.02466,24.886189,6.0874953,Group 25
مجموعة 24,27.691023,16.973969,80.20046,65.02466,24.886189,6.0874953,Group 24
مجموعة 23,27.691023,16.973969,80.20046,65.02466,24.886189,6.0874953,Group 23
مجموعة 22,27.691023,16.973969,80.20046,65.02466,24.886189,6.0874953,Group 22
مجموعة 21,27.691023,16.973969,80.20046,65.02466,24.886189,6.0874953,Group 21
مجموعة 20,27.691023,16.973969,80.20046,65.02466,24.886189,6.0874953,Group 20
مجموعة 19,27.691023,16.973969,80.20046,65.02466,24.886189,6.0874953,Group 19
مجموعة فيلات 9,27.691023,16.973969,80.20046,65.02466,24.886189,6.0874953,Group V 9
مجموعة فيلات 8,27.691023,16.973969,80.20046,65.02466,24.886189,6.0874953,Group V 8
مجموعة فيلات 12,27.691023,16.973969,80.20046,65.02466,24.886189,6.0874953,Group V 12
مجموعة فيلات 11,27.691023,16.973969,80.20046,65.02466,24.886189,6.0874953,Group V 11
مجموعة فيلات 10,27.691023,16.973969,80.20046,65.02466,24.886189,6.0874953,Group V 10
المجاورة 1,27.691023,16.973969,80.20046,65.02466,24.886189,6.0874953,Neighborhood 1
المجاورة 7,27.691023,16.973969,80.20046,65.02466,24.886189,6.0874953,Neighborhood 7
المجاورة 4,27.691023,16.973969,80.20046,65.02466,24.886189,6.0874953,Neighborhood 4
المجاورة 6,27.691023,16.973969,80.20046,65.02466,24.886189,6.0874953,Neighborhood 6
المجاورة 11,27.691023,16.973969,80.20046,65.02466,24.886189,6.0874953,Neighborhood 11
المجاورة 10,27.691023,16.973969,80.20046,65.02466,24.886189,6.0874953,Neighborhood 10
المجاورة 15,27.691023,16.973969,80.20046,65.02466,24.886189,6.0874953,Neighborhood 15
المجاورة 13,27.691023,16.973969,80.20046,65.02466,24.886189,6.0874953,Neighborhood 13
المجاورة ل,27.691023,16.973969,80.20046,65.02466,24.886189,6.0874953,Neighborhood L
المجاورة أ,27.691023,16.973969,80.20046,65.02466,24.886189,6.0874953,Neighborhood A
المجاورة ب,27.691023,16.973969,80.20046,65.02466,24.886189,6.0874953,Neighborhood B
المنطقة الصناعية المركزية,27.691023,16.973969,80.20046,65.02466,24.886189,6.0874953,Central Industrial Area
منطقة 100 فدان السكنية,27.691023,16.973969,80.20046,65.02466,24.886189,6.0874953,The 100 Acres Residential Area
منطقة 100 فدان,27.691023,16.973969,80.20046,65.02466,24.886189,6.0874953,The 100 Acres Area
البنفسج 8,27.691023,16.973969,80.20046,65.02466,24.886189,6.0874953,Al Banafseg 8
البنفسج 7,27.691023,16.973969,80.20046,65.02466,24.886189,6.0874953,Al Banafseg 7
المجاورة ك,27.691023,16.973969,80.20046,65.02466,24.886189,6.0874953,Neighborhood K
مشروع صندوق إسكان عثمان,27.691023,16.973969,80.20046,65.02466,24.886189,6.0874953,Othman Housing Fund Project
مساكن التعاونيات,27.691023,16.973969,80.20046,65.02466,24.886189,6.0874953,Al Tawenyat Housing
منطقة ال 250 فدان السكنية,27.691023,16.973969,80.20046,65.02466,24.886189,6.0874953,The Residential Area Of The 250 Acres
المنطقة الصناعية,27.691023,16.973969,80.20046,65.02466,24.886189,6.0874953,Industrial Area
شرق الروبيكي,27.691023,16.973969,80.20046,65.02466,24.886189,6.0874953,East of the Rubiki
قطاع أ6,24.703178,15.82079,74.21322,62.85449,22.400135,5.074077,Sector A6
قطاع أ1 مكرر,24.703178,15.82079,74.21322,62.85449,22.400135,5.074077,Sector A1`
عمارات ايوب,36.44326,19.955238,79.361496,70.66722,31.624939,9.333277,Ayoub Buildings
عمارات السعودية,36.44326,19.955238,79.361496,70.66722,31.624939,9.333277,Saudi Buildings
مباني المدفعية الرئاسية,36.44326,19.955238,79.361496,70.66722,31.624939,9.333277,Presidential Artillery Buildings
عمارات الامداد و التموين,36.44326,19.955238,79.361496,70.66722,31.624939,9.333277,Supply And Provision Buildings
عمارات شباب المهندسين,36.44326,19.955238,79.361496,70.66722,31.624939,9.333277,Shabab Al Mohandeseen Buildings
قطاع أ5 مكرر,24.703178,15.82079,74.21322,62.85449,22.400135,5.074077,Sector A5`
قطاع أ5,23.827276,14.546006,71.896866,60.462803,21.673515,4.0498896,Sector A5
قطاع أ4,23.827276,14.546006,71.896866,60.462803,21.673515,4.0498896,Sector A4
عمارات الشروق,36.44326,19.955238,79.361496,70.66722,31.624939,9.333277,El Shorouk Buildings
33 عمارة,36.44326,19.955238,79.361496,70.66722,31.624939,9.333277,33 Buildings
29 عمارة,36.44326,19.955238,79.361496,70.66722,31.624939,9.333277,29 Buildings
عمارات الشرارة,36.44326,19.955238,79.361496,70.66722,31.624939,9.333277,Al Sharara Buildings
عمارات مقاتلى رمضان,36.44326,19.955238,79.361496,70.66722,31.624939,9.333277,Moqately Ramadan Buildings
مدينة المبعوثين,36.44326,19.955238,79.361496,70.66722,31.624939,9.333277,Al Mabaaothen City
الفردوس,36.44326,19.955238,79.361496,70.66722,31.624939,9.333277,Al Ferdous
ديار النادي الاهلى,36.44326,19.955238,79.361496,70.66722,31.624939,9.333277,Dyar Al Ahly Club
التعاونيات,36.44326,19.955238,79.361496,70.66722,31.624939,9.333277,Cooperatives
عمارات التوفيقيه,36.44326,19.955238,79.361496,70.66722,31.624939,9.333277,Al Tawfiqeya Buildings
مشروع 29 عمارة,36.44326,19.955238,79.361496,70.66722,31.624939,9.333277,29 Building Project
عمارات الرقابه الإدارية,36.44326,19.955238,79.361496,70.66722,31.624939,9.333277,Al Reqaba Al Edaria Buildings
الحديقه الدوليه,36.44326,19.955238,79.361496,70.66722,31.624939,9.333277,El Hadika El Dawleyya
عمارات الشرق للتأمين,36.44326,19.955238,79.361496,70.66722,31.624939,9.333277,Al Sharq Insurance Buildings
عمارات عثمان احمد عثمان,36.44326,19.955238,79.361496,70.66722,31.624939,9.333277,Othman Ahmed Othman Buildings
مساكن بنك الاسكان والتعمير,36.44326,19.955238,79.361496,70.66722,31.624939,9.333277,Housing And Development Bank Housing
عمارات اطلس,36.44326,19.955238,79.361496,70.66722,31.624939,9.333277,Atlas Buildings
مدينة القضاة,36.44326,19.955238,79.361496,70.66722,31.624939,9.333277,Madinat Al Qudah
الجولف,36.44326,19.955238,79.361496,70.66722,31.624939,9.333277,El Golf
عمارات الشرطة الجديدة,36.44326,19.955238,79.361496,70.66722,31.624939,9.333277,New Police Buildings
ابراج نصر الشرطة,36.44326,19.955238,79.361496,70.66722,31.624939,9.333277,Nasr Police Towers
عمارات التعاونيات ك,36.44326,19.955238,79.361496,70.66722,31.624939,9.333277,Cooperatives K Buildings
مساكن المهندسين,36.44326,19.955238,79.361496,70.66722,31.624939,9.333277,Masaken Al Mohandeseen
منطقه السينما,36.44326,19.955238,79.361496,70.66722,31.624939,9.333277,Cinema Area
رابعة العدوية,36.44326,19.955238,79.361496,70.66722,31.624939,9.333277,Rabaa El Adaweyya
عمارات التوفيق,36.44326,19.955238,79.361496,70.66722,31.624939,9.333277,Al Tawfik Buildings
الشركات,36.44326,19.955238,79.361496,70.66722,31.624939,9.333277,Al Sharikat
امتداد رمسيس 2,36.44326,19.955238,79.361496,70.66722,31.624939,9.333277,Extension Ramses 2
عمارات المهمات,36.44326,19.955238,79.361496,70.66722,31.624939,9.333277,Al Mohmat Buildings
عمارات ايديال,36.44326,19.955238,79.361496,70.66722,31.624939,9.333277,Ideal Buildings
مشروع 10 عمارات,36.44326,19.955238,79.361496,70.66722,31.624939,9.333277,10 Buildings Project
عمارات التعاونيات ج,36.44326,19.955238,79.361496,70.66722,31.624939,9.333277,Cooperatives C Buildings
حى السفارات,36.44326,19.955238,79.361496,70.66722,31.624939,9.333277,Al Safarat District
عمارات الحرس الجمهورى,36.44326,19.955238,79.361496,70.66722,31.624939,9.333277,Republican Guard Buildings
عمارات المروة,36.44326,19.955238,79.361496,70.66722,31.624939,9.333277,Al Marwa Buildings
عمارات رابعة العدويه الاستثمارية,36.44326,19.955238,79.361496,70.66722,31.624939,9.333277,Rabaa Al Adawiya Investment Buildings
مساكن كليه البنات,36.44326,19.955238,79.361496,70.66722,31.624939,9.333277,Kolleyet Al Banat Housing
مساكن الهيئة العربية للتصنيع,36.44326,19.955238,79.361496,70.66722,31.624939,9.333277,Arab Organization for Industrialization Housing
عمارات أطلس,36.44326,19.955238,79.361496,70.66722,31.624939,9.333277,Atlas Buildings
منطقة 9,36.44326,19.955238,79.361496,70.66722,31.624939,9.333277,Area 9
شرق منطقة 6,36.44326,19.955238,79.361496,70.66722,31.624939,9.333277,East Area 6
النادي الاهلى,36.44326,19.955238,79.361496,70.66722,31.624939,9.333277,Al Ahly Club
مطار القاهرة,36.44326,19.955238,79.361496,70.66722,31.624939,9.333277,Cairo Airport
المنتزه,36.44326,19.955238,79.361496,70.66722,31.624939,9.333277,Al Muntazah
البستان,36.44326,19.955238,79.361496,70.66722,31.624939,9.333277,El Bostan
مساكن الجيزة,36.44326,19.955238,79.361496,70.66722,31.624939,9.333277,El Giza Housing
مساكن القاهرة,36.44326,19.955238,79.361496,70.66722,31.624939,9.333277,Cairo Housing
مساكن المحموديه,36.44326,19.955238,79.361496,70.66722,31.624939,9.333277,Al Mahmoodia Housing
مساكن اسبيكو,36.44326,19.955238,79.361496,70.66722,31.624939,9.333277,Esbeko Housing
مساكن اطلس,36.44326,19.955238,79.361496,70.66722,31.624939,9.333277,Atlas Housing
مساكن الاسكندرية,36.44326,19.955238,79.361496,70.66722,31.624939,9.333277,Alexandria Housing
مساكن النيل و الكبارى,36.44326,19.955238,79.361496,70.66722,31.624939,9.333277,Nile and Bridges Housing
مساكن العبد,36.44326,19.955238,79.361496,70.66722,31.624939,9.333277,El Abd Housing
مساكن الدلتا,36.44326,19.955238,79.361496,70.66722,31.624939,9.333277,Delta Housing
مساكن ايجيكو,36.44326,19.955238,79.361496,70.66722,31.624939,9.333277,Egyco Housing
المساكن الجاهزة,36.44326,19.955238,79.361496,70.66722,31.624939,9.333277,Ready Housing
عزبه العرب,36.44326,19.955238,79.361496,70.66722,31.624939,9.333277,Ezbet Al Arab
منطقة 8,36.44326,19.955238,79.361496,70.66722,31.624939,9.333277,Area 8
عمارات 81,36.44326,19.955238,79.361496,70.66722,31.624939,9.333277,Buildings 81
عمارات المنيل,36.44326,19.955238,79.361496,70.66722,31.624939,9.333277,Al Manyal Buildings
النزهه الجديدة,36.44326,19.955238,79.361496,70.66722,31.624939,9.333277,New Al Nozha
الهايكستب,36.44326,19.955238,79.361496,70.66722,31.624939,9.333277,El Haykesteb
عمارات الفاروقية,36.44326,19.955238,79.361496,70.66722,31.624939,9.333277,Al Farouqia Buildings
مساكن السويسرى أ,36.44326,19.955238,79.361496,70.66722,31.624939,9.333277,Al Swisry A Housing
مساكن السويسرى ب,36.44326,19.955238,79.361496,70.66722,31.624939,9.333277,Al Swisry B Housing
مساكن صقر قريش,36.44326,19.955238,79.361496,70.66722,31.624939,9.333277,Sakr Quraish Housing
الجيزة,36.44326,19.955238,79.361496,70.66722,31.624939,9.333277,El Giza
العبد,36.44326,19.955238,79.361496,70.66722,31.624939,9.333277,El Abd
المنيل الشرقي,36.44326,19.955238,79.361496,70.66722,31.624939,9.333277,East Al Manial
المنيل الغربي,36.44326,19.955238,79.361496,70.66722,31.624939,9.333277,West Al Manial
الوفاء والامل,36.44326,19.955238,79.361496,70.66722,31.624939,9.333277,Al Wafaa and El Amal
عين الصيره,36.44326,19.955238,79.361496,70.66722,31.624939,9.333277,Ein El Seirah
مساكن الكويت,36.44326,19.955238,79.361496,70.66722,31.624939,9.333277,Al Kuwait Housing
مساكن البساتين,36.44326,19.955238,79.361496,70.66722,31.624939,9.333277,Al Basatin Housing
مساكن مصر العليا,36.44326,19.955238,79.361496,70.66722,31.624939,9.333277,Upper Egypt Housing
مساكن الإنشاءات,36.44326,19.955238,79.361496,70.66722,31.624939,9.333277,Construction Housing
مساكن رولان,36.44326,19.955238,79.361496,70.66722,31.624939,9.333277,Rollan Housing
مساكن الوادى,36.44326,19.955238,79.361496,70.66722,31.624939,9.333277,El Wady Housing
مدخل 2,36.44326,19.955238,79.361496,70.66722,31.624939,9.333277,Entrance 2
مدخل 1,36.44326,19.955238,79.361496,70.66722,31.624939,9.333277,Entrance 1
اطلس ج,36.44326,19.955238,79.361496,70.66722,31.624939,9.333277,Atlas G
بلوكات 85,36.44326,19.955238,79.361496,70.66722,31.624939,9.333277,Blocks 85
صبحى حسين,36.44326,19.955238,79.361496,70.66722,31.624939,9.333277,Sobhy Hussein
مساكن اسكندرية,36.44326,19.955238,79.361496,70.66722,31.624939,9.333277,Alexandria Housings
مساكن اسبيكو وتعاونيات القاهرة,36.44326,19.955238,79.361496,70.66722,31.624939,9.333277,Espico Housings and Cooperatives Cairo
شريف,36.44326,19.955238,79.361496,70.66722,31.624939,9.333277,Sherif
مساكن الشركه الكويتيه المرحله 2,36.44326,19.955238,79.361496,70.66722,31.624939,9.333277,Kuwaiti Company Housing Phase 2
مساكن الشركه الكويتيه المرحله 1,36.44326,19.955238,79.361496,70.66722,31.624939,9.333277,Kuwaiti Company Housing Phase 1
مساكن الشركه الكويتيه,36.44326,19.955238,79.361496,70.66722,31.624939,9.333277,Kuwaiti Company Housing
مساكن الشركه السعوديه القطاع 7,36.44326,19.955238,79.361496,70.66722,31.624939,9.333277,Saudi Company Housing Sector 7
إسكان النصر,36.44326,19.955238,79.361496,70.66722,31.624939,9.333277,Al Nasr Housing
وادى حوف,36.44326,19.955238,79.361496,70.66722,31.624939,9.333277,Wadi Hof
الزهار,36.44326,19.955238,79.361496,70.66722,31.624939,9.333277,El Zahar
القللى,36.44326,19.955238,79.361496,70.66722,31.624939,9.333277,EL Kolaly
طره الحجاره,36.44326,19.955238,79.361496,70.66722,31.624939,9.333277,Torah El Hagara
مشروع 18 عمارة,36.44326,19.955238,79.361496,70.66722,31.624939,9.333277,18 Building Project
مشروع 19 عمارة,36.44326,19.955238,79.361496,70.66722,31.624939,9.333277,19 Building Project
مساكن الطوب الرملى,36.44326,19.955238,79.361496,70.66722,31.624939,9.333277,Al Toub Al Ramli Housing
"التعاونيات, مساكن الطوب الرملى",36.44326,19.955238,79.361496,70.66722,31.624939,9.333277,"Cooperatives, Al Toub Al Ramli Housing"
الروضه والمقياس,36.44326,19.955238,79.361496,70.66722,31.624939,9.333277,Al Roda and Al Mekyas
النزهه,36.44326,19.955238,79.361496,70.66722,31.624939,9.333277,Al Nozha
مساكن التبين الشعبيه,100.73496,22.805325,88.276215,76.092606,72.74783,5.4515224,Al Tebin Al Shaabiyya Housing
منشيه البكرى,36.44326,19.955238,79.361496,70.66722,31.624939,9.333277,Mansheyet El Bakry
الاميريه البلد,36.44326,19.955238,79.361496,70.66722,31.624939,9.333277,Al Amireya Al Bald
النهضه,27.691023,16.973969,80.20046,65.02466,24.886189,6.0874953,El Nahda
عمارات 800,36.44326,19.955238,79.361496,70.66722,31.624939,9.333277,Buildings 800
عمارات 700,36.44326,19.955238,79.361496,70.66722,31.624939,9.333277,Buildings 700
عمارات 600,36.44326,19.955238,79.361496,70.66722,31.624939,9.333277,Buildings 600
زهراء مدينة نصر,36.44326,19.955238,79.361496,70.66722,31.624939,9.333277,Zahraa Nasr City
عمارات 900,36.44326,19.955238,79.361496,70.66722,31.624939,9.333277,Buildings 900
عمارات 3000,36.44326,19.955238,79.361496,70.66722,31.624939,9.333277,Buildings 3000
المرحلة 7,36.44326,19.955238,79.361496,70.66722,31.624939,9.333277,Phase 7
عمارات 4000,36.44326,19.955238,79.361496,70.66722,31.624939,9.333277,Buildings 4000
عمارات 2000,36.44326,19.955238,79.361496,70.66722,31.624939,9.333277,Buildings 2000
عمارات 1000,36.44326,19.955238,79.361496,70.66722,31.624939,9.333277,Buildings 1000
عمارات 500,36.44326,19.955238,79.361496,70.66722,31.624939,9.333277,Buildings 500
عمارات 400,36.44326,19.955238,79.361496,70.66722,31.624939,9.333277,Buildings 400
عمارات 300,36.44326,19.955238,79.361496,70.66722,31.624939,9.333277,Buildings 300
مجموعة 112,27.691023,16.973969,80.20046,65.02466,24.886189,6.0874953,Group 112
العباسيه البحريه,36.44326,19.955238,79.361496,70.66722,31.624939,9.333277,Al Abbasseya El Baharia
العباسيه الغربيه,36.44326,19.955238,79.361496,70.66722,31.624939,9.333277,West Al Abbasseya
مساكن مصر للطيران,36.44326,19.955238,79.361496,70.66722,31.624939,9.333277,Egypt Air Housing
عمارات الامل,36.44326,19.955238,79.361496,70.66722,31.624939,9.333277,Al Amal Buildings
مساكن مدينة ضباط الماظة,36.44326,19.955238,79.361496,70.66722,31.624939,9.333277,Almaza Officer's City Housing
مساكن مصر للتعمير,36.44326,19.955238,79.361496,70.66722,31.624939,9.333277,Misr For Development Housing
مصر الجديدة للاسكان و التعمير,36.44326,19.955238,79.361496,70.66722,31.624939,9.333277,Heliopolis For Housing And Development
حى الوزراء,36.44326,19.955238,79.361496,70.66722,31.624939,9.333277,Ministry District
عمارات التعاونيات,36.44326,19.955238,79.361496,70.66722,31.624939,9.333277,Cooperatives Buildings
شيراتون المطار,27.691023,16.973969,80.20046,65.02466,24.886189,6.0874953,Sheraton Al Matar
بلوك 1221,36.44326,19.955238,79.361496,70.66722,31.624939,9.333277,Block 1221
بلوك 1115,36.44326,19.955238,79.361496,70.66722,31.624939,9.333277,Block 1115
بلوك 1178,36.44326,19.955238,79.361496,70.66722,31.624939,9.333277,Block 1178
بلوك 1154,36.44326,19.955238,79.361496,70.66722,31.624939,9.333277,Block 1154
بلوك 1144,36.44326,19.955238,79.361496,70.66722,31.624939,9.333277,Block 1144
بلوك 1228,36.44326,19.955238,79.361496,70.66722,31.624939,9.333277,Block 1228
بلوك 1216,36.44326,19.955238,79.361496,70.66722,31.624939,9.333277,Block 1216
بلوك 1177,36.44326,19.955238,79.361496,70.66722,31.624939,9.333277,Block 1177
بلوك 1160,36.44326,19.955238,79.361496,70.66722,31.624939,9.333277,Block 1160
بلوك 1145,36.44326,19.955238,79.361496,70.66722,31.624939,9.333277,Block 1145
بلوك 1116,36.44326,19.955238,79.361496,70.66722,31.624939,9.333277,Block 1116
منطقة 9,36.44326,19.955238,79.361496,70.66722,31.624939,9.333277,Area 9
بلوك 1117,36.44326,19.955238,79.361496,70.66722,31.624939,9.333277,Block 1117
بلوك 1182,36.44326,19.955238,79.361496,70.66722,31.624939,9.333277,Block 1182
بلوك 1161,36.44326,19.955238,79.361496,70.66722,31.624939,9.333277,Block 1161
بلوك 1150,36.44326,19.955238,79.361496,70.66722,31.624939,9.333277,Block 1150
بلوك 1112,36.44326,19.955238,79.361496,70.66722,31.624939,9.333277,Block 1112
بلوك 1140,36.44326,19.955238,79.361496,70.66722,31.624939,9.333277,Block 1140
بلوك 1114,36.44326,19.955238,79.361496,70.66722,31.624939,9.333277,Block 1114
بلوك 1181,36.44326,19.955238,79.361496,70.66722,31.624939,9.333277,Block 1181
بلوك 1156,36.44326,19.955238,79.361496,70.66722,31.624939,9.333277,Block 1156
بلوك 1170,36.44326,19.955238,79.361496,70.66722,31.624939,9.333277,Block 1170
بلوك 1222,36.44326,19.955238,79.361496,70.66722,31.624939,9.333277,Block 1222
بلوك 1105,36.44326,19.955238,79.361496,70.66722,31.624939,9.333277,Block 1105
بلوك 1168,36.44326,19.955238,79.361496,70.66722,31.624939,9.333277,Block 1168
بلوك 1219,36.44326,19.955238,79.361496,70.66722,31.624939,9.333277,Block 1219
بلوك 1159,36.44326,19.955238,79.361496,70.66722,31.624939,9.333277,Block 1159
بلوك 1148,36.44326,19.955238,79.361496,70.66722,31.624939,9.333277,Block 1148
بلوك 1155,36.44326,19.955238,79.361496,70.66722,31.624939,9.333277,Block 1155
بلوك 1107,36.44326,19.955238,79.361496,70.66722,31.624939,9.333277,Block 1107
بلوك 1103,36.44326,19.955238,79.361496,70.66722,31.624939,9.333277,Block 1103
بلوك 1220,36.44326,19.955238,79.361496,70.66722,31.624939,9.333277,Block 1220
بلوك 1183,36.44326,19.955238,79.361496,70.66722,31.624939,9.333277,Block 1183
بلوك 1149,36.44326,19.955238,79.361496,70.66722,31.624939,9.333277,Block 1149
بلوك 1226,36.44326,19.955238,79.361496,70.66722,31.624939,9.333277,Block 1226
بلوك 1141,36.44326,19.955238,79.361496,70.66722,31.624939,9.333277,Block 1141
بلوك 1217,36.44326,19.955238,79.361496,70.66722,31.624939,9.333277,Block 1217
بلوك 1119,36.44326,19.955238,79.361496,70.66722,31.624939,9.333277,Block 1119
بلوك 1184,36.44326,19.955238,79.361496,70.66722,31.624939,9.333277,Block 1184
بلوك 1179,36.44326,19.955238,79.361496,70.66722,31.624939,9.333277,Block 1179
بلوك 1223,36.44326,19.955238,79.361496,70.66722,31.624939,9.333277,Block 1223
بلوك 1104,36.44326,19.955238,79.361496,70.66722,31.624939,9.333277,Block 1104
بلوك 1143,36.44326,19.955238,79.361496,70.66722,31.624939,9.333277,Block 1143
بلوك 1218,36.44326,19.955238,79.361496,70.66722,31.624939,9.333277,Block 1218
بلوك 1118,36.44326,19.955238,79.361496,70.66722,31.624939,9.333277,Block 1118
بلوك 1163,36.44326,19.955238,79.361496,70.66722,31.624939,9.333277,Block 1163
بلوك 1180,36.44326,19.955238,79.361496,70.66722,31.624939,9.333277,Block 1180
بلوك 1157,36.44326,19.955238,79.361496,70.66722,31.624939,9.333277,Block 1157
بلوك 1142,36.44326,19.955238,79.361496,70.66722,31.624939,9.333277,Block 1142
بلوك 1224,36.44326,19.955238,79.361496,70.66722,31.624939,9.333277,Block 1224
بلوك 1109,36.44326,19.955238,79.361496,70.66722,31.624939,9.333277,Block 1109
بلوك 1164,36.44326,19.955238,79.361496,70.66722,31.624939,9.333277,Block 1164
بلوك 1169,36.44326,19.955238,79.361496,70.66722,31.624939,9.333277,Block 1169
بلوك 1158,36.44326,19.955238,79.361496,70.66722,31.624939,9.333277,Block 1158
بلوك 1146,36.44326,19.955238,79.361496,70.66722,31.624939,9.333277,Block 1146
بلوك 1227,36.44326,19.955238,79.361496,70.66722,31.624939,9.333277,Block 1227
منطفة 6,36.44326,19.955238,79.361496,70.66722,31.624939,9.333277,Area 6
بلوك 1111,36.44326,19.955238,79.361496,70.66722,31.624939,9.333277,Block 1111
بلوك 1167,36.44326,19.955238,79.361496,70.66722,31.624939,9.333277,Block 1167
بلوك 1153,36.44326,19.955238,79.361496,70.66722,31.624939,9.333277,Block 1153
بلوك 1147,36.44326,19.955238,79.361496,70.66722,31.624939,9.333277,Block 1147
مساكن السعوديه,36.44326,19.955238,79.361496,70.66722,31.624939,9.333277,Al Sudia Housing
الرملى,36.44326,19.955238,79.361496,70.66722,31.624939,9.333277,Al Ramly
الشيخ ندا درب مصطفى,36.44326,19.955238,79.361496,70.66722,31.624939,9.333277,El Sheikh Nada Darb Moustafa
قصوره الشوام,36.44326,19.955238,79.361496,70.66722,31.624939,9.333277,Qusorat Al Shawam
محمد مظهر,36.44326,19.955238,79.361496,70.66722,31.624939,9.333277,Mohamed Mazhar
عمر الخيام,36.44326,19.955238,79.361496,70.66722,31.624939,9.333277,Omar El Khayam
مساكن الصعيد 1000,27.691023,16.973969,80.20046,65.02466,24.886189,6.0874953,Al Saeid 1000 Housing
مساكن رئاسة الجمهوريه,36.44326,19.955238,79.361496,70.66722,31.624939,9.333277,Presidential Housing
عمارات مخابرات القبه 2,36.44326,19.955238,79.361496,70.66722,31.624939,9.333277,Intelligence Buildings Qubba 2
عمارات مجلس الدفاع الوطنى,36.44326,19.955238,79.361496,70.66722,31.624939,9.333277,National Defense Council Buildings
السرايات الشرقيه,36.44326,19.955238,79.361496,70.66722,31.624939,9.333277,East Al Sarayat
تقسيم اللاسلكي,36.44326,19.955238,79.361496,70.66722,31.624939,9.333277,Taksim Al Laslky
الشمبكى,36.44326,19.955238,79.361496,70.66722,31.624939,9.333277,El Shambaky
كلوت بك,36.44326,19.955238,79.361496,70.66722,31.624939,9.333277,Klot Bek
باب البحر,36.44326,19.955238,79.361496,70.66722,31.624939,9.333277,Bab El Bahr
مساكن الاميريه الشماليه,36.44326,19.955238,79.361496,70.66722,31.624939,9.333277,North Masaken El Amireya
مساكن عرايس,36.44326,19.955238,79.361496,70.66722,31.624939,9.333277,El Arayess Housing
تقسيم الرقابه الاداريه,36.44326,19.955238,79.361496,70.66722,31.624939,9.333277,Taksim Al Reqaba Al Idariah
عمارات شركة جابكو,36.44326,19.955238,79.361496,70.66722,31.624939,9.333277,GUPCO Company Buildings
عمارات القضاء,36.44326,19.955238,79.361496,70.66722,31.624939,9.333277,Al Qada Buildings
عمارات النيابة العامة,36.44326,19.955238,79.361496,70.66722,31.624939,9.333277,Al Niaba Al Aama Buildings
الاميريه الجنوبيه,36.44326,19.955238,79.361496,70.66722,31.624939,9.333277,South El Amireya
غمره,36.44326,19.955238,79.361496,70.66722,31.624939,9.333277,Ghamra
منشية الصدر,36.44326,19.955238,79.361496,70.66722,31.624939,9.333277,Mansheyet El Sadr
الماظة,36.44326,19.955238,79.361496,70.66722,31.624939,9.333277,Almaza
باب اللوق,36.44326,19.955238,79.361496,70.66722,31.624939,9.333277,Bab El Louk
الفواله,36.44326,19.955238,79.361496,70.66722,31.624939,9.333277,El Fawala
الساحه,36.44326,19.955238,79.361496,70.66722,31.624939,9.333277,El Saha
المطريه الغربيه,36.44326,19.955238,79.361496,70.66722,31.624939,9.333277,West El Matareya
الحلميه,36.44326,19.955238,79.361496,70.66722,31.624939,9.333277,El Helmeya
درب الجماميز,36.44326,19.955238,79.361496,70.66722,31.624939,9.333277,Darb El Gamamiz
مساكن الزاويه الحمراء,36.44326,19.955238,79.361496,70.66722,31.624939,9.333277,El Zawya El Hamra' Housing
ناصر,36.44326,19.955238,79.361496,70.66722,31.624939,9.333277,Nasir
بن الرشيد,36.44326,19.955238,79.361496,70.66722,31.624939,9.333277,Ibn Al Rashid
مدينة المعراج,36.44326,19.955238,79.361496,70.66722,31.624939,9.333277,Al Mearag City
مساكن شركة الكهرباء,36.44326,19.955238,79.361496,70.66722,31.624939,9.333277,Electricity Company Housing
مساكن محطة مياه الفسطاط,36.44326,19.955238,79.361496,70.66722,31.624939,9.333277,Al Fostat Water Station Housing
عرابى التوفقية,36.44326,19.955238,79.361496,70.66722,31.624939,9.333277,Orabi Al Tawfikeya
الحى الكندي,36.44326,19.955238,79.361496,70.66722,31.624939,9.333277,Al Kendy District
عمارات صقر قريش,36.44326,19.955238,79.361496,70.66722,31.624939,9.333277,Sakr Quraish Buildings
عمارات النصر,36.44326,19.955238,79.361496,70.66722,31.624939,9.333277,Al Nasr Buildings
بيتشو امريكان سيتى المرحله 1,36.44326,19.955238,79.361496,70.66722,31.624939,9.333277,Becho American city Phase 1
الخوخه والقنايه,36.44326,19.955238,79.361496,70.66722,31.624939,9.333277,Al Khokha and Al Qanaya
الكفور وساعي البحر,36.44326,19.955238,79.361496,70.66722,31.624939,9.333277,Al Kofour and Saei Al Bahr
كوم الشيخ سلامه,36.44326,19.955238,79.361496,70.66722,31.624939,9.333277,Kom Al El Sheikh Salama
الزيتون الشرقيه,36.44326,19.955238,79.361496,70.66722,31.624939,9.333277,East Al Zaitoun
عزبة أيوب,36.44326,19.955238,79.361496,70.66722,31.624939,9.333277,Ezbat Ayoub
العزب,36.44326,19.955238,79.361496,70.66722,31.624939,9.333277,Al Izab
حدائق القبه,36.44326,19.955238,79.361496,70.66722,31.624939,9.333277,Hada'ek Al Kobba
كوبرى القبه,36.44326,19.955238,79.361496,70.66722,31.624939,9.333277,Kobry Al Kobba
المحاجر,36.44326,19.955238,79.361496,70.66722,31.624939,9.333277,El Mahager
السبتيه,36.44326,19.955238,79.361496,70.66722,31.624939,9.333277,El Sabteya
روض الفرج البلد,36.44326,19.955238,79.361496,70.66722,31.624939,9.333277,Rod El Farag El Balad
بركه الرطلى,36.44326,19.955238,79.361496,70.66722,31.624939,9.333277,Birket El Ratly
درب الاقماعيه,36.44326,19.955238,79.361496,70.66722,31.624939,9.333277,Darb El Akma'eya
سيدى مدين,36.44326,19.955238,79.361496,70.66722,31.624939,9.333277,Sidi Madin
ابراج منتصر,36.44326,19.955238,79.361496,70.66722,31.624939,9.333277,Muntasir Towers
منيه السيرج,36.44326,19.955238,79.361496,70.66722,31.624939,9.333277,Minyet El Sirg
مساكن فيكتوريا,36.44326,19.955238,79.361496,70.66722,31.624939,9.333277,Victoria Housing
مساكن محي,36.44326,19.955238,79.361496,70.66722,31.624939,9.333277,Mohi Housing
مهمشه,36.44326,19.955238,79.361496,70.66722,31.624939,9.333277,Mahmasha
الزيتون القبليه,36.44326,19.955238,79.361496,70.66722,31.624939,9.333277,Al Zaitoun Al Qibliyya
الخبيرى الوسطى,36.44326,19.955238,79.361496,70.66722,31.624939,9.333277,Al Khabiri Al Wosta
طوسون,36.44326,19.955238,79.361496,70.66722,31.624939,9.333277,Tosoun
الساحل,36.44326,19.955238,79.361496,70.66722,31.624939,9.333277,El Sahel
الدراسه,36.44326,19.955238,79.361496,70.66722,31.624939,9.333277,Al Darrasa
عين شمس الشرقيه,36.44326,19.955238,79.361496,70.66722,31.624939,9.333277,East Ein Shams
الخاصه,36.44326,19.955238,79.361496,70.66722,31.624939,9.333277,El Khasa
السرايات,36.44326,19.955238,79.361496,70.66722,31.624939,9.333277,Al Sarayat
الزعفران,36.44326,19.955238,79.361496,70.66722,31.624939,9.333277,Al Zaafaran
التونسي,36.44326,19.955238,79.361496,70.66722,31.624939,9.333277,Al Tounsy
مساكن,27.691023,16.973969,80.20046,65.02466,24.886189,6.0874953,Housing
مساكن اطلس 3,27.691023,16.973969,80.20046,65.02466,24.886189,6.0874953,Atlas Housing 3
منطقة الصعيد امتداد منطقة الزلزل,27.691023,16.973969,80.20046,65.02466,24.886189,6.0874953,Upper Egypt Area Earthquake Area Extension
مساكن اطلس 1,27.691023,16.973969,80.20046,65.02466,24.886189,6.0874953,Atlas Housing 1
مساكن الصعيد أ,27.691023,16.973969,80.20046,65.02466,24.886189,6.0874953,Upper Egypt Housing A
الزهراء ومساكن الحلميه,36.44326,19.955238,79.361496,70.66722,31.624939,9.333277,Al Zahraa and Masaken El Helmeya
حلوان الغربيه,36.44326,19.955238,79.361496,70.66722,31.624939,9.333277,West Helwan
الزوايه الحمراء البلد,36.44326,19.955238,79.361496,70.66722,31.624939,9.333277,El Zawya El Hamra' El Balad
درب سعاده,36.44326,19.955238,79.361496,70.66722,31.624939,9.333277,Darb Sa'ada
المغربلين,36.44326,19.955238,79.361496,70.66722,31.624939,9.333277,El Megharbelin
القربيه,36.44326,19.955238,79.361496,70.66722,31.624939,9.333277,El Qarbeya
حلوان البحريه,36.44326,19.955238,79.361496,70.66722,31.624939,9.333277,Helwan El Baharia
العطار,36.44326,19.955238,79.361496,70.66722,31.624939,9.333277,Al Atar
حاره الروم,36.44326,19.955238,79.361496,70.66722,31.624939,9.333277,Haret El Roum
عين شمس الغربيه,36.44326,19.955238,79.361496,70.66722,31.624939,9.333277,West Ein Shams
النخل,36.44326,19.955238,79.361496,70.66722,31.624939,9.333277,Al Nakhl
الدواجن,36.44326,19.955238,79.361496,70.66722,31.624939,9.333277,Al Dwagen
تحت الربع,36.44326,19.955238,79.361496,70.66722,31.624939,9.333277,Taht Al Rabaa
كفر العلو,36.44326,19.955238,79.361496,70.66722,31.624939,9.333277,Kafr Al Aalwo
المعدسه,36.44326,19.955238,79.361496,70.66722,31.624939,9.333277,Al Maadesa
العتريس,36.44326,19.955238,79.361496,70.66722,31.624939,9.333277,Al Atrees
الانشا والمنيره,36.44326,19.955238,79.361496,70.66722,31.624939,9.333277,Al Ensha and Al Mounira
جاردن سيتى,36.44326,19.955238,79.361496,70.66722,31.624939,9.333277,Garden City
الصوابى,36.44326,19.955238,79.361496,70.66722,31.624939,9.333277,El Sawaby
المدينة البحرية,36.44326,19.955238,79.361496,70.66722,31.624939,9.333277,Marine City
المساكن الاقتصاديه,36.44326,19.955238,79.361496,70.66722,31.624939,9.333277,Economy Housing
المطريه القبليه,36.44326,19.955238,79.361496,70.66722,31.624939,9.333277,El Matareya Al Qibliyya
الشرابيه,36.44326,19.955238,79.361496,70.66722,31.624939,9.333277,Al Sharabeya
الزيتون البحريه,36.44326,19.955238,79.361496,70.66722,31.624939,9.333277,Al Zaitoun El Baharia
العدويه,36.44326,19.955238,79.361496,70.66722,31.624939,9.333277,Al Aadawyya
حكر التبين,100.73496,22.805325,88.276215,76.092606,72.74783,5.4515224,Hikr Al Tebin
مساكن الاميريه الجنوبيه,36.44326,19.955238,79.361496,70.66722,31.624939,9.333277,South Masaken El Amireya
القلايه,36.44326,19.955238,79.361496,70.66722,31.624939,9.333277,El Kalaya
الخبيرى الغربيه,36.44326,19.955238,79.361496,70.66722,31.624939,9.333277,West Al Khabiri
المطريه البحريه,36.44326,19.955238,79.361496,70.66722,31.624939,9.333277,El Matareya El Baharia
طره البلد,36.44326,19.955238,79.361496,70.66722,31.624939,9.333277,Torah El Balad
منشيه المصرى,36.44326,19.955238,79.361496,70.66722,31.624939,9.333277,Mansheyet El Masry
المعصره البلد,36.44326,19.955238,79.361496,70.66722,31.624939,9.333277,Al Maasara Al Balad
دار السلام,36.44326,19.955238,79.361496,70.66722,31.624939,9.333277,Dar Al Salam
العباسيه القبليه ا,36.44326,19.955238,79.361496,70.66722,31.624939,9.333277,Al Abbasseya Al Qibliyya A
العباسيه القبليه ب,36.44326,19.955238,79.361496,70.66722,31.624939,9.333277,Al Abbasseya Al Qibliyya B
الخبيرى الشرقيه,36.44326,19.955238,79.361496,70.66722,31.624939,9.333277,East Al Khabiri
الجزيره الجديده,36.44326,19.955238,79.361496,70.66722,31.624939,9.333277,El Gezira El Gadida
ارض العمده,36.44326,19.955238,79.361496,70.66722,31.624939,9.333277,Ard Al Omda
عزبه الهجانه,36.44326,19.955238,79.361496,70.66722,31.624939,9.333277,Azba Al Hgana
منشيه العامري,36.44326,19.955238,79.361496,70.66722,31.624939,9.333277,Mansheyah Al Aamry
البنهاوى,36.44326,19.955238,79.361496,70.66722,31.624939,9.333277,El Banhawy
الخواص,36.44326,19.955238,79.361496,70.66722,31.624939,9.333277,El Khawas
عزبه نافع,36.44326,19.955238,79.361496,70.66722,31.624939,9.333277,Ezbet Nafa'e
كوم غراب,36.44326,19.955238,79.361496,70.66722,31.624939,9.333277,Kom Ghorab
القبيسى,36.44326,19.955238,79.361496,70.66722,31.624939,9.333277,Al Qubaisy
السرايات الغربيه,36.44326,19.955238,79.361496,70.66722,31.624939,9.333277,West Al Sarayat
الشيخ فراج,36.44326,19.955238,79.361496,70.66722,31.624939,9.333277,El Sheikh Farrag
الزيتون الغربية,36.44326,19.955238,79.361496,70.66722,31.624939,9.333277,West Al Zaitoun
فم الخليج ودير النحاس,36.44326,19.955238,79.361496,70.66722,31.624939,9.333277,Fom Al Khalig and Der El Nahas
الطمار,36.44326,19.955238,79.361496,70.66722,31.624939,9.333277,Al Tamar
النوبى,36.44326,19.955238,79.361496,70.66722,31.624939,9.333277,Al Noubi
زينهم,36.44326,19.955238,79.361496,70.66722,31.624939,9.333277,Zenhom
العليمى,36.44326,19.955238,79.361496,70.66722,31.624939,9.333277,El Elemy
السندبيسى,36.44326,19.955238,79.361496,70.66722,31.624939,9.333277,El Sandabisy
الجماليه,36.44326,19.955238,79.361496,70.66722,31.624939,9.333277,Al Gamalia
الانور وعشش البارود,36.44326,19.955238,79.361496,70.66722,31.624939,9.333277,Al Anwar and Eshash Al Baroud
ابو السعود والمدابغ,36.44326,19.955238,79.361496,70.66722,31.624939,9.333277,Abo Al So'oud and Al Madabegh
عزبه النجاشي,36.44326,19.955238,79.361496,70.66722,31.624939,9.333277,Azba Al Nagashi
طلمبات عين شمس,36.44326,19.955238,79.361496,70.66722,31.624939,9.333277,Toloumbat Ein Shams
مساكن عين شمس,36.44326,19.955238,79.361496,70.66722,31.624939,9.333277,Ein Shams Housing
المبيضه,36.44326,19.955238,79.361496,70.66722,31.624939,9.333277,El Mabyada
العيني,36.44326,19.955238,79.361496,70.66722,31.624939,9.333277,El Einy
برهام,36.44326,19.955238,79.361496,70.66722,31.624939,9.333277,Borham
مساكن ناصر,36.44326,19.955238,79.361496,70.66722,31.624939,9.333277,Nasser Housing
مساكن الزاويه,36.44326,19.955238,79.361496,70.66722,31.624939,9.333277,El Zawya Housing
مساكن الزاويه القديمة,36.44326,19.955238,79.361496,70.66722,31.624939,9.333277,Old Zawia Housing
مساكن أ,36.44326,19.955238,79.361496,70.66722,31.624939,9.333277,A Housing
مساكن القاهرة الجديدة,36.44326,19.955238,79.361496,70.66722,31.624939,9.333277,New Cairo Housing
السلام الشرقيه,27.691023,16.973969,80.20046,65.02466,24.886189,6.0874953,East Al Salam
باب الشعريه,36.44326,19.955238,79.361496,70.66722,31.624939,9.333277,Bab Al Shairia
جوهر القائد,36.44326,19.955238,79.361496,70.66722,31.624939,9.333277,Gohar El Qaid
بين الصورين,36.44326,19.955238,79.361496,70.66722,31.624939,9.333277,Bin El Souren
الخرنفش,36.44326,19.955238,79.361496,70.66722,31.624939,9.333277,El Khoronfosh
العطوف,36.44326,19.955238,79.361496,70.66722,31.624939,9.333277,El Etouf
خان الخليلى,36.44326,19.955238,79.361496,70.66722,31.624939,9.333277,Khan El Khalili
طرة الحيط كوتسيكا,36.44326,19.955238,79.361496,70.66722,31.624939,9.333277,Torah Al Heit Kotsika
التبين البحريه,100.73496,22.805325,88.276215,76.092606,72.74783,5.4515224,Al Tebin El Baharia
السريات الشرقيه,36.44326,19.955238,79.361496,70.66722,31.624939,9.333277,East Al Sarayat
الاستاد,36.44326,19.955238,79.361496,70.66722,31.624939,9.333277,Al Istad
القبه,36.44326,19.955238,79.361496,70.66722,31.624939,9.333277,Al Qobba
طولون,36.44326,19.955238,79.361496,70.66722,31.624939,9.333277,Tolone
حلوان البلد,36.44326,19.955238,79.361496,70.66722,31.624939,9.333277,Helwan El Balad
السروجيه,36.44326,19.955238,79.361496,70.66722,31.624939,9.333277,Al Surugiyya
عزبه النخل الشرقيه,36.44326,19.955238,79.361496,70.66722,31.624939,9.333277,East Ezbet El Nakhl
الكبش,36.44326,19.955238,79.361496,70.66722,31.624939,9.333277,Al Kabsh
حدائق زينهم,36.44326,19.955238,79.361496,70.66722,31.624939,9.333277,Hada'ek Zenhom
العصارة,36.44326,19.955238,79.361496,70.66722,31.624939,9.333277,El Aasara
الشعرانى,36.44326,19.955238,79.361496,70.66722,31.624939,9.333277,El Shaarany
الشيخ عبد الله,36.44326,19.955238,79.361496,70.66722,31.624939,9.333277,El Sheikh Abd Allah
البلاقسه,36.44326,19.955238,79.361496,70.66722,31.624939,9.333277,El Balaksa
درب الحصر,36.44326,19.955238,79.361496,70.66722,31.624939,9.333277,Darb El Husr
مساكن شبرا,36.44326,19.955238,79.361496,70.66722,31.624939,9.333277,Shobra Housing
الخازنداره,36.44326,19.955238,79.361496,70.66722,31.624939,9.333277,El Khazendara
السلطان برقوق,36.44326,19.955238,79.361496,70.66722,31.624939,9.333277,El Soltan Barkouk
"مشروع اعادة بناء منطقة زينهم, المرحله 1",36.44326,19.955238,79.361496,70.66722,31.624939,9.333277,"Rebuild Zenhom Area Project, Phase 1"
"مشروع اعادة بناء منطقة زينهم, المرحله 2",36.44326,19.955238,79.361496,70.66722,31.624939,9.333277,"Rebuild Zenhom Area Project, Phase 2"
قصر الشوق,36.44326,19.955238,79.361496,70.66722,31.624939,9.333277,Qasr El Shok
مساكن سوزان مبارك الجديده,36.44326,19.955238,79.361496,70.66722,31.624939,9.333277,New Suzan Mubarak Housing
قايتباى,36.44326,19.955238,79.361496,70.66722,31.624939,9.333277,Qaitbay
الباطنيه,36.44326,19.955238,79.361496,70.66722,31.624939,9.333277,El Batneyya
مساكن الجيش,36.44326,19.955238,79.361496,70.66722,31.624939,9.333277,Army Housing
البقلى,36.44326,19.955238,79.361496,70.66722,31.624939,9.333277,El Bakli
المشهد الحسينى,36.44326,19.955238,79.361496,70.66722,31.624939,9.333277,El Mashhad El Husseiny
القفاصين,36.44326,19.955238,79.361496,70.66722,31.624939,9.333277,El Kafasin
أثر النبي,36.44326,19.955238,79.361496,70.66722,31.624939,9.333277,Athr Al Nabi
مرسى خليل الجديده,36.44326,19.955238,79.361496,70.66722,31.624939,9.333277,New Morsy Khalil
الاميريه الجديده,36.44326,19.955238,79.361496,70.66722,31.624939,9.333277,El Amireya El Gadida
الصليبه,36.44326,19.955238,79.361496,70.66722,31.624939,9.333277,Al Salibia
درب شغلان,36.44326,19.955238,79.361496,70.66722,31.624939,9.333277,Darb Shaghlan
اسعد,36.44326,19.955238,79.361496,70.66722,31.624939,9.333277,Asaad
كفر الشرفا,36.44326,19.955238,79.361496,70.66722,31.624939,9.333277,Kafr Al Shorafa'
مساكن مجمع الفردوس,36.44326,19.955238,79.361496,70.66722,31.624939,9.333277,Al Fardous Complex Housing
نادى السكه الحديد,36.44326,19.955238,79.361496,70.66722,31.624939,9.333277,Al Seka Al Hadid Club
امتداد رمسيس 3,36.44326,19.955238,79.361496,70.66722,31.624939,9.333277,Extension Ramses 3
الخليفه,36.44326,19.955238,79.361496,70.66722,31.624939,9.333277,Al Khalifa
مدينة التجاريين,36.44326,19.955238,79.361496,70.66722,31.624939,9.333277,Al Togarien City
الصعيد,36.44326,19.955238,79.361496,70.66722,31.624939,9.333277,El Sa'aed
الاحياء,36.44326,19.955238,79.361496,70.66722,31.624939,9.333277,El Ahya'
كفر ابوصير بركه النصر,36.44326,19.955238,79.361496,70.66722,31.624939,9.333277,Kafr Abo Ser Birket Al Nasr
عمارات النصر القديمه,36.44326,19.955238,79.361496,70.66722,31.624939,9.333277,Old Nasr Buildings
عمارات النصر الجديده,36.44326,19.955238,79.361496,70.66722,31.624939,9.333277,New Nasr Buildings
مساكن البحر الأحمر,36.44326,19.955238,79.361496,70.66722,31.624939,9.333277,Red Sea Housing
مساكن الصعيد تعاونيات,36.44326,19.955238,79.361496,70.66722,31.624939,9.333277,Al Saeid Cooperatives Housing
مساكن الصعيد الزلزال,36.44326,19.955238,79.361496,70.66722,31.624939,9.333277,Al Saeid Al Zelzal Housing
عمارات النصر فوق المتوسط,36.44326,19.955238,79.361496,70.66722,31.624939,9.333277,Al Nasr Fok Al Motwst Buildings
عزبه هريدى,36.44326,19.955238,79.361496,70.66722,31.624939,9.333277,Ezbet Haridi
قصر الدوباره,36.44326,19.955238,79.361496,70.66722,31.624939,9.333277,Qasr Al Doubara
الترعه البولاقيه,36.44326,19.955238,79.361496,70.66722,31.624939,9.333277,El Ter'ah El Bolakeya
الدواوين,36.44326,19.955238,79.361496,70.66722,31.624939,9.333277,El Dawadin
الإسماعيلية,36.44326,19.955238,79.361496,70.66722,31.624939,9.333277,Al Ismalia
مساكن مصنع 45,36.44326,19.955238,79.361496,70.66722,31.624939,9.333277,Factory 45 Housing
معروف,36.44326,19.955238,79.361496,70.66722,31.624939,9.333277,Maarouf
مساكن الزلزال,36.44326,19.955238,79.361496,70.66722,31.624939,9.333277,Al Zelzal Housing
مساكن الشمس,36.44326,19.955238,79.361496,70.66722,31.624939,9.333277,Al Shams Housing
جزيره بدران,36.44326,19.955238,79.361496,70.66722,31.624939,9.333277,Geziret Badran
القبه الجديده,36.44326,19.955238,79.361496,70.66722,31.624939,9.333277,Al Qobba Al Gadida
جناين الوايليه ا,36.44326,19.955238,79.361496,70.66722,31.624939,9.333277,Ganayen Al Wailia A
بلوكات السوارى,36.44326,19.955238,79.361496,70.66722,31.624939,9.333277,Al Swary Blocks
المنصوريه,36.44326,19.955238,79.361496,70.66722,31.624939,9.333277,Al Mansuriyya
زهراء المعادي منطقه 5,36.44326,19.955238,79.361496,70.66722,31.624939,9.333277,Zahraa Al Maadi Area 5
زهراء المعادي منطقه 7,36.44326,19.955238,79.361496,70.66722,31.624939,9.333277,Zahraa Al Maadi Area 7
زهراء المعادي منطقه 6,36.44326,19.955238,79.361496,70.66722,31.624939,9.333277,Zahraa Al Maadi Area 6
زهراء المعادي منطقه 3,36.44326,19.955238,79.361496,70.66722,31.624939,9.333277,Zahraa Al Maadi Area 3
زهراء المعادي منطقه 2,36.44326,19.955238,79.361496,70.66722,31.624939,9.333277,Zahraa Al Maadi Area 2
زهراء المعادي منطقه 1,36.44326,19.955238,79.361496,70.66722,31.624939,9.333277,Zahraa Al Maadi Area 1
البير قدار,36.44326,19.955238,79.361496,70.66722,31.624939,9.333277,El Bir Kadar
القادريه,36.44326,19.955238,79.361496,70.66722,31.624939,9.333277,Al Qadria
الاباجيه,36.44326,19.955238,79.361496,70.66722,31.624939,9.333277,Al Abageyya
عرب اليسار,36.44326,19.955238,79.361496,70.66722,31.624939,9.333277,Arab Al Yassar
باب الوزير والغريب,36.44326,19.955238,79.361496,70.66722,31.624939,9.333277,Bab El Wazir and Al Gharib
بين الجناين,36.44326,19.955238,79.361496,70.66722,31.624939,9.333277,Bin Al Ganayen
عين حلوان,36.44326,19.955238,79.361496,70.66722,31.624939,9.333277,Ein Helwan
الحطابة,36.44326,19.955238,79.361496,70.66722,31.624939,9.333277,El Hataba
درب غزيه,36.44326,19.955238,79.361496,70.66722,31.624939,9.333277,Darb Ghazia
الجنزورى,36.44326,19.955238,79.361496,70.66722,31.624939,9.333277,Al Ganzoury
الخطيرى,36.44326,19.955238,79.361496,70.66722,31.624939,9.333277,El Khutiry
سنان باشا,36.44326,19.955238,79.361496,70.66722,31.624939,9.333277,Sanan Basha
الجلادين,36.44326,19.955238,79.361496,70.66722,31.624939,9.333277,El Galadin
سوق العصر,36.44326,19.955238,79.361496,70.66722,31.624939,9.333277,Souk El A'sr
الاحمدين,36.44326,19.955238,79.361496,70.66722,31.624939,9.333277,Al Ahmadin
عشش النخل,36.44326,19.955238,79.361496,70.66722,31.624939,9.333277,Eshash El Nakhl
الدرب الجديد,36.44326,19.955238,79.361496,70.66722,31.624939,9.333277,Al Darb Al Gadid
الحنفي,36.44326,19.955238,79.361496,70.66722,31.624939,9.333277,El Hanafy
حلوان القبليه,36.44326,19.955238,79.361496,70.66722,31.624939,9.333277,Helwan Al Qibliyya
باب الفتوح,36.44326,19.955238,79.361496,70.66722,31.624939,9.333277,Bab El Fetouh
الديوره,36.44326,19.955238,79.361496,70.66722,31.624939,9.333277,Al Dayoura
الامامين,36.44326,19.955238,79.361496,70.66722,31.624939,9.333277,Al Emameen
الأزهر,36.44326,19.955238,79.361496,70.66722,31.624939,9.333277,El Azhar
الحمزاوى,36.44326,19.955238,79.361496,70.66722,31.624939,9.333277,El Hamzawy
الحدائق,36.44326,19.955238,79.361496,70.66722,31.624939,9.333277,Al Hada'ek
مساكن كشك,36.44326,19.955238,79.361496,70.66722,31.624939,9.333277,Keshk Housing
مساكن غمرة,36.44326,19.955238,79.361496,70.66722,31.624939,9.333277,Ghamra Housing
الجوابر,36.44326,19.955238,79.361496,70.66722,31.624939,9.333277,El Gawaber
المقطم,36.44326,19.955238,79.361496,70.66722,31.624939,9.333277,El Mukkatam
الخزان,36.44326,19.955238,79.361496,70.66722,31.624939,9.333277,El Khazan
اللواء امين الشريف,36.44326,19.955238,79.361496,70.66722,31.624939,9.333277,Al Lwaa' Amin Al Sherif
غيط العده,36.44326,19.955238,79.361496,70.66722,31.624939,9.333277,Ghit Al E'eda
المناصره,36.44326,19.955238,79.361496,70.66722,31.624939,9.333277,Al Manasrah
الوايلي الكبير شرق,36.44326,19.955238,79.361496,70.66722,31.624939,9.333277,East El Waily El Kabir
الوايلي الكبير غرب,36.44326,19.955238,79.361496,70.66722,31.624939,9.333277,West El Waily El Kabir
سنقر,36.44326,19.955238,79.361496,70.66722,31.624939,9.333277,Sonkor
الترجمان,36.44326,19.955238,79.361496,70.66722,31.624939,9.333277,El Torgoman
رحبه عابدين,36.44326,19.955238,79.361496,70.66722,31.624939,9.333277,Rahbet Aabdin
الغوريه,36.44326,19.955238,79.361496,70.66722,31.624939,9.333277,Al Ghoureyya
درب نصر,36.44326,19.955238,79.361496,70.66722,31.624939,9.333277,Darb Nasr
السيده عائشه,36.44326,19.955238,79.361496,70.66722,31.624939,9.333277,El Sayeda A'aesha
ابو خوده,36.44326,19.955238,79.361496,70.66722,31.624939,9.333277,Abo Khoda
المحجر,36.44326,19.955238,79.361496,70.66722,31.624939,9.333277,Al Mahgar
مساكن اعضاء هيئه التدريس بجامعه عين شمس,36.44326,19.955238,79.361496,70.66722,31.624939,9.333277,Ain Shams University Teaching Staff Members Housing
جناين الوايليه ب,36.44326,19.955238,79.361496,70.66722,31.624939,9.333277,Ganayen Al Wailia B
مدينة الحرفيين,36.44326,19.955238,79.361496,70.66722,31.624939,9.333277,Al Herafieen City
جسر شبرا,36.44326,19.955238,79.361496,70.66722,31.624939,9.333277,Gisr Shoubra
العدوى,36.44326,19.955238,79.361496,70.66722,31.624939,9.333277,Al Adawy
الجياره,36.44326,19.955238,79.361496,70.66722,31.624939,9.333277,El Gayara
العباسيه الشرقيه,36.44326,19.955238,79.361496,70.66722,31.624939,9.333277,East Al Abbasseya
الكردى,36.44326,19.955238,79.361496,70.66722,31.624939,9.333277,El Kordy
الدرب الاحمر,36.44326,19.955238,79.361496,70.66722,31.624939,9.333277,Al Darb Al Ahmar
السقايين,36.44326,19.955238,79.361496,70.66722,31.624939,9.333277,Al Sakayin
القبيله,36.44326,19.955238,79.361496,70.66722,31.624939,9.333277,El Qabelyya
المنسى,36.44326,19.955238,79.361496,70.66722,31.624939,9.333277,Al Mansy
سوق السلاح,36.44326,19.955238,79.361496,70.66722,31.624939,9.333277,Souk El Selah
العيسويه,36.44326,19.955238,79.361496,70.66722,31.624939,9.333277,El Eisaweya
الريحانى قنطرة الدكة,36.44326,19.955238,79.361496,70.66722,31.624939,9.333277,El Rihany Kantara El Daka
درب الجنينه,36.44326,19.955238,79.361496,70.66722,31.624939,9.333277,Darb El Genena
العشماوى,36.44326,19.955238,79.361496,70.66722,31.624939,9.333277,El A'shmawy
صفى الدين,36.44326,19.955238,79.361496,70.66722,31.624939,9.333277,Safey El Din
الفجاله,36.44326,19.955238,79.361496,70.66722,31.624939,9.333277,El Fagala
عرب الحصن,36.44326,19.955238,79.361496,70.66722,31.624939,9.333277,Arab El Hisn
حلميه الزيتون,36.44326,19.955238,79.361496,70.66722,31.624939,9.333277,Helmeyat El Zaitoun
السبعين فدان,36.44326,19.955238,79.361496,70.66722,31.624939,9.333277,Al 70 Fedan
النصر,36.44326,19.955238,79.361496,70.66722,31.624939,9.333277,Al Nasr
حوض الزهور,36.44326,19.955238,79.361496,70.66722,31.624939,9.333277,Hod El Zehour
حى السبع عمارات,100.73496,22.805325,88.276215,76.092606,72.74783,5.4515224,The Seven Buildings District
مساكن الحديد و الصلب,100.73496,22.805325,88.276215,76.092606,72.74783,5.4515224,Al Hadid W Solb Housing
مساكن الحديد و الصلب القديمة,100.73496,22.805325,88.276215,76.092606,72.74783,5.4515224,Al Hadid W Al Solb Old Housing
مدينة الخبراء الروس,100.73496,22.805325,88.276215,76.092606,72.74783,5.4515224,Al Khobra' Al Rous City
مدينة الصلب,100.73496,22.805325,88.276215,76.092606,72.74783,5.4515224,Al Sulb City
منشيه التحرير,36.44326,19.955238,79.361496,70.66722,31.624939,9.333277,Mansheyet El Tahrir
مساكن ابو غزاله,36.44326,19.955238,79.361496,70.66722,31.624939,9.333277,Abou Ghazala Housing
عمارات الهنا,36.44326,19.955238,79.361496,70.66722,31.624939,9.333277,Al Hana Buildings
مساكن الدويقه الجديده,36.44326,19.955238,79.361496,70.66722,31.624939,9.333277,New Al Dweika Housing
مساكن الحرفيين,36.44326,19.955238,79.361496,70.66722,31.624939,9.333277,Al Herafieen Housing
المرحلة الخامسة,36.44326,19.955238,79.361496,70.66722,31.624939,9.333277,Phase 5
منطقة 100 فدان شرق المدينة,36.44326,19.955238,79.361496,70.66722,31.624939,9.333277,Area 100 Acres East City
مساكن الاوقاف تقسيم الخلاوتي,36.44326,19.955238,79.361496,70.66722,31.624939,9.333277,Al Awkaf Housing Division Al Khlawati
عزبه جبريل,36.44326,19.955238,79.361496,70.66722,31.624939,9.333277,Ezbet Gabril
البارون رويال تاورز,36.44326,19.955238,79.361496,70.66722,31.624939,9.333277,Baron Royal Towers
شجره مريم,36.44326,19.955238,79.361496,70.66722,31.624939,9.333277,Shagaret Maryam
حلوان الشرقيه,36.44326,19.955238,79.361496,70.66722,31.624939,9.333277,East Helwan
مدينة الطيران,36.44326,19.955238,79.361496,70.66722,31.624939,9.333277,El Tayaran City
مدينة الموظفين,36.44326,19.955238,79.361496,70.66722,31.624939,9.333277,Employee City
مساكن مدينه الاسكان الصناعى,36.44326,19.955238,79.361496,70.66722,31.624939,9.333277,Industrial Housing City
مساكن الاسكندريه,36.44326,19.955238,79.361496,70.66722,31.624939,9.333277,Alexandria Housing
مساكن مدينه الشمس القديمة,36.44326,19.955238,79.361496,70.66722,31.624939,9.333277,Al Shams City Old Housing
مدينة العمال,36.44326,19.955238,79.361496,70.66722,31.624939,9.333277,City of workers
حلميه النعام,36.44326,19.955238,79.361496,70.66722,31.624939,9.333277,Helmeyat El Na'am
البساتين,36.44326,19.955238,79.361496,70.66722,31.624939,9.333277,Al Basatine
الشرق للتأمين,36.44326,19.955238,79.361496,70.66722,31.624939,9.333277,East Insurance
المجاورة 36,36.44326,19.955238,79.361496,70.66722,31.624939,9.333277,Neighborhood 36
المجاورة 34,36.44326,19.955238,79.361496,70.66722,31.624939,9.333277,Neighborhood 34
المجاورة 32,36.44326,19.955238,79.361496,70.66722,31.624939,9.333277,Neighborhood 32
المجاورة 31,36.44326,19.955238,79.361496,70.66722,31.624939,9.333277,Neighborhood 31
المجاورة 30,36.44326,19.955238,79.361496,70.66722,31.624939,9.333277,Neighborhood 30
المجاورة 29,36.44326,19.955238,79.361496,70.66722,31.624939,9.333277,Neighborhood 29
المجاورة 28,36.44326,19.955238,79.361496,70.66722,31.624939,9.333277,Neighborhood 28
المجاورة 27,36.44326,19.955238,79.361496,70.66722,31.624939,9.333277,Neighborhood 27
المجاورة 26,36.44326,19.955238,79.361496,70.66722,31.624939,9.333277,Neighborhood 26
المجاورة 25,36.44326,19.955238,79.361496,70.66722,31.624939,9.333277,Neighborhood 25
المجاورة 23,36.44326,19.955238,79.361496,70.66722,31.624939,9.333277,Neighborhood 23
المجاورة 20,36.44326,19.955238,79.361496,70.66722,31.624939,9.333277,Neighborhood 20
البراد,36.44326,19.955238,79.361496,70.66722,31.624939,9.333277,El Barad
المشير احمد اسماعيل,27.691023,16.973969,80.20046,65.02466,24.886189,6.0874953,El Moushir Ahmed Ismail
بلوك و,36.44326,19.955238,79.361496,70.66722,31.624939,9.333277,Block F
بلوك ه,36.44326,19.955238,79.361496,70.66722,31.624939,9.333277,Block E
عزبه النخل,36.44326,19.955238,79.361496,70.66722,31.624939,9.333277,Ezbet El Nakhl
تقسيم مباحث القاهرة,36.44326,19.955238,79.361496,70.66722,31.624939,9.333277,Cairo Investigation Division
كمبوند نكست بوينت,36.44326,19.955238,79.361496,70.66722,31.624939,9.333277,Next Point Compound
المجاورة 19,36.44326,19.955238,79.361496,70.66722,31.624939,9.333277,Neighborhood 19
ارض الجمعيه 6 اكتوبر سابقا,36.44326,19.955238,79.361496,70.66722,31.624939,9.333277,Ard Al Gam'eeya 6th of October
مساكن مشروع ناصر 2هـ,36.44326,19.955238,79.361496,70.66722,31.624939,9.333277,Nasser 2E Project Housing
مشروع ناصر للاسكان,36.44326,19.955238,79.361496,70.66722,31.624939,9.333277,Nasser Housing Project
مساكن ناصر 4,36.44326,19.955238,79.361496,70.66722,31.624939,9.333277,Nasser 4 Housing
مساكن ناصر 3,36.44326,19.955238,79.361496,70.66722,31.624939,9.333277,Nasser 3 Housing
مساكن ناصر 2,36.44326,19.955238,79.361496,70.66722,31.624939,9.333277,Nasser 2 Housing
مساكن ناصر 1,36.44326,19.955238,79.361496,70.66722,31.624939,9.333277,Nasser 1 Housing
مساكن مشروع الاسكندرية غرب,36.44326,19.955238,79.361496,70.66722,31.624939,9.333277,Alexandria West Project Housing
الشماشرجى,36.44326,19.955238,79.361496,70.66722,31.624939,9.333277,Al Shamashergy
قريه الطرفايه,36.44326,19.955238,79.361496,70.66722,31.624939,9.333277,Al Tarfaia Village
البكباشى,36.44326,19.955238,79.361496,70.66722,31.624939,9.333277,Al Bekbashi
كفر زهران,36.44326,19.955238,79.361496,70.66722,31.624939,9.333277,Kafr Zahran
مدينه العمال والتحرير,36.44326,19.955238,79.361496,70.66722,31.624939,9.333277,Al Omal and Al Tahrir City
تاج الدول,36.44326,19.955238,79.361496,70.66722,31.624939,9.333277,Tag Al Dewal
مدينة البدرشين,36.44326,19.955238,79.361496,70.66722,31.624939,9.333277,Al Badrashin City
اولى,36.44326,19.955238,79.361496,70.66722,31.624939,9.333277,First
قريه جزيره وراق الحضر,36.44326,19.955238,79.361496,70.66722,31.624939,9.333277,Gezirat Warak Al Hadar Village
مدينه وراق العرب,36.44326,19.955238,79.361496,70.66722,31.624939,9.333277,Waraq Al Arab City
ثانية,36.44326,19.955238,79.361496,70.66722,31.624939,9.333277,Second
قريه الشرفا والعطيات,100.73496,22.805325,88.276215,76.092606,72.74783,5.4515224,Al Shorfa And Al Atiat Village
قريه المنيا,100.73496,22.805325,88.276215,76.092606,72.74783,5.4515224,Al Minia Village
دار مصر,27.691023,16.973969,80.20046,65.02466,24.886189,6.0874953,Dar Misr
مسطرد,36.44326,19.955238,79.361496,70.66722,31.624939,9.333277,Mustorod
مساكن مصرف مسطرد العرب,36.44326,19.955238,79.361496,70.66722,31.624939,9.333277,Masraf Mustorod Al Arab Housing
عزبه عبد الغنى,36.44326,19.955238,79.361496,70.66722,31.624939,9.333277,Ezba Abd Al Ghany
جمعيه احمد عرابى,24.703178,15.82079,74.21322,62.85449,22.400135,5.074077,Gamaiet Ahmed Orabi
بهتيم,36.44326,19.955238,79.361496,70.66722,31.624939,9.333277,Bahtim
كمبوند سبرنجز الشروق,27.691023,16.973969,80.20046,65.02466,24.886189,6.0874953,El Shorouk Springs Compound
كمبوند أكويا,27.691023,16.973969,80.20046,65.02466,24.886189,6.0874953,Akoya Compound
النرجس الجديدة,27.691023,16.973969,80.20046,65.02466,24.886189,6.0874953,New EL Narges
"مسلسل 5, 6",27.691023,16.973969,80.20046,65.02466,24.886189,6.0874953,"Serial 5, 6"
شمال بيت الوطن,27.691023,16.973969,80.20046,65.02466,24.886189,6.0874953,North Beit Al Watan
حي الأوركيد منطقة الألف فدان سابقاً,27.691023,16.973969,80.20046,65.02466,24.886189,6.0874953,Al Orkeed District 1000 Fadan Area Previously
منطقة ج4,27.691023,16.973969,80.20046,65.02466,24.886189,6.0874953,Area C4
منطقة ج3,27.691023,16.973969,80.20046,65.02466,24.886189,6.0874953,Area C3
منطقة الألف مصنع,27.691023,16.973969,80.20046,65.02466,24.886189,6.0874953,1000 Factory Area
الياسمين 9,27.691023,16.973969,80.20046,65.02466,24.886189,6.0874953,Al Yasmine 9
الياسمين 10,27.691023,16.973969,80.20046,65.02466,24.886189,6.0874953,Al Yasmine 10
الياسمين 11,27.691023,16.973969,80.20046,65.02466,24.886189,6.0874953,Al Yasmine 11
الياسمين 12,27.691023,16.973969,80.20046,65.02466,24.886189,6.0874953,Al Yasmine 12
حى الزهور,27.691023,16.973969,80.20046,65.02466,24.886189,6.0874953,Al Zohor District
حى النرجس,27.691023,16.973969,80.20046,65.02466,24.886189,6.0874953,El Narges District
مركز رجال الاعمال,27.691023,16.973969,80.20046,65.02466,24.886189,6.0874953,Business Men Center
منطقة الحرفين ج,27.691023,16.973969,80.20046,65.02466,24.886189,6.0874953,Al Harfayn C Area
منطقة الحرفين ب,27.691023,16.973969,80.20046,65.02466,24.886189,6.0874953,Al Harfayn B Area
منطقة الحرفين أ,27.691023,16.973969,80.20046,65.02466,24.886189,6.0874953,Al Harfayn A Area
المنطقة الشمالية,27.691023,16.973969,80.20046,65.02466,24.886189,6.0874953,Northern Area
شمال الحى 7,27.691023,16.973969,80.20046,65.02466,24.886189,6.0874953,Northern District 7
مساكن القنال,27.691023,16.973969,80.20046,65.02466,24.886189,6.0874953,Al Qanal Housing
مشروع 9 عمارات,36.44326,19.955238,79.361496,70.66722,31.624939,9.333277,9 Buildings Project
كمبوند جنه بدر,27.691023,16.973969,80.20046,65.02466,24.886189,6.0874953,Ganet Badr Compound
المتميز القديم,27.691023,16.973969,80.20046,65.02466,24.886189,6.0874953,Old Distinctive
كمبوند الصفوة,27.691023,16.973969,80.20046,65.02466,24.886189,6.0874953,Al Safwa Compound
حى الصفوة,27.691023,16.973969,80.20046,65.02466,24.886189,6.0874953,Al Safwa Neighborhood
كمبوند ميرو سيتي,27.691023,16.973969,80.20046,65.02466,24.886189,6.0874953,Mero City Compound
كمبوند اليكو سيتي,27.691023,16.973969,80.20046,65.02466,24.886189,6.0874953,Alico City Compound
المنطقة الترفيهية,27.691023,16.973969,80.20046,65.02466,24.886189,6.0874953,The Entertainment Area
الاسكان العائلى 1,27.691023,16.973969,80.20046,65.02466,24.886189,6.0874953,Family Housing 1
الاسكان العائلى 2,27.691023,16.973969,80.20046,65.02466,24.886189,6.0874953,Family Housing 2
فيلات كمبوند وادى الربيع,27.691023,16.973969,80.20046,65.02466,24.886189,6.0874953,Villas Spring Valley Compound
كمبوند وادى الربيع,27.691023,16.973969,80.20046,65.02466,24.886189,6.0874953,Spring Valley Compound
حى الفيروز غرب,27.691023,16.973969,80.20046,65.02466,24.886189,6.0874953,Al Fayrouz West District
كمبوند جرين لاند,27.691023,16.973969,80.20046,65.02466,24.886189,6.0874953,Green Land Compound
كمبوند ديفينيا جاردنز,27.691023,16.973969,80.20046,65.02466,24.886189,6.0874953,Devinya Green Land Compound
حى اللازورد,27.691023,16.973969,80.20046,65.02466,24.886189,6.0874953,Al Lazourd District
جنوب غرب,27.691023,16.973969,80.20046,65.02466,24.886189,6.0874953,South West
جنوب شرق,27.691023,16.973969,80.20046,65.02466,24.886189,6.0874953,South East
شمال غرب,27.691023,16.973969,80.20046,65.02466,24.886189,6.0874953,North West
شمال شرق,27.691023,16.973969,80.20046,65.02466,24.886189,6.0874953,North East
حى النادي,27.691023,16.973969,80.20046,65.02466,24.886189,6.0874953,Club District
كمبوند جراندا,27.691023,16.973969,80.20046,65.02466,24.886189,6.0874953,Granda Compound
كمبوند كليوباترا بالاس,27.691023,16.973969,80.20046,65.02466,24.886189,6.0874953,Cleopatra Palace Compound
كمبوند زيزينيا فلورز,27.691023,16.973969,80.20046,65.02466,24.886189,6.0874953,Zizinia Flowers Compound
حى الجوهرة,27.691023,16.973969,80.20046,65.02466,24.886189,6.0874953,Al Gawhara District
حى اللؤلؤة,27.691023,16.973969,80.20046,65.02466,24.886189,6.0874953,Al Loaloah District
كمبوند بانوراما الشروق,27.691023,16.973969,80.20046,65.02466,24.886189,6.0874953,Panorama Al Shorouk Compound
حى الزمرد,27.691023,16.973969,80.20046,65.02466,24.886189,6.0874953,Al Zomorod District
مباني الإسكان الفاخر,27.691023,16.973969,80.20046,65.02466,24.886189,6.0874953,Al Iskan El Fakher Buildings
المجاورة 2ك,27.691023,16.973969,80.20046,65.02466,24.886189,6.0874953,Neighborhood 2K
المجاورة 2ب,27.691023,16.973969,80.20046,65.02466,24.886189,6.0874953,Neighborhood 2B
المجاورة 2أ,27.691023,16.973969,80.20046,65.02466,24.886189,6.0874953,Neighborhood 2A
حى الياقوت غرب,27.691023,16.973969,80.20046,65.02466,24.886189,6.0874953,Al Yaqot West District
مساكن الرائد,27.691023,16.973969,80.20046,65.02466,24.886189,6.0874953,Al Raed Housing
مشروع المستثمر الصغير,27.691023,16.973969,80.20046,65.02466,24.886189,6.0874953,Small Investor Project
مساكن الشباب,27.691023,16.973969,80.20046,65.02466,24.886189,6.0874953,Youth Housing
المجاورة 2و,27.691023,16.973969,80.20046,65.02466,24.886189,6.0874953,Neighborhood 2F
المجاورة 2ج,27.691023,16.973969,80.20046,65.02466,24.886189,6.0874953,Neighborhood 2C
المجاورة 1ح,27.691023,16.973969,80.20046,65.02466,24.886189,6.0874953,Neighborhood 1H
حى ريماس,27.691023,16.973969,80.20046,65.02466,24.886189,6.0874953,Rimas District
حى البرلنت,27.691023,16.973969,80.20046,65.02466,24.886189,6.0874953,Al Brlent District
إسكان وزارة المالية,27.691023,16.973969,80.20046,65.02466,24.886189,6.0874953,Ministry of Finance Housing
إسكان المستقبل 63 متر,27.691023,16.973969,80.20046,65.02466,24.886189,6.0874953,Future Housing 63 Meter
إسكان الشباب,27.691023,16.973969,80.20046,65.02466,24.886189,6.0874953,Youth Housing
إسكان مبارك للشباب 70 متر,27.691023,16.973969,80.20046,65.02466,24.886189,6.0874953,Mubarak Youth Housing 70 Meter
الإسكان القومى 63 متر,27.691023,16.973969,80.20046,65.02466,24.886189,6.0874953,National Project 63 Meter
منطقة جاردينيا,27.691023,16.973969,80.20046,65.02466,24.886189,6.0874953,Gardenia Area
حى الاوركيد,27.691023,16.973969,80.20046,65.02466,24.886189,6.0874953,Orchid District
إسكان مبارك للشباب 100 متر,27.691023,16.973969,80.20046,65.02466,24.886189,6.0874953,Mubarak Youth Housing 100 Meter
مرحلة 2,27.691023,16.973969,80.20046,65.02466,24.886189,6.0874953,Phase 2
حي البنفسج,27.691023,16.973969,80.20046,65.02466,24.886189,6.0874953,Al Banfseg District
إسكان مبارك للشباب 63 متر,27.691023,16.973969,80.20046,65.02466,24.886189,6.0874953,Mubarak Youth Housing 63 Meter
حى الاندلس,27.691023,16.973969,80.20046,65.02466,24.886189,6.0874953,Al Andalos District
الحى 2 شرق,27.691023,16.973969,80.20046,65.02466,24.886189,6.0874953,District 2 East
حى الفيروز شرق,27.691023,16.973969,80.20046,65.02466,24.886189,6.0874953,Al Fayrouz East District
منطقة البنفسج,27.691023,16.973969,80.20046,65.02466,24.886189,6.0874953,Banafseg Area
حى توليب,27.691023,16.973969,80.20046,65.02466,24.886189,6.0874953,Tulip District
مساكن إيجيكو,27.691023,16.973969,80.20046,65.02466,24.886189,6.0874953,Egico Housing
التجمع الخامس,27.691023,16.973969,80.20046,65.02466,24.886189,6.0874953,Fifth Settlement
مشروع 14 عمارة,36.44326,19.955238,79.361496,70.66722,31.624939,9.333277,14 Building Project
عمارات المثلث,36.44326,19.955238,79.361496,70.66722,31.624939,9.333277,Almuthlath Buildings
عمارات النقابات,36.44326,19.955238,79.361496,70.66722,31.624939,9.333277,Syndicates Buildings
منطقة 10,36.44326,19.955238,79.361496,70.66722,31.624939,9.333277,Area 10
مشروع 17 عمارة,36.44326,19.955238,79.361496,70.66722,31.624939,9.333277,17 Building Project
عمارات شركة الجيزة,36.44326,19.955238,79.361496,70.66722,31.624939,9.333277,Giza Company Buildings
عمارات بنك الاسكان و التعمير,36.44326,19.955238,79.361496,70.66722,31.624939,9.333277,Housing & Development Bank Buildings
عمارات البترول,36.44326,19.955238,79.361496,70.66722,31.624939,9.333277,Petroleum Buildings
مساكن نصر 2,36.44326,19.955238,79.361496,70.66722,31.624939,9.333277,Nasr 2 Housing
عمارات مصر للطيران,36.44326,19.955238,79.361496,70.66722,31.624939,9.333277,Egypt Air Buildings
عمارات اطلس 2,36.44326,19.955238,79.361496,70.66722,31.624939,9.333277,Atlas 2 Buildings
عمارات الوادى,36.44326,19.955238,79.361496,70.66722,31.624939,9.333277,Al Wady Buildings
عمارات الشمس,36.44326,19.955238,79.361496,70.66722,31.624939,9.333277,El Shams Buildings
المجاورة 35,36.44326,19.955238,79.361496,70.66722,31.624939,9.333277,Neighborhood 35
مساكن الضباط,36.44326,19.955238,79.361496,70.66722,31.624939,9.333277,Officer's Housing
عمارات القوات المسلحة,36.44326,19.955238,79.361496,70.66722,31.624939,9.333277,Armed Forces Buildings
عمارات احمد حلمى,36.44326,19.955238,79.361496,70.66722,31.624939,9.333277,Ahmed Helmy Building
عزبة الرشيدى,36.44326,19.955238,79.361496,70.66722,31.624939,9.333277,Ezbet Al Rashidy
مساكن شجرة مريم,36.44326,19.955238,79.361496,70.66722,31.624939,9.333277,Shagaret Maryam Housing
مساكن القوات المسلحه,36.44326,19.955238,79.361496,70.66722,31.624939,9.333277,Armed Forces Housing
المعادي الجديدة,36.44326,19.955238,79.361496,70.66722,31.624939,9.333277,El Maadi El Gadida
طره الاسمنت,36.44326,19.955238,79.361496,70.66722,31.624939,9.333277,Torah Al Asmant
ابو العلا,36.44326,19.955238,79.361496,70.66722,31.624939,9.333277,Abo El A'ela
الشيخ على,36.44326,19.955238,79.361496,70.66722,31.624939,9.333277,El Sheikh Aly
شركس,36.44326,19.955238,79.361496,70.66722,31.624939,9.333277,Sharkas
مساكن ابو الريش,36.44326,19.955238,79.361496,70.66722,31.624939,9.333277,Abou Al Resh Housing
مساكن الإباجيه,36.44326,19.955238,79.361496,70.66722,31.624939,9.333277,Al Abageyya Housing
مساكن جزيره بدران,36.44326,19.955238,79.361496,70.66722,31.624939,9.333277,Gezira Badran Housing
مساكن اسكان ناصر,36.44326,19.955238,79.361496,70.66722,31.624939,9.333277,Masaken Nasser Housing
مساكن القبة الجديدة,36.44326,19.955238,79.361496,70.66722,31.624939,9.333277,New Al Kobba Housing
كمبوند لؤلؤة الشروق,27.691023,16.973969,80.20046,65.02466,24.886189,6.0874953,Louloua El Sherouk Compound
كمبوند الحياة ريزيدنس,27.691023,16.973969,80.20046,65.02466,24.886189,6.0874953,Al Hayah Residence Compound
كمبوند هليوبوليس ريزيدنس,27.691023,16.973969,80.20046,65.02466,24.886189,6.0874953,Heliopolis Residence Compound
كمبوند الباتيو ٤,27.691023,16.973969,80.20046,65.02466,24.886189,6.0874953,El Patio 4 Compound
كمبوند جنة الشروق,27.691023,16.973969,80.20046,65.02466,24.886189,6.0874953,Ganet Al Shorouk Compound
كمبوند الشروق ۲۰۰۰,27.691023,16.973969,80.20046,65.02466,24.886189,6.0874953,Al Shorouk 2000 Compound
كمبوند وادي المسك,27.691023,16.973969,80.20046,65.02466,24.886189,6.0874953,Wadi Almisk Compound
كمبوند أندلسية,27.691023,16.973969,80.20046,65.02466,24.886189,6.0874953,Andalusia Compound
كمبوند جرين فالي,27.691023,16.973969,80.20046,65.02466,24.886189,6.0874953,Green Valley Compound
كمبوند جوهرة الشروق,27.691023,16.973969,80.20046,65.02466,24.886189,6.0874953,Gawharet Al Shorouk Compound
كمبوند هاي تاون,27.691023,16.973969,80.20046,65.02466,24.886189,6.0874953,High Town Compound
قرية طيبة,27.691023,16.973969,80.20046,65.02466,24.886189,6.0874953,Tiba Village
الحى الايطالي,27.691023,16.973969,80.20046,65.02466,24.886189,6.0874953,Italian District
ربوة بدر,27.691023,16.973969,80.20046,65.02466,24.886189,6.0874953,Rabwet Badr
كمبوند الدبلوماسيين,27.691023,16.973969,80.20046,65.02466,24.886189,6.0874953,Al Diplomasieen Compound
البروج,24.703178,15.82079,74.21322,62.85449,22.400135,5.074077,Al Burouj
ن1ج1,27.691023,16.973969,80.20046,65.02466,24.886189,6.0874953,N1C1
ن1ج8,27.691023,16.973969,80.20046,65.02466,24.886189,6.0874953,N1C8
ن1ج7,27.691023,16.973969,80.20046,65.02466,24.886189,6.0874953,N1C7
ن1ج2,24.703178,15.82079,74.21322,62.85449,22.400135,5.074077,N1C2
ن1ج9,27.691023,16.973969,80.20046,65.02466,24.886189,6.0874953,N1C9
اكويلا,24.703178,15.82079,74.21322,62.85449,22.400135,5.074077,Aquila
كمبوند المثقفين,27.691023,16.973969,80.20046,65.02466,24.886189,6.0874953,Al Mothaqfein Compound
كمبوند سكن,27.691023,16.973969,80.20046,65.02466,24.886189,6.0874953,Sakan Compound
هاي لاند بارك,27.691023,16.973969,80.20046,65.02466,24.886189,6.0874953,High Land Park
ن1ج3أ,24.703178,15.82079,74.21322,62.85449,22.400135,5.074077,N1C3A
تريس,27.691023,16.973969,80.20046,65.02466,24.886189,6.0874953,Terrace
ن1ج5,27.691023,16.973969,80.20046,65.02466,24.886189,6.0874953,N1C5
كلوب سايد,24.703178,15.82079,74.21322,62.85449,22.400135,5.074077,Club Side
ن1ج10,27.691023,16.973969,80.20046,65.02466,24.886189,6.0874953,N1C10
اوريون,27.691023,16.973969,80.20046,65.02466,24.886189,6.0874953,Orion
ن1ج15,27.691023,16.973969,80.20046,65.02466,24.886189,6.0874953,N1C15
ن1ج4,24.703178,15.82079,74.21322,62.85449,22.400135,5.074077,N1C4
ن2ج8,24.703178,15.82079,74.21322,62.85449,22.400135,5.074077,N2C8
كمبوند العاملين بمركز القاهرة للملاحة البحرية,27.691023,16.973969,80.20046,65.02466,24.886189,6.0874953,Compound workers Cairo Center for Maritime
كمبوند للعاملين بشركة بترول بلاعيم,27.691023,16.973969,80.20046,65.02466,24.886189,6.0874953,Workers Bala'eim Oil Company Compound
منطقة 36 أ,27.691023,16.973969,80.20046,65.02466,24.886189,6.0874953,Area 36 A
كمبوند اللوتس للعاملين بالهيئة القومية للإتصالات,27.691023,16.973969,80.20046,65.02466,24.886189,6.0874953,Lotus Compound for employees of the National Communications Authority
كمبوند إسكان ضباط المدرعات,27.691023,16.973969,80.20046,65.02466,24.886189,6.0874953,Armored Officers Housing Compound
كمبوند جمعية الفراعنة للإسكان,27.691023,16.973969,80.20046,65.02466,24.886189,6.0874953,Pharaohs Association Housing Compound
كمبوند جمعية الكرنك للبناء والإسكان,27.691023,16.973969,80.20046,65.02466,24.886189,6.0874953,Al Karnak Association for Construction and Housing Compound
كمبوند نقابة التجاريين,27.691023,16.973969,80.20046,65.02466,24.886189,6.0874953,Commercial Syndicate Compound
كمبوند العاملين برئاسة الجمهورية,27.691023,16.973969,80.20046,65.02466,24.886189,6.0874953,Employees of the Republic Presidency Compound
كمبوند العاملين بالأبنية التعليمية,27.691023,16.973969,80.20046,65.02466,24.886189,6.0874953,Compound Workers in Educational Buildings
كمبوند جمعية القاضي الفاضل,27.691023,16.973969,80.20046,65.02466,24.886189,6.0874953,Al Qadi Al Fadel Association Compound
كمبوند جمعية الدلتا,27.691023,16.973969,80.20046,65.02466,24.886189,6.0874953,Al Delta Association compound
كمبوند جمعية دار السعادة,27.691023,16.973969,80.20046,65.02466,24.886189,6.0874953,Dar Al Saada Association Compound
كمبوند الأوقاف,27.691023,16.973969,80.20046,65.02466,24.886189,6.0874953,Al Awqaf Compound
كمبوند جمعية نفرتيتي,27.691023,16.973969,80.20046,65.02466,24.886189,6.0874953,Nefertiti Association compound
كمبوند جمعية جيسكو,27.691023,16.973969,80.20046,65.02466,24.886189,6.0874953,Jesco Association Compound
جمعية البناء والإسكان,27.691023,16.973969,80.20046,65.02466,24.886189,6.0874953,Building and Housing Association
كمبوند ضباط الحماية المدنية,27.691023,16.973969,80.20046,65.02466,24.886189,6.0874953,Civil Protection Officers Compound
كمبوند جمعية أمنحتب للإسكان التعاوني,27.691023,16.973969,80.20046,65.02466,24.886189,6.0874953,Amenhotep Cooperative Housing Association Compound
كمبوند جمعية المهندسين الكيميائيين,27.691023,16.973969,80.20046,65.02466,24.886189,6.0874953,Society of Chemical Engineers Compound
كمبوند النيابة الإدارية,27.691023,16.973969,80.20046,65.02466,24.886189,6.0874953,Administrative Prosecution Compound
كمبوند جمعية مساكن القاهرة,27.691023,16.973969,80.20046,65.02466,24.886189,6.0874953,Cairo Housing Association Compound
شمال الحى المتميز غرب,27.691023,16.973969,80.20046,65.02466,24.886189,6.0874953,North Distinctive District West
شمال الحى المتميز شرق,27.691023,16.973969,80.20046,65.02466,24.886189,6.0874953,North Distinctive District East
مركز المدينة1,27.691023,16.973969,80.20046,65.02466,24.886189,6.0874953,City Center 1
District 5 Compound,27.691023,16.973969,80.20046,65.02466,24.886189,6.0874953,District 5 Compound
المستثمر الصغير,27.691023,16.973969,80.20046,65.02466,24.886189,6.0874953,Small Investors
الأندلس المتميز 2/1,27.691023,16.973969,80.20046,65.02466,24.886189,6.0874953,Andalous Elmotamayez 2/1
الأندلس المتميز 2/2,27.691023,16.973969,80.20046,65.02466,24.886189,6.0874953,Andalous Motamayez 2/2
الأندلس 1 المتميز امتداد,27.691023,16.973969,80.20046,65.02466,24.886189,6.0874953,Andalous 1 Motamayez Emteded
الأندلس عائلي 5 منطقة 6,27.691023,16.973969,80.20046,65.02466,24.886189,6.0874953,Al Andalus Family 5 - Area 6
الأندلس عائلي م 3,27.691023,16.973969,80.20046,65.02466,24.886189,6.0874953,Andalous Family 3
الأندلس عائلي م 4,27.691023,16.973969,80.20046,65.02466,24.886189,6.0874953,Andalous family 4
الأندلس العائلي م 7,27.691023,16.973969,80.20046,65.02466,24.886189,6.0874953,Andalous family 7
الأندلس العائلي م 8,27.691023,16.973969,80.20046,65.02466,24.886189,6.0874953,Andalous family 8
ستون ريزيدنس,36.44326,19.955238,79.361496,70.66722,31.624939,9.333277,Stone Residence
بالم زهراء,36.44326,19.955238,79.361496,70.66722,31.624939,9.333277,Palm Zahra'a
Southern Lotus,27.691023,16.973969,80.20046,65.02466,24.886189,6.0874953,Southern Lotus
الفسطاط,36.44326,19.955238,79.361496,70.66722,31.624939,9.333277,Fostat
Northern Lotus,27.691023,16.973969,80.20046,65.02466,24.886189,6.0874953,Northern Lotus
مجموعة 111,27.691023,16.973969,80.20046,65.02466,24.886189,6.0874953,Group 111
كمبوند دار مصر,36.44326,19.955238,79.361496,70.66722,31.624939,9.333277,Dar Misr Compound
Group 14,27.691023,16.973969,80.20046,65.02466,24.886189,6.0874953,Group 14
Group 21,27.691023,16.973969,80.20046,65.02466,24.886189,6.0874953,Group 21
كابيتال لايف,27.691023,16.973969,80.20046,65.02466,24.886189,6.0874953,Capital Life
B12,27.691023,16.973969,80.20046,65.02466,24.886189,6.0874953,B12
المقاولون العرب,27.691023,16.973969,80.20046,65.02466,24.886189,6.0874953,Arab Contractors
كمبوند نيوم,27.691023,16.973969,80.20046,65.02466,24.886189,6.0874953,Nyoum
معادى فيو,27.691023,16.973969,80.20046,65.02466,24.886189,6.0874953,Maadi View
Group 104,27.691023,16.973969,80.20046,65.02466,24.886189,6.0874953,Buildings 10
Group 66,27.691023,16.973969,80.20046,65.02466,24.886189,6.0874953,Group 66
Group 64,27.691023,16.973969,80.20046,65.02466,24.886189,6.0874953,Group 64
جاردينيا سيتي,36.44326,19.955238,79.361496,70.66722,31.624939,9.333277,Gardenia City
شيراتون,36.44326,19.955238,79.361496,70.66722,31.624939,9.333277,Sheraton
قسم مصر الجديدة,36.44326,19.955238,79.361496,70.66722,31.624939,9.333277,Heliopolis
التوفيق,36.44326,19.955238,79.361496,70.66722,31.624939,9.333277,El Tawfek
المنطقة السادسة,36.44326,19.955238,79.361496,70.66722,31.624939,9.333277,Sixth Area
المنطقة الثامنة,36.44326,19.955238,79.361496,70.66722,31.624939,9.333277,Eigth Area
المنطقة السابعة,36.44326,19.955238,79.361496,70.66722,31.624939,9.333277,Seventh Area
المنطقة التاسعة,36.44326,19.955238,79.361496,70.66722,31.624939,9.333277,Ninth Area
المنطقة العاشرة,36.44326,19.955238,79.361496,70.66722,31.624939,9.333277,Ten Area
شرق المنطقة السادسة,36.44326,19.955238,79.361496,70.66722,31.624939,9.333277,Eastren Sixth Area
المنطقة الأولى,36.44326,19.955238,79.361496,70.66722,31.624939,9.333277,Al Manteqah Al Oula
كمبوند فيفنز,27.691023,16.973969,80.20046,65.02466,24.886189,6.0874953,Vivens Compound
كمبوند ماى فير,27.691023,16.973969,80.20046,65.02466,24.886189,6.0874953,May Fair Compound
The Views Compund,27.691023,16.973969,80.20046,65.02466,24.886189,6.0874953,The Views Compund
The Water MarQ,27.691023,16.973969,80.20046,65.02466,24.886189,6.0874953,The Water MarQ
Kattamya Creek Compund,27.691023,16.973969,80.20046,65.02466,24.886189,6.0874953,Kattamya Creek Compund
AZZAR 2 Compound,27.691023,16.973969,80.20046,65.02466,24.886189,6.0874953,AZZAR 2 Compound
Swan Lake Residences,27.691023,16.973969,80.20046,65.02466,24.886189,6.0874953,Swan Lake Residences
Stei8ht Compund,27.691023,16.973969,80.20046,65.02466,24.886189,6.0874953,Stei8ht Compund
Creek Town,27.691023,16.973969,80.20046,65.02466,24.886189,6.0874953,Creek Town
Sa'ada Compound,27.691023,16.973969,80.20046,65.02466,24.886189,6.0874953,Sa'ada Compound
IVORY East,27.691023,16.973969,80.20046,65.02466,24.886189,6.0874953,IVORY East
سولانا الشرق,27.691023,16.973969,80.20046,65.02466,24.886189,6.0874953,Solana East
The Cresent,27.691023,16.973969,80.20046,65.02466,24.886189,6.0874953,The Cresent
DIJAR Compound,27.691023,16.973969,80.20046,65.02466,24.886189,6.0874953,DIJAR Compound
Palm Hills New Cairo Compound,27.691023,16.973969,80.20046,65.02466,24.886189,6.0874953,Palm Hills New Cairo Compound
I City New Cairo,27.691023,16.973969,80.20046,65.02466,24.886189,6.0874953,I City New Cairo
Telal East Compound,27.691023,16.973969,80.20046,65.02466,24.886189,6.0874953,Telal East Compound
Trio Gardens Compound,27.691023,16.973969,80.20046,65.02466,24.886189,6.0874953,Trio Gardens Compound
Group 112,27.691023,16.973969,80.20046,65.02466,24.886189,6.0874953,Group 112
