name,name_en,latitude,longitude,green_coverage_pct
مصر الجديدة,Heliopolis,30.11772240000001,31.3323044,1.52
عابدين,Abdin,30.044988,31.2488627,0.55
بولاق,Boulak,30.059185500000005,31.2341778,0.56
منشية ناصر,Manshiet Naser,30.03633189999999,31.2763286,0.69
روض الفرج,Rod El-Farag,30.073229899999998,31.2363328,0.13
السبتية,Al-Sabtiyya,30.0648978,31.2298942,1.24
مصر القديمة,Masr Al-Qadima,30.007200800000003,31.229365999999995,3.51
السيدة زينب,Al-Sayyida Zeinab,30.027324100000005,31.2404117,0.45
الغورية,El-Ghuriyya,30.04528519999999,31.2601925,6.64
الظاهر,Al-Zaher,30.0639735,31.2594293,0.06
القاهرة الإسلامية,Islamic Cairo,30.0487472,31.263775400000004,4.42
الوايلى,El-Waily,30.0668177,31.2760789,0.64
حدائق حلوان,Hadayek helwan,29.896826099999995,31.3009298,0.47
وادي حوف,Wadi Hof,29.8827544,31.305307100000004,0.64
المعصرة,Al-Maasara,29.9091281,31.2912838,0.58
عين الصيرة,Ain El Sira,30.0139077,31.245078700000004,3.2
عباسية,Abbasseya,30.0712082,31.2763653,1.08
السكاكينى,El Sakakini,30.06349249999999,31.267710699999995,0.28
الدمرداش,El-Demerdash,30.0801775,31.2805525,0.85
الشرابية,El-Sharrabeya,30.079173,31.2639339,0.04
حدائق الزيتون,Hadayeq Al-Zaitoun,30.1137865,31.3334645,2.04
الزيتون,Al-Zaitoun,30.099836499999995,31.308219399999995,4.96
عين شمس,Ain Shams,30.1304761,31.3167491,0.01
الموسكى,Al-Mosky,30.0503528,31.253695,0.35
الأزبكية,Al-Azbakeya,30.053889100000003,31.2454725,0.25
الجمالية,El-Gamaliyya,30.0518089,31.2648529,0.94
باب الشعرية,Bab Al-Shaaria,30.0584951,31.255282900000005,0.11
الدرب الأحمر,El-Darb El-Ahmar,30.042173100000003,31.2620473,6.65
الخليفة,El-Khaleefa,30.011318299999992,31.264725500000004,0.02
مدينة ميراج,Mirage City,30.071656399999995,31.435368300000004,17.81
مدينة نصر,Nasr City,30.0521177,31.3422045,4.78
القاهرة القديمة,Old Cairo,30.0174001,31.2331964,2.04
المنيل,Al Manyal,30.0209947,31.2255698,3.79
باب اللوق,Bab al Luq,30.04583150000001,31.239586000000003,0.99
الأميرية,Amiriya,30.100000100000003,31.283333,0.25
Stone Park,,29.9896933,31.378953800000005,4.33
كمبوند القطاميه هايتس,,29.9921014,31.404629300000003,27.93
القطاميه,,29.97619399999999,31.4046992,4.75
كومباوند قطامية ديونز,Kattameya Dunes Compound,30.0014688,31.519845900000004,22.51
المجاورة الثالثة الحي الثاني شرق,,30.159752299999997,31.6248966,2.05
Parcel 8547,,30.003103500000005,31.318658,4.55
حي رجال الاعمال- مدينة ١٥ مايو,Businessmen Neighbourhood -15 May City,29.8332498,31.3616914,5.44
مساكن نيركو,Masaken Nerco,29.962840000000003,31.2834824,1.78
دار مصر الأندلس - المرحلة الثانية,Dar Masr Al Andalus - Phase 2,29.9701476,31.5286336,0.79
لافيستا سيتي,La Vista City,30.0037863,31.595787200000004,0.76
كمبوند الرقابه الإداريه,,29.9660191,31.5378788,0.55
الشباب الشمالي,,30.0703064,31.4591161,1.88
مجموعه 123,,30.0635502,31.5164317,3.52
الشباب الجنوبي,,30.056216400000004,31.4602642,2.84
كمبوند نقابة المهندسين,Engineers Syndicate Compound,29.9882506,31.5047412,0.65
كمبوند توب ڤيو,Top View Compound,30.047145900000004,31.505883999999995,5.73
مجموعه 111,Group 111,30.072563399999996,31.5027986,6.23
مدينة الهايكستب العسكرية,Al Huckstep Military City,30.128510871354305,31.51918604370893,0.13
عمارات حدائق العبور,Hadaek Al Obour Buildings,30.07703354629748,31.30876130752129,2.83
منطقة 6,Area 6,30.06231813916326,31.34744651668875,2.37
بلوك 2,Block 2,29.96511318736772,31.282609084592043,1.6
بلوك 1,Block 1,29.966450340845544,31.28120448047458,1.62
الشطر الخامس,El Shatr Al Khames,29.965162559469523,31.28367864749394,1.32
بلوك 18,Block 18,29.959904681675983,31.309640758082804,0.61
بلوك 10,Block 10,29.95989072749356,31.307133473229392,0.49
بلوك 12,Block 12,29.960475703977465,31.30545237299992,0.36
بلوك 8,Block 8,29.96052508718007,31.303773746018745,0.64
بلوك 7,Block 7,29.96045947386263,31.30289762477558,0.68
بلوك 13,Block 13,29.96115773216353,31.3059500500411,0.41
بلوك 14,Block 14,29.96216909433847,31.30426575800264,0.54
بلوك 21,Block 21,29.960904591537293,31.31188453695921,0.92
بلوك 19,Block 19,29.95916991373423,31.31262717527789,0.88
بلوك 20,Block 20,29.95925716659396,31.313403197784197,0.9
بلوك 3,Block 3,29.97135487412745,31.279467685136492,2.51
بلوك 5,Block 5,29.969335450632123,31.27840695379222,2.7
بلوك 4,Block 4,29.97026070971694,31.27894996225405,2.46
بورتو هليوبوليس,Porto Heliopolis,30.08263263805315,31.348746770459503,1.51
مساكن المدينه العماليه,Labor City Housing,30.08316060651756,31.353952834239912,1.63
عمارات الشرطة,Police Buildings,30.037274271078896,31.33670186685937,0.47
عمارات الشركة الوطنية للاسكان,The National Company For Housing Buildings,30.03691998800767,31.345625227235264,0.29
عمارات الفتح,El Fath Buildings,30.036381008858644,31.339636648613794,0.42
بلوك 6,Block 6,30.03727389984613,31.34289008395698,0.25
الشركة الوطنية للمقاولات,National Contracting Company,30.037487819570167,31.34491372949913,0.29
بلوك 11,Block 11,30.035809877860597,31.34559969087683,0.23
نجوم السفارات,Ngom Al Safarat,30.03569828778727,31.344229296643437,0.23
بلوك 16,Block 16,30.036307968264968,31.34207824448698,0.29
بلوك 15,Block 15,30.03521736670915,31.34223827316012,0.42
بلوك 17,Block 17,30.036381620771685,31.342771567398213,0.28
زهرة السفارات,Zahret Alsafarat,30.03652415872069,31.34411186384755,0.23
امتداد رمسيس 1,Extension Ramses 1,30.064919270862557,31.2983278444206,2.4
مساكن تقسيم الاوقاف,Taqsim Al Awqaf Housing,30.10193808310189,31.300222601165093,6.09
بلوك 1187,Block 1187,30.09367145854769,31.372966223685204,0.93
بلوك 1186,Block 1186,30.09378051090374,31.3741903996482,0.93
بلوك 1185,Block 1185,30.093516306304757,31.375444881505945,0.93
بلوك 1165,Block 1165,30.09670712532004,31.375558779299997,0.5
بلوك 1166,Block 1166,30.096508565340823,31.37638717901446,0.5
كايرو فستيفال سيتى,Cairo Festival City,30.028486090724765,31.4103243497458,2.23
منتجع مرتفعات القطامية للجولف والتنس,Katameya Heights Golf and Tennis Resort,29.99043181731588,31.405798732294368,28.51
سوق العبور,Al Obour Market,30.16566729272468,31.470696343184557,0.23
قريه منيل شيحه,Manial Shiha Village,29.947976545544424,31.240077600183888,21.4
مساكن التجهيز,Al taghiz Housing,29.82511842454069,31.352443840482454,2.88
حى السبعين فدان,District Al 70 Fedan,29.99386805775436,31.32669240240356,0.6
مساكن سوزان مبارك,Suzan Mubarak Housing,30.03688093630754,31.30024896205147,0.81
الحى 7,District 7,30.048309801007328,31.3253476529444,2.08
بركه الحاج,Birket El Hag,30.15248521031043,31.361474497387743,0.76
عمارات اول مايو,First May Buildings,30.068259681667552,31.33952685515811,1.22
عمارات رامو,Ramo Buildings,30.070940176590245,31.34983887102047,2.67
عمارات ميلسا,Melsa Buildings,30.076213540139417,31.34578248242094,1.49
منتجع أرابيلا,Arabella Resort,29.987644579658504,31.43461439534644,3.56
قطاع أ2,Sector A2,30.28052588081995,31.78939211627425,0.27
قطاع أ3,Sector A3,30.291848732967225,31.807849929996618,0.29
قطاع أ3 مكرر,Sector A3`,30.30265865850525,31.82351698594088,0.18
كمبوند ليك فيو,Lakeview Compound,30.021965033269083,31.44515165331688,12.93
الحى 6,District 6,30.045208121023,31.3221659307064,1.26
البنفسج 10,Al Banafseg 10,30.045412079026026,31.464524061951423,4.51
البنفسج 12,Al Banafseg 12,30.03939045354856,31.46411189042216,3.95
البنفسج عمارات,Al Banafseg Buildings,30.033823073294933,31.46288841098647,2.79
البنفسج 9,Al Banafseg 9,30.04538634748466,31.471767923688837,5.57
البنفسج 11,Al Banafseg 11,30.039520970777303,31.47174835662398,4.14
جزيره بين البحرين,Gezirat Ben Al Bahren,29.98790056947801,31.22403210638653,13.68
معادى هايتس,Maadi Heights,29.981053676560236,31.3339004401312,0.53
النرجس عمارات 2,El Narges Buildings 2,30.002617863435773,31.44920434514409,2.26
الحى 3,District 3,30.000987964335085,31.437339023175397,1.13
كمبوند لي روا,Le Rois Compound,30.00576515114027,31.50878691557748,8.37
كمبوند سوديك ايستاون,SODIC Eastown Compound,30.01231565206742,31.51507340068825,5.32
النرجس 1,El Narges 1,30.021849270017665,31.45981505703047,3.38
النرجس 2,El Narges 2,30.01773428615972,31.454781433651025,4.59
التبين القبليه,Al Tebin Al Qibliyya,29.77373162328392,31.29257841876064,9.6
مساكن الظباط,Officer's Housing,29.89645996400261,31.309575210214916,0.23
الياسمين 1,Al Yasmeen 1,30.049869439620338,31.45720801569211,3.06
الياسمين 3,Al Yasmeen 3,30.04429367825955,31.457065794042144,3.98
الياسمين 5,Al Yasmeen 5,30.039178867819125,31.45660244763805,3.98
الياسمين 7,Al Yasmeen 7,30.033769702249835,31.45473019215652,4.41
الياسمين 2,Al Yasmeen 2,30.049147150417465,31.4465965787894,4.34
الياسمين 4,Al Yasmeen 4,30.04357531589752,31.44604681932609,4.83
الياسمين 6,Al Yasmeen 6,30.03807110597452,31.44368670986892,4.98
الياسمين 8,Al Yasmeen 8,30.03212720157048,31.44350044300077,6.29
المجاورة 3,Neighborhood 3,29.85466941100341,31.373500975151977,2.74
المجاورة 5,Neighborhood 5,29.85016121910936,31.3795763991122,2.65
المجاورة 21,Neighborhood 21,29.831528845110395,31.373673833348395,3.73
المجاورة 14,Neighborhood 14,29.83892451871023,31.368825114184983,3.6
المجاورة 8,Neighborhood 8,29.85860364583354,31.366164162988625,1.56
المجاورة 18,Neighborhood 18,29.834941810676973,31.38352039113241,1.81
المجاورة 12,Neighborhood 12,29.86639276603112,31.36562954718319,1.1
المجاورة 22,Neighborhood 22,29.831035676448845,31.38438635783004,1.88
المجاورة 2,Neighborhood 2,29.851275940835087,31.369928238160345,2.35
المجاورة 9,Neighborhood 9,29.82203004749213,31.35623305986368,4.59
المعصره المحطه,Al Maasara Al Mahata,29.9077845397494,31.29524316845093,0.86
البنفسج 6,Al Banafseg 6,30.0564422785336,31.464538766201105,3.7
البنفسج 5,Al Banafseg 5,30.056875941262465,31.471780841714452,5.69
البنفسج 4,Al Banafseg 4,30.061676414217175,31.464697770350583,3.42
البنفسج 3,Al Banafseg 3,30.06169500387024,31.471843209038603,4.65
البنفسج 2,Al Banafseg 2,30.06671277124684,31.464691803022504,2.86
البنفسج 1,Al Banafseg 1,30.066954192479933,31.47192021297725,2.78
النرجس 3,El Narges 3,30.0138141050903,31.45015710413708,6.36
النرجس 4,El Narges 4,30.008345111554583,31.45069655115229,2.96
غرب ارابيلا,West Arabella,29.98846373842825,31.425181993335126,2.66
النرجس 5,El Narges 5,30.01094500847565,31.460887587078084,5.15
النرجس 7,El Narges 7,30.005673193860684,31.46011620769224,6.16
النرجس 8,El Narges 8,30.001253527323623,31.465333810705765,6.32
النرجس 6,El Narges 6,30.006334185499952,31.465700712296965,6.46
الديار كمبوند,Al Dyar Compound,30.01517070071598,31.469260919318664,5.03
منطقة 1,Area 1,30.011944929410905,31.443411857157734,7.26
منطقة 2,Area 2,30.008602905818588,31.441134530254192,2.57
منطقة 3,Area 3,30.007973600016072,31.436492163064926,1.51
منطقة 4,Area 4,30.008451403535748,31.432758673870776,1.06
منطقة 5,Area 5,30.01184283020538,31.435991387660174,4.35
منطقة 7,Area 7,30.01388200037829,31.419420045380384,1.25
كمبوند المصراوية,El Masraweya Compound,30.02315449424169,31.477495240105416,2.13
كمبوند كونكورد جاردنز,Concord Gardens Compound,30.02293458727149,31.483427581879567,2.62
كمبوند مون فالى,Moon Valley compound,30.022833771995,31.48822615158568,3.01
امتداد الرحاب,El Rehab extension,30.063683630899448,31.50959161012896,5.25
حى القرنفل,Al Koronfil District,30.052239286446383,31.521537012089816,1.38
القرنفل هايتس,Coronfel Heights,30.057383275970544,31.532708883277927,1.35
كمبوند تمر حنة,Tamr Henna Compound,30.04461277735508,31.533731320799607,1.7
كمبوند لافاونتين بروفينس,La Fontaine Province Compound,30.03802945437683,31.53511287006392,4.17
كمبوند اعمار مفديا,Mivida Emaar Compound,30.007130971805147,31.53846489876119,8.02
كمبوند هايد بارك داماك,Compound Hyde Park Damac,29.98255901210449,31.55022855754984,3.36
كمبوند قطامية ديونز,Katameya Dunes Compound,30.001619671985107,31.51962753257686,22.05
كمبوند قطامية جردنز,Katameya Gardens Compound,29.99456306940009,31.510345511099025,5.95
كومباوند ريفييرا هايتس,Riviera Heights Compound,30.00314267796169,31.49843949792225,2.82
زيزينيا,Zizinia,30.00717208381809,31.49319590461409,2.13
التجمع الأول,First Settlement,30.063752382965323,31.449706445523624,1.66
كمبوند ماكسيم كانترى كلوب,Maxim Country Club Compound,30.03167442239902,31.498673948575608,4.16
كمبوند اميرالد بارك,Emerald Park Compound,30.032556148963952,31.50429496083704,4.14
قطاع اللوتس,Al Lotus Sector,30.02686451543201,31.51724140599961,0.29
منتجع بورتو كايرو,Porto Cairo Resort,30.05408690445941,31.41898946709553,3.04
منتجع النخيل,Al Nakhil Resort,30.05801119726708,31.428855500534866,3.77
كمبوند مارينا سيتي,Marina City Compound,30.05453918410029,31.438865861231367,3.15
كمبوند سون لايك قطامية,Swan Lake Katameya Compound,30.058724678910693,31.439436052938944,3.4
جنوب الأكاديمية منطقة ب,Southern Academy Area B,30.0343869576612,31.42578271034652,4.34
جنوب الأكاديمية منطقة د,Southern Academy Area D,30.035315263645828,31.435258001513706,4.61
جنوب الأكاديمية منطقة هـ,Southern Academy Area E,30.03003918791464,31.434893729524667,6.24
جنوب الأكاديمية منطقة ز,Southern Academy Area G,30.027144097811483,31.43927751525554,9.91
جنوب الأكاديمية منطقة و,Southern Academy Area F,30.02438432565462,31.434497063887036,8.36
جنوب الأكاديمية منطقة ج,Southern Academy Area C,30.025074475726917,31.428091609043225,3.12
منطقة أ,Area A,30.02478713861473,31.41766889612915,2.8
منطقة الخدمات,Services Area,30.00554951844993,31.42587327433089,1.28
الحى 4,District 4,29.995962897564933,31.42597180365497,1.28
الحى 5,District 5,30.000210057924665,31.414550883233943,3.32
الشويفات,Al Choueifat,30.00865362801287,31.409405679480173,2.96
غرب الجولف,West Al Golf,29.99306038922072,31.394603968156623,11.45
إمتداد غرب الجولف 7,West Al Golf Extension 7,29.983413180112198,31.395362856179343,6.34
كمبوند الباتيو 2,El Patio 2Compound,30.053521466981035,31.47979174562253,5.72
كمبوند الباتيو 1,El Patio 1 Compound,30.053719263473027,31.47664423205501,5.2
كمبوند كازا فيردى,Casa Verde Compound,30.051438870793387,31.47706919531462,5.63
كمبوند جولدن هايتس,Golden Heights Compound,30.052462393462925,31.483080258901087,5.13
كمبوند فيلدج افينيو,Village Avenue Compound,30.04966968431047,31.4771025947774,5.49
كمبوند جولدن هايتس 2,Golden Heights 2 Compound,30.049644478252684,31.48394532657764,4.35
كمبوند لانوفا فيستا,La Nouva Vista Compound,30.046839216497453,31.482252704743956,4.33
كمبوند ستيلا,Stella Compound,30.046630759704986,31.477373622522503,4.99
كمبوند أكاسيا,Acacia Compound,30.051089939212485,31.492144004168072,3.98
كمبوند فلاورز بارك,Flowers Park Compound,30.0518404986767,31.496168170203127,4.49
كمبوند سيزون,Seasons Compound,30.050475673769743,31.49969585049777,4.93
كمبوند ماونتين فيو 1,Mountain View 1 Compound,30.05039687962818,31.507342752113452,4.95
كومبوند زهرة التجمع الخامس,Zahret El Tagamao El Khames Compound,30.0422527856113,31.48278271268321,3.12
كمبوند ايديا فيردي,Idea Verde Compound,30.04401468608572,31.477747948798363,4.77
كمبوند ذا واتر واى,The Water Way Compound,30.041498684613213,31.476966819109578,4.37
كمبوند رامبلاس,Ramblas Compound,30.03948325911824,31.476741264879838,4.2
كومبوند ريفر واك,River Walk Compound,30.03756911413172,31.47768913567777,3.97
كمبوند الأشرفية,Al Ashrafiya Compound,30.03776790648626,31.48261711411909,3.58
كمبوند البستان,The Garden Compound,30.04385887138957,31.48717528562986,2.2
كمبوند مدينة الصحفيين,Madinet El Sahafeyeen Compound,30.039699734009663,31.4874877636342,2.36
كمبوند صن سيت,Sun Set Compound,30.03952771160125,31.491350421040902,3.12
كومبوند بجيسكو سيرينا هايتس,Compound Pgesco Serena Height,30.04430694756868,31.491519405606542,3.78
كومبوند رويال لاجون,Compound Royal Lagoon,30.04342132525149,31.494250798658577,4.81
حى جاردينا هايتس 1,Gardenia Heights District 1,29.994861908116388,31.474909650203344,0.28
حى جاردينيا هايتس 2,Gardenia Heights District 2,29.98682345546297,31.475035013783607,0.14
حى جاردينيا هايتس 3,Gardenia Heights District 3,29.97981218434064,31.4740630145834,0.32
القطاع الرابع,Fourth Sector,30.02707500513805,31.494601591957306,3.07
القطاع الثالث,Third Sector,30.02709015209528,31.482859544129788,2.95
القطاع الثانى,Second Sector,30.027731443133263,31.46401431989628,2.18
منطقة خدمات,Services Area,30.01487264791078,31.460319660359183,4.21
التجمع الثالث,Third Settlement,29.981570211118505,31.42611181322712,1.56
كمبوند اوركيديا ريزورت,Orcedia Resort Compound,30.00922329097308,31.482207292439256,1.78
كمبوند بلاجيو,Bellagio Compound,30.03997658111771,31.49997998922251,5.07
كمبوند حياة,Hayat Compound,30.02994469752332,31.479363941356542,2.37
قريه الشوبك الشرقى,Eastern Al Shobak Village,29.752594401310745,31.286495711909687,19.88
مدينة الابطال لضباط القوات المسلحه,Al Abtal City For Armed Forces Housing,29.82800165407496,31.3484896907398,2.14
قرية ستون بارك,Stone Park Village,29.9845678566378,31.381268773222303,4.62
وان قطامية,One Kattameya,29.98018004258496,31.356296291384925,0.38
بالم سيتي,Palm City,29.98168047806885,31.352383058233546,0.35
سما القاهرة,Sama El Qahera,29.984512868603684,31.34289901508809,0.23
البارون سيتي,Baron City,29.985238024859093,31.34006786087261,0.37
مدينة عباد الرحمن,Ebad El Rahman City,29.988890046634367,31.3342864618079,0.75
مدينة الفرسان,El Forsan City,29.98491496408242,31.337434207791983,0.57
معادي جاردنز,Maadi Gardens,29.98501357730601,31.33519694869004,0.6
أبتاون كايرو,Uptown Cairo,30.02382641942908,31.30332702787957,9.53
الدويقة,Al Dweika,30.03606426378749,31.297586131143092,0.67
منشاه ناصر,Monsha'at Nasir,30.03635391710479,31.284055746140112,0.64
مدينة تبارك,Tabarak City,29.980377732814603,31.336126590241744,0.36
بافاريا تاون,Bavaria Town,29.980387494400567,31.33956544583175,0.37
أبراج بدر,Badr Towers,29.983252777968016,31.32028371299826,0.27
كومبوند أشجار دارنا,Ashgar Darna Compound,29.982272172699872,31.32342658006078,0.45
الحي 5,District 5,29.99453932963538,31.31473508742777,0.63
الحي 4,District 4,29.99507689857762,31.30717520167166,0.72
الحي 8,District 8,29.99004872026764,31.307320607602,0.29
الحى 2,District 2,29.99965978425177,31.292043879202154,0.25
الحى 1,District 1,30.005929804217864,31.282365896504075,0.64
الهضبة الوسطى المقطم,Al Hadaba Al Wosta El Mukkatam,29.9958642094658,31.30496408634768,0.5
كمبوند جولدن جيتس,Golden Gates Compound,30.0062502885097,31.343423841057337,1.27
كمبوند لا روز,La Rose Compound,30.013052225383664,31.49822995676149,3.52
كمبوند جاردينيا سبرنجز,Gardenia Springs Compound,30.048316375873643,31.511330698001352,4.11
كمبوند فيلات الريحان,Rayhan Villas Compound,30.045323820185647,31.509777649615103,4.53
كمبوند ديار بارك,Dyar Park Compound,30.045848525930683,31.515533662215542,3.03
كمبوند لاند مارك,Landmark Compound,30.04357462512319,31.51227662074788,4.38
كمبوند ديار صبور,Dyar Sabour Compound,30.04195254329884,31.517698696396412,2.8
كمبوند لينا سبرينجز,Lena Springs Compound,30.038898267802374,31.513208698144403,3.92
كمبوند مون فالي 2,Moon Valley 2 Compound,30.038341251076567,31.51036023397225,4.68
كمبوند وان بيس,One Piece Compound,30.036839362701446,31.51241089327188,3.69
كمبوند قطامية بريز,Katameya Breeze Compound,30.03714520840162,31.50875822395136,4.84
كمبوند الحياة,El Haya Compound,30.034946334203227,31.50745560157982,4.52
كمبوند جولي هايتس,Jolie Heights Compound,30.035740411505216,31.510740732814423,3.97
كمبوند زيزينيا روز,Zizinia Rose Compound,30.039371667968144,31.506485249698898,5.59
كمبوند زيزينيا جاردنز,Zizinia Gardens Compound,30.03734869326766,31.50466607821808,5.34
كمبوند الباتيو 3,El Patio 3 Compound,30.042807767089176,31.505019702843985,6.55
كمبوند كونكورديا 2,Concordia 2 Compound,30.043050606854617,31.503115268652124,6.26
كمبوند صن سيتي جاردنز,Sun City Gardens Compound,30.03442779130518,31.502430776687078,4.85
كمبوند باراديس,Paradise Compound,30.035666961102027,31.50012981311209,4.96
سنترال بارك فيلاز,Central Park Villas,30.036271419425816,31.497282436584054,4.93
كمبوند فيلينو,Villino Compound,30.05152830580743,31.4887068522926,3.89
كمبوند الطلائع,El Talaaei Compound,30.051210357022857,31.486365883400588,4.1
كمبوند لاجو فيستا,Lago Vesta Compound,30.049657281385045,31.48206864901732,5.07
كمبوند سيلفر بالم,Silver Palm Compound,30.048650598440027,31.477120914809703,5.3
كمبوند حياتي رزيدنس,Hayati Residence Compound,30.0476358177573,31.48656017257013,3.19
كمبوند بارك فيو,Park View Compound,30.047305721291725,31.489308623513228,2.63
كمبوند ماس,MASS Compound,30.04719371116493,31.49273867112029,4.12
باراديس الشروق,Paradise Al Shorouk,30.15607064772872,31.65688327629545,1.86
عزبة الهجانة,Ezbet El Hagana,30.063388716899077,31.386232822434643,1.01
B1,,30.10209180029278,31.63806934286936,16.69
الواحة,Al Waha,30.039056627726527,31.372227207123043,0.12
الحى 10,District 10,30.03597742689801,31.366457753832236,0.08
دار مصر القرنفل,Dar Misr Al Koronfil,30.061751936207298,31.527063081203977,1.47
B2,,30.101638034120917,31.64612876201637,10.36
الزهراء,Al Zahraa,29.9420917411532,31.38171029413004,0.08
كريستال بلازا,Crystal Plaza,29.98146815865801,31.332049825269632,0.63
معادى جراند سيتى,Maadi Grand City,29.98088126944129,31.32691364603331,0.47
بيتشو سيتى,Bitcho City,29.97938707521281,31.329992523395365,0.5
Group 71,,30.08596386034137,31.646280108650707,8.79
B7,,30.088207591931635,31.648093210035377,7.78
Group 74,,30.089857209047015,31.64604195695869,8.54
البغاله,El Baghala,30.027311671151207,31.24062487564304,0.42
السيده,El Sayeda,30.031117199542305,31.23837335132284,1.94
خيرت,Khairat,30.03572216586871,31.23976400700373,1.39
السباعين,Al Saba'ain,30.03730060975417,31.242089403942717,0.84
كمبوند فاونتين بارك,Fountain Park Compound,30.024538384277943,31.53181262223645,2.67
ماونتن فيو,Mountain View,29.99037294187537,31.51075844360926,2.96
مدينة المستقبل,Al Mustakbal City,30.164353268834144,31.558431225297717,5.11
مباني 11,Buildings 11,30.07571167685864,31.658677234312837,5.34
B3,,30.08937827980552,31.640125200779195,10.69
مباني 6,Buildings 6,30.07896678655263,31.643208862411267,6.61
Madinaty Golf Heights,Madinaty Golf Heights,30.088966880867723,31.618513529674207,29.01
VG15,Villas Group 15,30.084172920621395,31.62943944351157,15.49
بلوك 9,Block 9,30.063431311073327,31.40631404146574,4.06
عمارات مصر التعمير,Misr Altaemir Buildings,30.058292612750574,31.372094457597616,0.62
منطقة الروبيكى,Al Roubiky Area,30.226657687401456,31.74337988135594,0.11
كمبوند النرجس,El Narges Compound,29.917037562427385,31.64596263417772,5.65
كمبوند الياسمين,Al Yasmeen Compound,29.936178829932945,31.608702592375824,7.5
مركز قيادة الدولة الإستراتيجي (مصر),The Octagon,29.952509555927765,31.632774511256144,0.09
كمبوند فيلت سوديك,Villette Sodic Compound,30.02074498890764,31.54706895696281,4.41
قطاع أ4 مكرر,Sector A4`,30.28299793948797,31.81927890514545,0.71
كمبوند فيلج جيت بالم هيلز,Village Gate Palm Hills Compound,30.01097937328407,31.496564261381096,2.88
كمبوند افاريس,Avaris Compound,30.01998175312956,31.477153821075756,2.62
كمبوند عربية,Arabia Compound,30.017518867778588,31.479499348618003,2.64
كمبوند جاردن فيو,Garden View Compound,30.01269720806584,31.47644998501104,3.26
كمبوند جراند ريزيدنس,Grand Residence Compound,30.013532688641288,31.48376887817934,2.27
كمبوند صن رايز,Sunrise Compound,30.014961470657987,31.48010852523425,2.35
كمبوند الأصيل,Al Aseel Compound,30.01513125000252,31.476738907483675,3.26
كمبوند ريفيرا هيلز,Riviera Hills Compound,30.002957163721785,31.4962038242032,2.03
كمبوند أصالة سيتي,Asala City Compound,30.00330520926805,31.494845809177217,1.83
كمبوند ميدتاون,Midtown Compound,30.012268158901232,31.501077063247056,3.94
كمبوند مارفيل سيتي,Marvel City Compound,30.01393620012781,31.49959712724282,3.71
كمبوند لاتيرا,La Terra Compound,30.009243741637,31.50039209032787,3.85
كمبوند مينا,Mena Compound,30.00810317308856,31.48991568763748,1.95
كمبوند جراند قيصر,Grand Caesar Compound,30.017582316299364,31.47642827225468,3.06
كمبوند الجزيرة جرين بارك,Al Guezira Green Park Compound,30.017554154663888,31.483320030228377,2.34
كمبوند فاونتين بلو,Fountain Blue compound,30.010344695943203,31.475414111538456,3.18
كمبوند ريتاج,Ritaje Compound,30.019758759568244,31.48390484416674,2.2
كمبوند الزهوة,El Zahwa Compound,30.019565336878507,31.48811711348577,2.63
كمبوند فلور دي فيل,Fleur De Ville Compound,30.016853284890225,31.487979281143392,2.83
كمبوند قطامية بالمز,Katameya Palms Compound,30.014632466400112,31.488149473979423,2.78
كمبوند نيو ميريلاند,New Merryland Compound,30.01296359470033,31.48782808097528,2.71
بالم هيلز,Palm Hills,30.019809701944283,31.493004354643272,3.39
كمبوند ناينتي أفينيو,Ninety Avenue Compound,30.023213452922057,31.492946160823656,3.55
كمبوند لايف,Life Compound,30.01059753095102,31.48955916109413,2.46
كمبوند لايف فيو,Life View Compound,30.009944809476856,31.488752474304626,2.25
كمبوند ايزي لايف,Easy Life Compound,30.00974519113309,31.48779883053765,2.25
كمبوند سمارت لايف,Smart Life Compound,30.0112187011382,31.488122468643148,2.54
كمبوند ذا ڤيلا,The Villa Compound,30.00907285791591,31.48544306048657,1.91
كمبوند جنتي,Ganaty Compound,30.005304655895834,31.483598328202127,1.61
كمبوند لافي,La Vie Compound,30.00428768284001,31.50130275991588,2.92
النرجس عمارات 1,El Narges Buildings 1,30.002154786888106,31.455994548012345,4.72
كمبوند حياه ريزيدنس,Hayah Residence Compound,30.037109975470727,31.486084625633776,3.01
كمبوند المرام لاند مارك,El Maram Landmark Compound,30.03579151301785,31.48607783855821,2.8
كمبوند إيتوال دي فيليز,Etoile Des Villes Compound,30.0361456331426,31.48804054172728,3.01
كمبوند قطامية بلازا,Katameya Plaza Compound,30.036259662485087,31.490539093149543,3.01
كمبوند ليلة,Leila Compound,30.0299968773666,31.47658853563717,2.32
PALMA COMPOUND,PALMA Compound,30.030247944111892,31.48281857461393,2.72
كمبوند النخيل,Al Nakhil Compound,29.971940132238625,31.51763128743457,0.59
دار مصر الأندلس - المرحلة الأولى - 29 عمارة,Dar Masr Al Andalus - Phase 1 - 29 Building,29.96962041364924,31.51800074846609,0.55
دار مصر الأندلس - المرحلة الأولى - 70 عمارة,Dar Masr Al Andalus - Phase 1 - 70 Building,29.97197411446662,31.5141492904096,0.5
كمبوند فتون أفينيو,Foton Avenue Compound,29.96967736234065,31.51584538102573,0.71
المرحلة 2,Phase 2,29.970841575359614,31.505845809027097,0.36
المرحلة 1,Phase 1,29.972381603195803,31.507690950091774,0.57
كمبوند الجازي بارك آفي,Al Jazi Park Ave Compound,30.03550082366462,31.478060964393684,3.82
كمبوند الجوهرة,Al Jawahra Compound,30.03396151443324,31.478244368636965,3.2
كمبوند لا كوينتا,La Quinta Compound,30.03394437607366,31.47645667772009,3.04
كمبوند حدائق الفداء,El Feda Gardens Compound,30.03209001859955,31.47616755055264,2.52
كمبوند روك فيرا,Rock Vera Compound,29.969674485569275,31.514073019765544,0.45
كمبوند فيلار,Villar Compound,30.0306332250889,31.490121265466136,2.56
كمبوند المستشارين,Al Mustasharin Compound,30.035979768324637,31.493730926358737,4.2
الأندلس 1,Al Andalus 1,29.990481959371305,31.517417444543423,5.8
الأندلس عائلي,Al Andalus Family Housing,29.98367611756765,31.518597678242376,0.27
كمبوند فاميلي سيتي,Family City Compound,30.03406478421584,31.486339475655,2.72
كمبوند ميراج سيتي,Mirage City Compound,30.07323421692481,31.438626405996207,16.16
كمبوند الجازى جاردن,Al Jazi Garden Compound,30.033514237464622,31.48311867994992,2.54
كمبوند ريماس,Remas Compound,30.035779665328374,31.483010254829363,3.09
"المجاورة 14, 15","Neighborhood 14, 15",30.067031428162235,31.44243991549777,8.42
المجاورة 16,Neighborhood 16,30.06458636441595,31.437410522526456,13.69
المجاورة 17,Neighborhood 17,30.063361701332106,31.442895458521814,5.14
كمبوند فيفث سكوير,Fifth Square Compound,30.050599208410294,31.53793871899141,1.35
كمبوند فيلج جاردنز قطامية,Village Gardens Katameya Compound,30.03845763218865,31.546742239265377,4.1
كمبوند لايك فيو ريزيدانس,Lake View Residence Compound,30.02460085195705,31.538494463401324,5.55
"المجاورة 12, 13","Neighborhood 12, 13",30.07045414882876,31.44370781242325,13.15
امتداد كمبوند بالم هيلز قطامية مرحلة2,Extension Palm Hills Katameya Compound Phase 2,30.046863606509906,31.549051372194157,0.43
امتداد كمبوند بالم هيلز قطامية مرحلة 1,Extension Palm Hills Katameya Compound Phase 1,30.044727185744783,31.543773024504056,1.68
كمبوند جاليريا مون فالي,Galleria Moon Valley Compound,30.019951426141454,31.53864828386685,4.59
كمبوند أسوار ريزيدنس,Aswar Residences Compound,30.02839005756013,31.53189938585319,3.75
الحى الخامس,Fifth District,30.0503469519142,31.58247370750464,0.01
الحى الثالث,Third District,30.063658221235897,31.57734229063613,0.09
كمبوند ليان صبور,Layan Sabour Compound,30.031675092532023,31.54738433949328,5.27
كمبوند ايجلز ريذيدانس,Eagles Residence Compound,30.020907079425367,31.531062426596694,2.07
الحي الرابع,Fourth District,30.048575468764547,31.561863133397495,0.0
الحي الثاني,Second District,30.062955904603736,31.5512640418463,0.15
امتداد تمر حنة,Tamr Henna extension,30.039714243966067,31.539188555553032,3.51
الحي الأول,First District,30.074334813047063,31.55716184133892,0.0
كمبوند بالم هيلز قطامية,Palm Hills Katameya Compound,30.032738291389776,31.538395646353333,6.36
الحي الثامن,Eighth District,30.03026198977522,31.581627773831915,0.0
الحى السادس,Sixth District,30.03316086572632,31.56470716985379,0.04
منطقة جنوب السويس,South Suez Area,30.074188551797366,31.54409504052992,0.52
VG14,Villas Group 14,30.0896659463509,31.63168897075572,19.77
VG17,Villas Group 17,30.08656128961829,31.63361903987024,13.91
VG16,Villas Group 16,30.09021479502745,31.634309023209475,16.87
فيلات الجولف,Golf Villas,30.099448789381373,31.62466936157755,28.93
كمبوند قطامية رزيدنس,Katameya Residence Compound,30.061929190727835,31.42492729382659,6.4
الحى السابع,Seventh District,30.04092015190606,31.58952929999801,0.08
الدبلوماسيين,Al Diplomaseen,29.993533555282315,31.44082024745597,2.95
كمبوند رويال مكسيم,Royal Maxim Compound,30.06182295666464,31.42035907326982,2.08
كمبوند ازاد,Azad Compound,30.012210970610127,31.50817007592347,4.65
VG21,Villas Group 21,30.07566982154708,31.633140356952413,4.49
فيلات 20,Villas 20,30.075946057204007,31.63700309668846,4.89
كمبوند لافنير,L'avenir Compound,30.055437383655786,31.62117990042285,0.12
B10,Buildings 10,30.08241586867221,31.65971300159042,5.78
The Spine - Madinaty,The Spine - Madinaty,30.100496674969406,31.6632551868004,1.25
B14,,30.097755729171023,31.676321074779903,0.75
B15,,30.089971069084186,31.68003364968984,1.3
Privado Compound,Privado Compound,30.09191045039316,31.667636561780025,0.85
B8,,30.09917839458293,31.654001529217872,5.44
كمبوند زيزينيا المستقبل,Zizinia El Mostakbal Compound,30.049679847251763,31.6243386676492,0.08
كمبوند درة الكرز,Dorat Al Karaz Compound,29.994242884373698,31.542442305834324,4.53
كمبوند ايفورا ريذيدانس,Evora Residence Compound,30.020797670619363,31.53511461323351,3.09
منطقة ج,Area C,30.07994586078606,31.560238049669127,0.0
منطقة د,Area D,30.07634962009688,31.54565014528413,0.47
منطقة ب,Area B,30.071771573791345,31.54112145132391,0.47
منطقة هـ,Area E,30.075344205930463,31.55680356728395,0.0
منطقة ز,Area G,30.070508870568588,31.557433639791917,0.0
منطقة ط,Area I,30.067552842977037,31.561678778819303,0.01
منطقة ح,Area H,30.072121105597127,31.561849413545065,0.0
منطقة و,Area F,30.074902460365237,31.55201403712569,0.0
منطقة م,Area M,30.060830741047155,31.56128600451205,0.01
منطقة ل,Area L,30.05848075116426,31.557773060817016,0.0
منطقة ك,Area K,30.056810427378565,31.55487368636098,0.0
منطقة ي,Area J,30.063020404805734,31.556983351437783,0.0
منطقة ن,Area N,30.066583128186977,31.57105088939619,0.05
منطقة س,Area O,30.0553367973313,31.57771260929165,0.0
إمتداد غرب الجولف 4,West Al Golf Extension 4,29.9867607950649,31.390652559853702,2.8
إمتداد غرب الجولف 1,West Al Golf Extension 1,29.990411272088565,31.386621941015107,2.66
كمبوند نيو جاردنز,Neo Gardens Compound,30.061499563405057,31.62733617552311,0.03
منطقة 6ط,Zone I6,30.057724967848102,31.62825950146441,0.01
منطقة 52,Area 52,29.96044552518035,31.50432438675956,0.85
منطقة 35,Area 35,29.96445239315212,31.511978921483383,0.81
لايت سيتى,Light City,29.961613295962174,31.530162556238345,0.35
واحه الاندلس,Andalus Oasis,29.96295328694731,31.53944650077832,0.38
كمبوند كايرو بيزنس بارك,Cairo Business Park Compound,30.05181572038892,31.51403278779471,3.55
كمبوند سيفورة هايتس,Sephora Heights Compound,29.992364452679336,31.504838942617365,0.64
كمبوند نيست كايرو,Nest Cairo Compound,29.99464934168866,31.50707022831672,2.99
كمبوند الباتيو 7,El Patio 7 Compound,30.00015395845898,31.50447991732285,5.85
كمبوند ريجنتس بارك,Regent's Park Compound,30.00023514455292,31.509454258654436,13.96
كمبوند لاميرادا,La Mirada Compound,29.99971560570805,31.507226623802023,5.16
كمبوند نيو لايكز,Neo Lakes Compound,30.064740987427943,31.623981442076328,0.4
لؤلؤة القاهرة الجديدة,Promenade New Cairo Compound,29.984253472615176,31.53014333856036,0.2
منطقة ت,Area V,29.992750210814982,31.47049267298396,0.25
منطقة ش,Area U,29.996298452016124,31.47065719555337,0.57
منطقة ر,Area T,29.993427504633036,31.473630444468693,0.25
منطقة ف,Area Q,29.991431018921663,31.478176626250782,0.17
منطقة ص,Area R,29.994002314007293,31.47607457137076,0.27
منطقة ع,Area P,29.99480757219144,31.47851094398572,0.16
منطقة ق,Area S,29.99744166635451,31.47381258838523,0.34
كمبوند نيو باركز,Neo Parks Compound,30.06988978893509,31.630504581323173,2.11
كمبوند جرين سكوير,Green Square Compound,30.04682842939232,31.633452608374498,0.03
كمبوند اريا,Aria Compound,30.05588730175539,31.617068211025995,0.32
مساكن النصر,Al Nasr Housing,29.977290716239477,31.40568548705244,5.13
مساكن النيل,Nile Housing,29.97625104355864,31.397938106408567,4.97
اسكان النقابات,Syndicates Housing,29.978575123547717,31.39625456399779,5.24
مساكن الجيزة زلزال,Giza Zelzal Housing,29.976859618042667,31.40102553052983,5.66
مساكن الشركة العربية,Arabic Company Housing,29.975800461490685,31.408658203851672,3.55
مساكن سابقة التجهيز,Finished Housing,29.975007510672445,31.406309600295238,3.43
مساكن الصعيد,Al Seid Housing,29.978093389399778,31.408035841903544,4.85
مساكن المحمودية,Al Mahmoudeya Housing,29.97632923369768,31.39609853696053,4.71
إسكان المستقبل 4,Future Housing 4,29.97657642166916,31.41306512275298,2.25
كمبوند ذا سكوير,The Square Compound,29.99828827072614,31.551819404423128,1.9
كمبوند سيتي جيت,City Gate Compound,30.013291662119656,31.570030791554814,0.0
كمبوند سيتي أوف أوديسيا,City of Odyssia Compound,30.05053667131792,31.643252147044727,0.07
كمبوند بيتا جرينز,Beta Greens Compound,30.06282462843217,31.655511041011,0.03
كمبوند كانيون,Canyon Compound,30.06733035915712,31.641096507817934,0.88
كمبوند بلوم فيلدز,Bloomfields Compound,30.06715638843074,31.649377458998195,0.35
كمبوند هاب تون,Haptown Compound,30.05104738557178,31.65808022783095,0.08
مجموعة 126,Group 126,30.060799820075307,31.51535896665429,3.68
كمبوند جايد,Jayd Compound,30.06509642400419,31.520956681935832,2.53
كمبوند ماونتن فيو هايد بارك,Mountain View Hyde Park Compound,29.98738592101815,31.555350887628528,1.33
مجموعة 89,Group 89,30.066624794023305,31.484308105952117,5.98
مجموعة 108,Group 108,30.07067028442604,31.49019993484158,6.36
مجموعة 88,Group 88,30.066590779946747,31.48325829557168,5.82
مجموعة 97,Group 97,30.07555467282824,31.486762562294057,3.59
مجموعة 100,Group 100,30.07358477348453,31.48656455106161,4.07
مجموعة 106,Group 106,30.06810844865372,31.492999203860613,7.67
مجموعة 101,Group 101,30.07147767049392,31.486446094621915,4.81
مجموعة 90,Group 90,30.066521832014917,31.48551383227707,6.16
مجموعة 99,Group 99,30.074255310015616,31.489552827825108,4.58
مجموعة 109,Group 109,30.070275964437027,31.48794206757952,5.88
مجموعة 105,Group 105,30.06775270976178,31.49090936069293,7.3
مجموعة 95,Group 95,30.07237303379158,31.48368610938561,4.02
مجموعة 94,Group 94,30.068261769142616,31.48352004399264,5.14
مجموعة 91,Group 91,30.066166775593125,31.487073119732823,6.67
مجموعة 93,Group 93,30.06826017498949,31.485125838605445,5.58
مجموعة 96,Group 96,30.07499719640461,31.483933493543116,3.19
مجموعة 92,Group 92,30.067215492791355,31.486781936157545,6.53
مجموعة 98,Group 98,30.0759343544311,31.489604827660745,3.83
مجموعة 87,Group 87,30.066645911393124,31.482284834507237,5.63
مجموعة 104,Group 104,30.06854137073887,31.489535928337418,6.96
مجموعة 102,Group 102,30.069613237133133,31.486072359330382,5.36
مجموعة 110,Group 110,30.07234560477465,31.489134431973,5.19
مجموعة 103,Group 103,30.068319210744203,31.48801219887012,6.81
مجموعة 107,Group 107,30.069606905650904,31.49182748643612,7.22
مجموعة 75,Group 75,30.073189271153165,31.47900217180229,2.87
مجموعة 81,Group 81,30.070959580992835,31.479736203347645,3.3
مجموعة 86,Group 86,30.068103531958773,31.48008129852028,4.39
مجموعة 79,Group 79,30.07195824130028,31.479298357193954,3.01
مجموعة 68,Group 68,30.066346255989192,31.477455516686256,3.62
مجموعة 66,Group 66,30.06645373062097,31.480083964959576,4.91
مجموعة 80,Group 80,30.069637820298336,31.478746302990515,3.4
مجموعة 83,Group 83,30.071268848576647,31.481386798375667,4.02
مجموعة 70,Group 70,30.06805806058488,31.47581399653434,2.89
مجموعة 71,Group 71,30.068761209269148,31.47668307730814,3.06
مجموعة 85,Group 85,30.068437571516,31.47918593082831,3.77
مجموعة 67,Group 67,30.06641006522867,31.478919571397157,4.46
مجموعة 76,Group 76,30.07394725880056,31.47996177204117,2.89
مجموعة 84,Group 84,30.06983476264957,31.48150803641204,4.23
مجموعة 69,Group 69,30.066584715382543,31.47593098280604,3.15
مجموعة 78,Group 78,30.074241069406064,31.48199684253055,3.09
مجموعة 74,Group 74,30.07234850452581,31.478106514128974,2.57
مجموعة 73,Group 73,30.07151820654941,31.477347229659312,2.68
مجموعة 72,Group 72,30.07072041353699,31.47611584170177,2.34
مجموعة 82,Group 82,30.07260836220812,31.481305097285983,3.54
مجموعة 77,Group 77,30.07447765374759,31.481079264031525,3.01
مجموعة 136,Group 136,30.053452182818493,31.50784531208819,5.36
مجموعة 132,Group 132,30.05581910822181,31.508112335459614,5.19
مجموعة 133,Group 133,30.055804570131727,31.50588421589075,5.97
مجموعة فيلات 38,Group V 38,30.0541215674584,31.50431878683837,6.2
مجموعة فيلات 37,Group V 37,30.05447065242571,31.501225493859103,5.81
مجموعة فيلات 35,Group V 35,30.056173862323423,31.503503440724625,6.6
مجموعة فيلات 36,Group V 36,30.05735050564324,31.50194258136816,6.94
مجموعة فيلات 32,Group V 32,30.059410716459663,31.50566976622893,6.47
مجموعة فيلات 31,Group V 31,30.06109707668436,31.504062269477654,6.53
مجموعة 61,Group 61,30.06414791307929,31.483752213091236,5.81
مجموعة 53,Group 53,30.06237902779723,31.48433231259014,5.43
مجموعة فيلات 13,Group V 13,30.056309575747512,31.480159394047565,5.26
مجموعة 50,Group 50,30.060891765634604,31.47944614336515,5.2
مجموعة 42,Group 42,30.062786950454424,31.480058150615218,4.88
مجموعة 64,Group 64,30.06422449185076,31.48232055903744,5.49
مجموعة 56,Group 56,30.06411181131644,31.48681376305925,6.22
مجموعة 63,Group 63,30.06288104237045,31.48240966002571,5.31
مجموعة 62,Group 62,30.06317335908789,31.483547528935937,5.47
مجموعة 45,Group 45,30.063046541067752,31.476895079936902,4.51
مجموعة 52,Group 52,30.06171312456873,31.483592562536977,5.44
مجموعة 51,Group 51,30.06166016122124,31.480245597252207,5.21
مجموعة 65,Group 65,30.0650811249378,31.48232614924092,5.86
مجموعة فيلات 14,Group V 14,30.056261179060463,31.47658280784298,4.92
مجموعة 54,Group 54,30.062921887170766,31.48506715828244,5.84
مجموعة فيلات 17,Group V 17,30.059332417103377,31.476036991331963,4.9
مجموعة 46,Group 46,30.06304390171172,31.475703798259687,4.11
مجموعة 60,Group 60,30.06505085955806,31.48380959044832,5.98
مجموعة 43,Group 43,30.063055932448883,31.47907131985252,5.12
مجموعة 44,Group 44,30.062964542340485,31.47791240734661,4.83
مجموعة 58,Group 58,30.06499167652604,31.486326498692307,6.34
مجموعة فيلات 15,Group V 15,30.05955055614021,31.48093980078519,5.2
مجموعة 47,Group 47,30.061842431400216,31.47582408280267,4.3
مجموعة 59,Group 59,30.064560068562677,31.48529102546721,5.89
مجموعة فيلات 16,Group V 16,30.059308240032568,31.47815923126161,5.65
مجموعة 57,Group 57,30.064982823771462,31.48738343900014,6.39
مجموعة 49,Group 49,30.061803294022056,31.478525666519403,5.44
مجموعة 48,Group 48,30.06171488855004,31.47726948514612,5.02
مجموعة 55,Group 55,30.0635295416253,31.485887504842665,6.2
مجموعة 113,Group 113,30.07369832221688,31.506253883199687,5.11
مجموعة 118,Group 118,30.07077052758237,31.51126800149427,2.55
مجموعة 115,Group 115,30.07183563635695,31.507824591352072,4.43
مجموعة 114,Group 114,30.07178448554724,31.505268154928302,5.83
مجموعة 116,Group 116,30.07305165000679,31.50985823961122,2.69
مجموعة 117,Group 117,30.07210511108064,31.51307270810909,2.25
مجموعة 129,Group 129,30.057626574600214,31.511883863192644,4.22
مجموعة 127,Group 127,30.0596082475478,31.512915454228214,3.7
مجموعة 128,Group 128,30.057796078004596,31.51433845571698,3.59
مجموعة 131,Group 131,30.054877458692545,31.512282062374776,3.98
مجموعة 125,Group 125,30.0616883031791,31.51261149527635,3.99
مجموعة 130,Group 130,30.056240526776094,31.51001372259724,4.53
مجموعة فيلات 29,Group V 29,30.06253886178161,31.509147371762644,5.38
مجموعة فيلات 30,Group V 30,30.06063490529323,31.508114177177184,5.72
مجموعة فيلات 28,Group V 28,30.06294912675363,31.505878796645057,6.26
مجموعة 124,Group 124,30.063730287926784,31.513416590452213,3.85
مجموعة فيلات 25,Group V 25,30.066772691803795,31.509369436112998,4.5
مجموعة 120,Group 120,30.0686966644344,31.515422310355163,2.36
مجموعة فيلات 26,Group V 26,30.06543462789772,31.506422724135344,5.17
مجموعة 119,Group 119,30.068496534297577,31.51305011125157,2.79
مجموعة 122,Group 122,30.065983192029584,31.514612494675184,3.34
مجموعة فيلات 27,Group V 27,30.064579879419803,31.509849086828048,4.86
مجموعة 121,Group 121,30.067080246272265,31.518000765020627,2.68
مجموعة فيلات 7,Group V 7,30.055240535670464,31.49796945070645,5.32
مجموعة فيلات 6,Group V 6,30.058126188206405,31.498350128846003,6.42
مجموعة فيلات 1,Group V 1,30.0594051048875,31.50055362958545,6.64
مجموعة فيلات 2,Group V 2,30.060661623113045,31.49922325081057,6.69
مجموعة فيلات 4,Group V 4,30.06370876028948,31.496868809016927,7.06
مجموعة فيلات 3,Group V 3,30.06246260405685,31.49843599168717,6.5
مجموعة فيلات 5,Group V 5,30.06171995028072,31.495724375686265,6.81
مجموعة 18,Group 18,30.064066339592703,31.49355315943924,7.52
مجموعة 17,Group 17,30.062820873888363,31.493485169580666,6.83
مجموعة 16,Group 16,30.061366950825818,31.493530026403334,6.83
مجموعة 15,Group 15,30.060338567176384,31.494323016899006,7.13
مجموعة 14,Group 14,30.059168204637714,31.495444562733912,7.19
مجموعة 13,Group 13,30.05768500682389,31.495520239031123,6.75
مجموعة 12,Group 12,30.05644505763992,31.495594236897198,5.81
مجموعة 11,Group 11,30.055167144927783,31.495426557700878,5.22
مجموعة 10,Group 10,30.053903361168523,31.495366618382725,4.78
مجموعة 9,Group 9,30.05410740234621,31.49375668213232,5.12
مجموعة 8,Group 8,30.055531374829776,31.493844850552435,5.73
مجموعة 7,Group 7,30.056753179427563,31.49393406849095,5.92
مجموعة 6,Group 6,30.05788113334873,31.493886297526224,6.67
مجموعة 5,Group 5,30.059173585738595,31.49372908306947,7.09
مجموعة 4,Group 4,30.06043289756308,31.49253996456818,6.34
مجموعة 3,Group 3,30.06160852055044,31.49225286566431,6.31
مجموعة 2,Group 2,30.062965422502717,31.49225089976183,6.82
مجموعة 1,Group 1,30.06414196856481,31.49227780361686,7.02
المشتل,Al Mashtal,30.008209902555144,31.4031256575214,3.81
مجموعة 41,Group 41,30.05977373801423,31.488054860129548,5.48
مجموعة 40,Group 40,30.060943137407623,31.488191853000707,5.67
مجموعة 39,Group 39,30.06122617782565,31.48943013643024,5.94
مجموعة 38,Group 38,30.06246591368589,31.48914956113612,6.47
مجموعة 37,Group 37,30.062120806970643,31.48814666446425,6.13
مجموعة 36,Group 36,30.06313034690965,31.487727526837887,6.18
مجموعة 35,Group 35,30.063849226413065,31.48816468987752,6.28
مجموعة 34,Group 34,30.063771593326216,31.48912335523957,6.59
مجموعة 33,Group 33,30.06382857915354,31.490069772400147,6.92
مجموعة 32,Group 32,30.063918555765788,31.49109493156966,6.95
مجموعة 30,Group 30,30.06266365283828,31.490116098805466,6.81
مجموعة 31,Group 31,30.06266848388061,31.49106249047465,6.82
مجموعة 29,Group 29,30.06144688456512,31.49095418034165,6.18
مجموعة 28,Group 28,30.060571323553383,31.490718002465872,5.98
مجموعة 27,Group 27,30.059883558020708,31.489569222630617,5.58
مجموعة 26,Group 26,30.057650246010454,31.48982036556276,5.68
مجموعة 25,Group 25,30.056312150842874,31.48981840597674,5.06
مجموعة 24,Group 24,30.05516662820025,31.489896268232503,4.84
مجموعة 23,Group 23,30.05396787844295,31.489916909117834,4.89
مجموعة 22,Group 22,30.05407243081738,31.488478642549715,4.75
مجموعة 21,Group 21,30.05543443043979,31.4884413993317,4.81
مجموعة 20,Group 20,30.056729656995365,31.48838293667606,4.79
مجموعة 19,Group 19,30.057786184198555,31.488500588692883,5.01
مجموعة فيلات 9,Group V 9,30.05791814618712,31.48632088402354,4.83
مجموعة فيلات 8,Group V 8,30.05494237638984,31.48674627340587,4.67
مجموعة فيلات 12,Group V 12,30.05531208842793,31.484051659645324,5.28
مجموعة فيلات 11,Group V 11,30.05791103640161,31.48308399130188,5.1
مجموعة فيلات 10,Group V 10,30.06081885385844,31.48583958608191,5.79
المجاورة 1,Neighborhood 1,30.149489063248577,31.718531701552,0.88
المجاورة 7,Neighborhood 7,30.11420498626888,31.724286726506627,0.73
المجاورة 4,Neighborhood 4,30.121918251881887,31.736450329191907,0.05
المجاورة 6,Neighborhood 6,30.119190001521787,31.72537531153428,1.11
المجاورة 11,Neighborhood 11,30.114037130199897,31.737797300584816,0.06
المجاورة 10,Neighborhood 10,30.11776769077409,31.73812741259026,0.12
المجاورة 15,Neighborhood 15,30.114803279777856,31.728336652802675,0.29
المجاورة 13,Neighborhood 13,30.118419055931252,31.73337649636864,0.07
المجاورة ل,Neighborhood L,30.123433450074824,31.714733340904928,2.48
المجاورة أ,Neighborhood A,30.116482743434485,31.71147274381971,1.39
المجاورة ب,Neighborhood B,30.115692072249765,31.718457118144396,1.32
المنطقة الصناعية المركزية,Central Industrial Area,30.14498742040789,31.745530781243836,0.31
منطقة 100 فدان السكنية,The 100 Acres Residential Area,30.14725331891202,31.76643341011648,3.68
منطقة 100 فدان,The 100 Acres Area,30.14812465627397,31.765436461860688,3.83
البنفسج 8,Al Banafseg 8,30.050779653372555,31.46458590013975,4.16
البنفسج 7,Al Banafseg 7,30.05118342519513,31.471871447420742,5.25
المجاورة ك,Neighborhood K,30.12165399252869,31.71968635787807,1.99
مشروع صندوق إسكان عثمان,Othman Housing Fund Project,30.147167445514214,31.704622621566685,0.21
مساكن التعاونيات,Al Tawenyat Housing,30.15092824676824,31.701747219163664,0.28
منطقة ال 250 فدان السكنية,The Residential Area Of The 250 Acres,30.13369213201252,31.749008793417676,0.17
المنطقة الصناعية,Industrial Area,30.13024541889333,31.74985124059669,0.11
شرق الروبيكي,East of the Rubiki,30.12114645174089,31.751224370953928,0.12
قطاع أ6,Sector A6,30.240293286055053,31.758937521258837,0.46
قطاع أ1 مكرر,Sector A1`,30.267225693314305,31.769916950899656,0.35
عمارات ايوب,Ayoub Buildings,30.07914295149785,31.34561253198504,1.72
عمارات السعودية,Saudi Buildings,30.075742174922468,31.34043825107476,1.35
مباني المدفعية الرئاسية,Presidential Artillery Buildings,30.073757959225816,31.3425178323329,1.1
عمارات الامداد و التموين,Supply And Provision Buildings,30.070594273627133,31.34534835540027,1.79
عمارات شباب المهندسين,Shabab Al Mohandeseen Buildings,30.07027879286528,31.342796155552385,1.2
قطاع أ5 مكرر,Sector A5`,30.261431766509958,31.780934663933756,0.11
قطاع أ5,Sector A5,30.271785965409432,31.802429761241424,0.53
قطاع أ4,Sector A4,30.29237243878486,31.831299819660188,0.45
عمارات الشروق,El Shorouk Buildings,30.07071035300952,31.3676718916222,1.24
33 عمارة,33 Buildings,30.062160108787943,31.35926859089868,1.53
29 عمارة,29 Buildings,30.06361289437848,31.35931512126632,1.8
عمارات الشرارة,Al Sharara Buildings,30.06560353709863,31.35909279270456,2.24
عمارات مقاتلى رمضان,Moqately Ramadan Buildings,30.067326339771085,31.358692278650885,2.99
مدينة المبعوثين,Al Mabaaothen City,30.0600510254315,31.359029398700404,0.97
الفردوس,Al Ferdous,30.06659045050439,31.362649427596697,1.99
ديار النادي الاهلى,Dyar Al Ahly Club,30.06313755445375,31.361173792109117,1.8
التعاونيات,Cooperatives,30.057427877727548,31.362234154258683,0.83
عمارات التوفيقيه,Al Tawfiqeya Buildings,30.06111557756796,31.374054601218837,0.45
مشروع 29 عمارة,29 Building Project,30.060158271249374,31.37568885522812,0.42
عمارات الرقابه الإدارية,Al Reqaba Al Edaria Buildings,30.062696369535196,31.378056551214787,0.3
الحديقه الدوليه,El Hadika El Dawleyya,30.048713736113545,31.333621912668164,5.65
عمارات الشرق للتأمين,Al Sharq Insurance Buildings,30.05202124234371,31.33622200861016,5.24
عمارات عثمان احمد عثمان,Othman Ahmed Othman Buildings,30.052784015002395,31.33449114003468,5.48
مساكن بنك الاسكان والتعمير,Housing And Development Bank Housing,30.057304548595397,31.358690857269305,1.23
عمارات اطلس,Atlas Buildings,30.059462869271048,31.362234604206368,0.66
مدينة القضاة,Madinat Al Qudah,30.060720322667976,31.361845413406456,0.97
الجولف,El Golf,30.07725921948079,31.33035074842917,2.0
عمارات الشرطة الجديدة,New Police Buildings,30.03563627995721,31.34127318430225,0.36
ابراج نصر الشرطة,Nasr Police Towers,30.03705415125568,31.334818755473723,0.42
عمارات التعاونيات ك,Cooperatives K Buildings,30.056431211532075,31.296016421686037,2.21
مساكن المهندسين,Masaken Al Mohandeseen,30.075926507699307,31.348598678215303,1.86
منطقه السينما,Cinema Area,30.060994476829723,31.324275458482663,5.54
رابعة العدوية,Rabaa El Adaweyya,30.068686172886284,31.322166028313497,5.42
عمارات التوفيق,Al Tawfik Buildings,30.072327554516377,31.320976586368698,3.81
الشركات,Al Sharikat,30.076598834148143,31.317334450757247,3.88
امتداد رمسيس 2,Extension Ramses 2,30.062746777560253,31.303573086643016,2.61
عمارات المهمات,Al Mohmat Buildings,30.06256924951074,31.297053051778388,2.29
عمارات ايديال,Ideal Buildings,30.056299400630408,31.29041916546713,1.34
مشروع 10 عمارات,10 Buildings Project,30.05407841880064,31.29000628930385,1.35
عمارات التعاونيات ج,Cooperatives C Buildings,30.055545869653848,31.291981876579467,1.37
حى السفارات,Al Safarat District,30.0381067698023,31.339024403381597,0.45
عمارات الحرس الجمهورى,Republican Guard Buildings,30.06974189743292,31.33551600331554,1.04
عمارات المروة,Al Marwa Buildings,30.079038097344156,31.32769117604345,3.44
عمارات رابعة العدويه الاستثمارية,Rabaa Al Adawiya Investment Buildings,30.07206601983262,31.3372729904818,0.97
مساكن كليه البنات,Kolleyet Al Banat Housing,30.07623261404158,31.335383193358265,2.26
مساكن الهيئة العربية للتصنيع,Arab Organization for Industrialization Housing,30.066794485341724,31.34582131333425,2.18
عمارات أطلس,Atlas Buildings,30.066203054810764,31.34788008344605,2.33
منطقة 9,Area 9,30.052438805904337,31.364440076280733,0.91
شرق منطقة 6,East Area 6,30.062202544108576,31.368032079468232,0.48
النادي الاهلى,Al Ahly Club,30.07361468861136,31.36561092277485,1.99
مطار القاهرة,Cairo Airport,30.11433240766461,31.351928593165376,3.11
المنتزه,Al Muntazah,30.09226284955249,31.321583047633645,5.63
البستان,El Bostan,30.099512553997958,31.327649044711272,2.71
مساكن الجيزة,El Giza Housing,30.01568020965221,31.330967393771218,0.93
مساكن القاهرة,Cairo Housing,30.01588043099596,31.333651666913557,0.89
مساكن المحموديه,Al Mahmoodia Housing,30.014191683063395,31.334108377230784,0.73
مساكن اسبيكو,Esbeko Housing,30.012913432384966,31.33296012962572,1.25
مساكن اطلس,Atlas Housing,30.01222910287564,31.331635384060856,1.52
مساكن الاسكندرية,Alexandria Housing,30.0117667697061,31.335316023833176,0.52
مساكن النيل و الكبارى,Nile and Bridges Housing,30.01352863928763,31.33536187096259,0.59
مساكن العبد,El Abd Housing,30.013561707089423,31.33712070137025,0.42
مساكن الدلتا,Delta Housing,30.012779462196534,31.33920293508528,0.51
مساكن ايجيكو,Egyco Housing,30.01077742497467,31.33677076984766,0.54
المساكن الجاهزة,Ready Housing,30.01030176831391,31.338407778653583,0.53
عزبه العرب,Ezbet Al Arab,30.05041552801825,31.29668816675338,2.17
منطقة 8,Area 8,30.05032432550748,31.34801107968435,1.03
عمارات 81,Buildings 81,30.046926706407945,31.355241496089757,1.06
عمارات المنيل,Al Manyal Buildings,30.05092677433044,31.35141665551509,1.33
النزهه الجديدة,New Al Nozha,30.125405240158088,31.37111673086892,0.55
الهايكستب,El Haykesteb,30.13606917471156,31.39910654346665,0.05
عمارات الفاروقية,Al Farouqia Buildings,30.13893988168467,31.39194028852966,0.05
مساكن السويسرى أ,Al Swisry A Housing,30.0454497028383,31.360355353902897,0.82
مساكن السويسرى ب,Al Swisry B Housing,30.04576259851696,31.367440645783727,0.31
مساكن صقر قريش,Sakr Quraish Housing,30.042605409001872,31.37297595158715,0.17
الجيزة,El Giza,30.01557580590366,31.332695682873016,0.87
العبد,El Abd,30.01309906330186,31.33788831144126,0.44
المنيل الشرقي,East Al Manial,30.022602604561307,31.22746236957887,3.64
المنيل الغربي,West Al Manial,30.02646041489577,31.22560404807596,3.95
الوفاء والامل,Al Wafaa and El Amal,30.024779891751525,31.34889095999534,0.7
عين الصيره,Ein El Seirah,30.013081814741653,31.24384248153421,3.46
مساكن الكويت,Al Kuwait Housing,30.005823036612213,31.33013956605477,2.44
مساكن البساتين,Al Basatin Housing,30.00696237802308,31.330097347913643,2.4
مساكن مصر العليا,Upper Egypt Housing,30.008037375566825,31.330230434762523,2.36
مساكن الإنشاءات,Construction Housing,30.009247934887725,31.32956781590213,3.07
مساكن رولان,Rollan Housing,30.00758938333172,31.33529103507541,0.66
مساكن الوادى,El Wady Housing,30.005038126051826,31.3357054888675,0.48
مدخل 2,Entrance 2,30.00969823779244,31.334274890227714,0.97
مدخل 1,Entrance 1,30.00913650633892,31.3372792453002,0.55
اطلس ج,Atlas G,30.006900277224045,31.338472535248904,0.51
بلوكات 85,Blocks 85,30.04806319604068,31.350683752825475,1.16
صبحى حسين,Sobhy Hussein,30.00127613441205,31.332736742670185,1.51
مساكن اسكندرية,Alexandria Housings,29.998960293291876,31.332277120502088,0.73
مساكن اسبيكو وتعاونيات القاهرة,Espico Housings and Cooperatives Cairo,30.00258113464475,31.333582761346577,1.23
شريف,Sherif,30.092083298165303,31.247922625721067,0.98
مساكن الشركه الكويتيه المرحله 2,Kuwaiti Company Housing Phase 2,29.987498476202155,31.28069780857723,0.53
مساكن الشركه الكويتيه المرحله 1,Kuwaiti Company Housing Phase 1,29.98825434060297,31.28002410335281,0.47
مساكن الشركه الكويتيه,Kuwaiti Company Housing,29.986669374235596,31.276073775684203,0.59
مساكن الشركه السعوديه القطاع 7,Saudi Company Housing Sector 7,29.985055873640803,31.278487533871527,0.84
إسكان النصر,Al Nasr Housing,29.888396790302902,31.30624115274585,0.69
وادى حوف,Wadi Hof,29.885107160190227,31.311903848264084,0.67
الزهار,El Zahar,30.06009403033741,31.24099979671409,0.25
القللى,EL Kolaly,30.062196424387214,31.241176788677784,0.24
طره الحجاره,Torah El Hagara,29.94289333841155,31.28228757232891,1.38
مشروع 18 عمارة,18 Building Project,30.043081928628357,31.36408842215597,0.33
مشروع 19 عمارة,19 Building Project,30.03762625284312,31.358640116728814,0.25
مساكن الطوب الرملى,Al Toub Al Ramli Housing,30.035492845618528,31.35782029675755,0.47
"التعاونيات, مساكن الطوب الرملى","Cooperatives, Al Toub Al Ramli Housing",30.033379088913453,31.36858568140752,0.09
الروضه والمقياس,Al Roda and Al Mekyas,30.012322256082356,31.22475997252413,3.22
النزهه,Al Nozha,30.10348889719546,31.33763707154624,1.46
مساكن التبين الشعبيه,Al Tebin Al Shaabiyya Housing,29.786872400804395,31.29569568798588,8.24
منشيه البكرى,Mansheyet El Bakry,30.08433721604404,31.309009577394047,2.26
الاميريه البلد,Al Amireya Al Bald,30.107994216208063,31.270694620032785,0.64
النهضه,El Nahda,30.162443563117066,31.43302487857428,0.67
عمارات 800,Buildings 800,30.052586351948868,31.39080188479375,0.78
عمارات 700,Buildings 700,30.05141781700583,31.38884719148115,0.58
عمارات 600,Buildings 600,30.05088581175814,31.38668180869946,0.45
زهراء مدينة نصر,Zahraa Nasr City,30.046682839193352,31.390647704577752,0.77
عمارات 900,Buildings 900,30.053840394080854,31.38582298142687,0.49
عمارات 3000,Buildings 3000,30.053829112752737,31.384379027374123,0.61
المرحلة 7,Phase 7,30.036865274185143,31.39777497140189,2.01
عمارات 4000,Buildings 4000,30.042117619808128,31.394581485407272,1.6
عمارات 2000,Buildings 2000,30.041807225551093,31.39739209236844,2.51
عمارات 1000,Buildings 1000,30.04750832121088,31.39789587644093,1.48
عمارات 500,Buildings 500,30.04989663481729,31.39654096917876,0.95
عمارات 400,Buildings 400,30.04955264999988,31.39354754512033,0.25
عمارات 300,Buildings 300,30.047655673281223,31.391664253498742,0.58
مجموعة 112,Group 112,30.07763121554157,31.655020161982385,5.79
العباسيه البحريه,Al Abbasseya El Baharia,30.073622375232063,31.282852942088116,1.53
العباسيه الغربيه,West Al Abbasseya,30.07060756300869,31.279449119493965,1.3
مساكن مصر للطيران,Egypt Air Housing,30.081037745080906,31.37539741939469,1.17
عمارات الامل,Al Amal Buildings,30.080185190322688,31.37680364752099,1.22
مساكن مدينة ضباط الماظة,Almaza Officer's City Housing,30.08044138184996,31.378331522419764,1.18
مساكن مصر للتعمير,Misr For Development Housing,30.10658444997835,31.380035977074247,0.42
مصر الجديدة للاسكان و التعمير,Heliopolis For Housing And Development,30.099986504213877,31.37160862977593,0.98
حى الوزراء,Ministry District,30.09835841167938,31.379026401346948,0.62
عمارات التعاونيات,Cooperatives Buildings,30.104337295916483,31.374185380604324,0.95
شيراتون المطار,Sheraton Al Matar,30.108390066122485,31.407446830504387,0.0
بلوك 1221,Block 1221,30.099652516041026,31.369945524574074,0.75
بلوك 1115,Block 1115,30.103424527884982,31.36549168070117,1.26
بلوك 1178,Block 1178,30.09568409485044,31.37834437099048,0.67
بلوك 1154,Block 1154,30.09894449234105,31.37396172253516,0.76
بلوك 1144,Block 1144,30.10049986673485,31.379019072425383,0.7
بلوك 1228,Block 1228,30.10102324203465,31.36939134594719,0.95
بلوك 1216,Block 1216,30.10341172083985,31.37151538712673,1.23
بلوك 1177,Block 1177,30.095301484053653,31.379054782781388,0.72
بلوك 1160,Block 1160,30.095791438998944,31.37228852041939,0.77
بلوك 1145,Block 1145,30.1004343754112,31.37829617853705,0.73
بلوك 1116,Block 1116,30.102705107203708,31.36634426401959,1.33
منطقة 9,Area 9,30.105212391461865,31.378510131913902,0.52
بلوك 1117,Block 1117,30.102315983046143,31.367498148589316,1.29
بلوك 1182,Block 1182,30.09380000952924,31.378766780477413,0.76
بلوك 1161,Block 1161,30.097096404927907,31.373210104997344,0.67
بلوك 1150,Block 1150,30.098811994368607,31.381357308061048,0.51
بلوك 1112,Block 1112,30.10357027189109,31.36639980306968,1.27
بلوك 1140,Block 1140,30.101645386997568,31.38057178527888,0.58
بلوك 1114,Block 1114,30.104085205600907,31.3647087724481,1.26
بلوك 1181,Block 1181,30.0947235992437,31.37974063353564,0.65
بلوك 1156,Block 1156,30.098434953660544,31.371950834385952,0.81
بلوك 1170,Block 1170,30.09724730460878,31.380724531136185,0.55
بلوك 1222,Block 1222,30.09954137305721,31.370865720914225,0.8
بلوك 1105,Block 1105,30.104985834647763,31.36962883969256,1.06
بلوك 1168,Block 1168,30.09648250926006,31.37891415730084,0.71
بلوك 1219,Block 1219,30.101358707149146,31.36793217583699,0.9
بلوك 1159,Block 1159,30.097249526123363,31.372108597046324,0.83
بلوك 1148,Block 1148,30.09846040290296,31.37713548263796,0.67
بلوك 1155,Block 1155,30.099986071051752,31.374458763009876,0.87
بلوك 1107,Block 1107,30.10518314318783,31.368201747852453,1.14
بلوك 1103,Block 1103,30.10579019448902,31.36631598292769,1.51
بلوك 1220,Block 1220,30.100415330209756,31.36904682864516,0.86
بلوك 1183,Block 1183,30.09385586562284,31.376704335783227,0.75
بلوك 1149,Block 1149,30.09895212433387,31.37989873550725,0.59
بلوك 1226,Block 1226,30.10185691774942,31.3703143886988,1.03
بلوك 1141,Block 1141,30.10143936555796,31.379983721569157,0.69
بلوك 1217,Block 1217,30.103168636313097,31.36947132283486,1.28
بلوك 1119,Block 1119,30.103879162495502,31.369248799668885,1.17
بلوك 1184,Block 1184,30.094607234510047,31.375761057537247,0.83
بلوك 1179,Block 1179,30.0957660926692,31.377475496379503,0.65
بلوك 1223,Block 1223,30.10112499458239,31.37263229774952,0.98
بلوك 1104,Block 1104,30.10602846533398,31.368344545146197,1.32
بلوك 1143,Block 1143,30.100922311110057,31.379487008060856,0.69
بلوك 1218,Block 1218,30.10212788729711,31.36831692960209,1.12
بلوك 1118,Block 1118,30.103223428684696,31.36839733826952,1.26
بلوك 1163,Block 1163,30.09659084721092,31.37425909523088,0.65
بلوك 1180,Block 1180,30.0945810999016,31.37761869087128,0.67
بلوك 1157,Block 1157,30.098327062115576,31.374033701736145,0.59
بلوك 1142,Block 1142,30.10180724031013,31.377917466973507,0.71
بلوك 1224,Block 1224,30.10267398576884,31.371222047365,1.11
بلوك 1109,Block 1109,30.10432319093064,31.36828422373307,1.06
بلوك 1164,Block 1164,30.096649015700685,31.374908066995403,0.6
بلوك 1169,Block 1169,30.09714980805344,31.380115631182587,0.62
بلوك 1158,Block 1158,30.09772645271864,31.37378807457645,0.53
بلوك 1146,Block 1146,30.100062494676816,31.37675090489191,0.7
بلوك 1227,Block 1227,30.102244254284937,31.37074488424928,1.06
منطفة 6,Area 6,30.10489734640046,31.38395505491248,0.37
بلوك 1111,Block 1111,30.10355803892334,31.367440493069115,1.37
بلوك 1167,Block 1167,30.096818861811805,31.377686846454235,0.54
بلوك 1153,Block 1153,30.0988342074381,31.37610153377429,0.66
بلوك 1147,Block 1147,30.099336207685845,31.37853489738774,0.68
مساكن السعوديه,Al Sudia Housing,30.0988797003267,31.294182612796305,9.1
الرملى,Al Ramly,30.05295182792913,31.256303367827982,0.16
الشيخ ندا درب مصطفى,El Sheikh Nada Darb Moustafa,30.05364338830301,31.25500178276222,0.19
قصوره الشوام,Qusorat Al Shawam,30.067132398518726,31.241306238684132,0.22
محمد مظهر,Mohamed Mazhar,30.06632483494841,31.224120238210293,3.98
عمر الخيام,Omar El Khayam,30.047547194197406,31.224920817609377,12.19
مساكن الصعيد 1000,Al Saeid 1000 Housing,30.16008038541931,31.427240948358687,1.14
مساكن رئاسة الجمهوريه,Presidential Housing,30.100241251887997,31.297465133824478,8.21
عمارات مخابرات القبه 2,Intelligence Buildings Qubba 2,30.099510542070337,31.298974619195487,8.73
عمارات مجلس الدفاع الوطنى,National Defense Council Buildings,30.093336796958265,31.2928716082052,9.64
السرايات الشرقيه,East Al Sarayat,29.96077741615689,31.272491530211408,9.17
تقسيم اللاسلكي,Taksim Al Laslky,29.970405478490598,31.28471275460537,1.61
الشمبكى,El Shambaky,30.058383544160517,31.25293749810288,0.23
كلوت بك,Klot Bek,30.05852594281352,31.24947991242523,0.22
باب البحر,Bab El Bahr,30.057120437748004,31.251754649954147,0.21
مساكن الاميريه الشماليه,North Masaken El Amireya,30.10986621309217,31.29105152567596,0.27
مساكن عرايس,El Arayess Housing,29.979584504232857,31.287498393858037,1.1
تقسيم الرقابه الاداريه,Taksim Al Reqaba Al Idariah,29.989848308254725,31.278293236904734,0.18
عمارات شركة جابكو,GUPCO Company Buildings,29.98992988835183,31.27914014224085,0.18
عمارات القضاء,Al Qada Buildings,29.989269389706905,31.27718230820996,0.27
عمارات النيابة العامة,Al Niaba Al Aama Buildings,29.989005113240648,31.27560602678224,0.26
الاميريه الجنوبيه,South El Amireya,30.101983398095744,31.28392177391059,0.23
غمره,Ghamra,30.06835959817218,31.26786164563192,0.3
منشية الصدر,Mansheyet El Sadr,30.0851020096364,31.28778442013712,3.01
الماظة,Almaza,30.088979551964886,31.34128729713657,2.21
باب اللوق,Bab El Louk,30.047492765030185,31.24067556969137,0.75
الفواله,El Fawala,30.049558918168056,31.24500923693724,0.57
الساحه,El Saha,30.0463960291882,31.24510823201816,0.6
المطريه الغربيه,West El Matareya,30.123031372973944,31.303984670862462,0.41
الحلميه,El Helmeya,30.033776618618752,31.253030360621096,0.39
درب الجماميز,Darb El Gamamiz,30.03224019137385,31.248176184257648,0.08
مساكن الزاويه الحمراء,El Zawya El Hamra' Housing,30.097439938113297,31.268969481587074,0.24
ناصر,Nasir,30.105309649629906,31.285398419335948,0.36
بن الرشيد,Ibn Al Rashid,30.070711412493832,31.235108943592547,0.19
مدينة المعراج,Al Mearag City,29.979261051805118,31.30914418754873,1.36
مساكن شركة الكهرباء,Electricity Company Housing,29.98107143103274,31.244020784150205,0.3
مساكن محطة مياه الفسطاط,Al Fostat Water Station Housing,29.98024212824447,31.24426350496236,0.25
عرابى التوفقية,Orabi Al Tawfikeya,30.054709091362547,31.242516999938907,0.26
الحى الكندي,Al Kendy District,29.989844381534034,31.290925052328337,0.3
عمارات صقر قريش,Sakr Quraish Buildings,29.98483795643713,31.29032227637164,0.76
عمارات النصر,Al Nasr Buildings,29.99159166734361,31.28784772756491,0.25
بيتشو امريكان سيتى المرحله 1,Becho American city Phase 1,29.97165100033425,31.33086845745133,0.6
الخوخه والقنايه,Al Khokha and Al Qanaya,30.003944355254937,31.227844894664788,5.15
الكفور وساعي البحر,Al Kofour and Saei Al Bahr,30.01032355193752,31.22888748371726,3.53
كوم الشيخ سلامه,Kom Al El Sheikh Salama,30.05023396829701,31.254245408351792,0.3
الزيتون الشرقيه,East Al Zaitoun,30.10162101443996,31.312220483098358,2.81
عزبة أيوب,Ezbat Ayoub,30.10217903642344,31.253993691134617,0.57
العزب,Al Izab,30.12024537748439,31.294069512367745,0.21
حدائق القبه,Hada'ek Al Kobba,30.08648033127444,31.27832364496002,0.21
كوبرى القبه,Kobry Al Kobba,30.08373312929637,31.29158621291103,3.92
المحاجر,El Mahager,30.04403618312785,31.28571840422593,0.35
السبتيه,El Sabteya,30.06935882902795,31.23072730978713,0.64
روض الفرج البلد,Rod El Farag El Balad,30.07895757825569,31.2312928102814,0.51
بركه الرطلى,Birket El Ratly,30.060455874217105,31.25709860805061,0.09
درب الاقماعيه,Darb El Akma'eya,30.05671745420266,31.257150963925223,0.08
سيدى مدين,Sidi Madin,30.056684858344937,31.255478982198117,0.22
ابراج منتصر,Muntasir Towers,29.892047561896455,31.290608535293718,7.61
منيه السيرج,Minyet El Sirg,30.09925543839292,31.2519012556808,0.91
مساكن فيكتوريا,Victoria Housing,30.086673220378675,31.25499797789419,0.08
مساكن محي,Mohi Housing,30.09871525562193,31.25036719907257,0.72
مهمشه,Mahmasha,30.074609740102783,31.26055700663065,0.08
الزيتون القبليه,Al Zaitoun Al Qibliyya,30.093466516015013,31.30060937735412,10.93
الخبيرى الوسطى,Al Khabiri Al Wosta,29.96422774169664,31.24664793194417,6.45
طوسون,Tosoun,30.075522110902625,31.2399389049586,0.07
الساحل,El Sahel,30.09232202013964,31.237701296213583,2.36
الدراسه,Al Darrasa,30.046622237020745,31.268065590003715,5.4
عين شمس الشرقيه,East Ein Shams,30.12801797256361,31.32467653489077,0.1
الخاصه,El Khasa,30.081392275012227,31.282898832883976,0.81
السرايات,Al Sarayat,30.06542426259836,31.28282937452054,0.74
الزعفران,Al Zaafaran,30.077159459634068,31.292495493094755,2.42
التونسي,Al Tounsy,30.00479816054356,31.270092140307952,0.09
مساكن,Housing,30.157447347813864,31.408203688941917,0.17
مساكن اطلس 3,Atlas Housing 3,30.15563760569239,31.412544479064948,0.27
منطقة الصعيد امتداد منطقة الزلزل,Upper Egypt Area Earthquake Area Extension,30.15565781688019,31.41677436627052,0.52
مساكن اطلس 1,Atlas Housing 1,30.158918755020093,31.415658884231043,0.7
مساكن الصعيد أ,Upper Egypt Housing A,30.159336822277,31.425039546994032,1.34
الزهراء ومساكن الحلميه,Al Zahraa and Masaken El Helmeya,30.124627778364754,31.33745482325679,3.78
حلوان الغربيه,West Helwan,29.84596536554761,31.32753614651224,0.77
الزوايه الحمراء البلد,El Zawya El Hamra' El Balad,30.084640494196,31.264481497833653,0.03
درب سعاده,Darb Sa'ada,30.04609799499301,31.25653427176564,2.38
المغربلين,El Megharbelin,30.04033442895049,31.257844124066978,5.75
القربيه,El Qarbeya,30.041911363594476,31.255673888631645,3.76
حلوان البحريه,Helwan El Baharia,29.83884065834954,31.33795823095424,0.75
العطار,Al Atar,30.070381586469072,31.249153579141414,0.07
حاره الروم,Haret El Roum,30.04282740814424,31.25958351645616,6.64
عين شمس الغربيه,West Ein Shams,30.12931280698338,31.31402018081399,0.02
النخل,Al Nakhl,29.88496922340192,31.290237490528536,7.25
الدواجن,Al Dwagen,29.87904708975872,31.291762712749712,2.88
تحت الربع,Taht Al Rabaa,30.044022131364645,31.254586070668957,1.47
كفر العلو,Kafr Al Aalwo,29.810778204399544,31.31618913363611,1.12
المعدسه,Al Maadesa,30.03627912496658,31.275551311844627,0.93
العتريس,Al Atrees,30.02998830234,31.242122752460567,0.32
الانشا والمنيره,Al Ensha and Al Mounira,30.034995471924624,31.23571136473937,2.95
جاردن سيتى,Garden City,30.035569204467,31.23180739494864,5.16
الصوابى,El Sawaby,30.058451860695445,31.263372259680377,0.16
المدينة البحرية,Marine City,29.839887928773983,31.3376603034628,0.87
المساكن الاقتصاديه,Economy Housing,30.1156192153186,31.3107738063837,0.09
المطريه القبليه,El Matareya Al Qibliyya,30.115544727777028,31.31054457997754,0.09
الشرابيه,Al Sharabeya,30.068934809506118,31.257679349920267,0.12
الزيتون البحريه,Al Zaitoun El Baharia,30.107745088696056,31.317780822322973,2.09
العدويه,Al Aadawyya,30.057629926112444,31.23574965118538,0.3
حكر التبين,Hikr Al Tebin,29.79653232478769,31.305143193291503,5.71
مساكن الاميريه الجنوبيه,South Masaken El Amireya,30.09614835496433,31.28449067332729,0.33
القلايه,El Kalaya,30.05547916358221,31.236697421656935,0.21
الخبيرى الغربيه,West Al Khabiri,29.96986035560339,31.249018877564705,3.08
المطريه البحريه,El Matareya El Baharia,30.118916653840596,31.310353436288075,0.08
طره البلد,Torah El Balad,29.94583302329985,31.269680319103024,4.76
منشيه المصرى,Mansheyet El Masry,29.95115863007688,31.280202038022065,2.95
المعصره البلد,Al Maasara Al Balad,29.90989811944626,31.283125017932456,16.3
دار السلام,Dar Al Salam,29.98680785482336,31.246932956050607,0.11
العباسيه القبليه ا,Al Abbasseya Al Qibliyya A,30.06865494710216,31.276925370458915,1.03
العباسيه القبليه ب,Al Abbasseya Al Qibliyya B,30.06695879116529,31.27618100465597,0.68
الخبيرى الشرقيه,East Al Khabiri,29.95373057071004,31.256861290801695,12.65
الجزيره الجديده,El Gezira El Gadida,30.040063480439567,31.241633115143056,0.94
ارض العمده,Ard Al Omda,29.90642316824604,31.300631723773098,0.95
عزبه الهجانه,Azba Al Hgana,29.90585863189495,31.304265511219675,1.11
منشيه العامري,Mansheyah Al Aamry,29.90322476593798,31.30374811762962,0.94
البنهاوى,El Banhawy,30.056701587643364,31.261935774580767,0.05
الخواص,El Khawas,30.0569646775241,31.265753954644204,0.31
عزبه نافع,Ezbet Nafa'e,29.97518107776775,31.25325564279941,0.89
كوم غراب,Kom Ghorab,29.99872485565903,31.23949034607412,0.32
القبيسى,Al Qubaisy,30.065192809344435,31.26024634498005,0.08
السرايات الغربيه,West Al Sarayat,29.962476709497707,31.25907008281724,10.19
الشيخ فراج,El Sheikh Farrag,30.059606344508506,31.234943142914226,0.49
الزيتون الغربية,West Al Zaitoun,30.108414524782063,31.30759622638279,0.45
فم الخليج ودير النحاس,Fom Al Khalig and Der El Nahas,30.01910425173889,31.23073040239541,3.23
الطمار,Al Tamar,30.05512863631004,31.25422538596677,0.21
النوبى,Al Noubi,30.053422406311523,31.253269654474646,0.21
زينهم,Zenhom,30.023631523896697,31.23870048725132,0.69
العليمى,El Elemy,30.05651965594148,31.23305064638361,2.69
السندبيسى,El Sandabisy,30.05838755281771,31.232590334848595,2.3
الجماليه,Al Gamalia,30.052534966083112,31.2647987130736,0.41
الانور وعشش البارود,Al Anwar and Eshash Al Baroud,30.016513771270407,31.23270951841685,2.04
ابو السعود والمدابغ,Abo Al So'oud and Al Madabegh,30.0151622973562,31.23576717451396,3.01
عزبه النجاشي,Azba Al Nagashi,30.13753256667666,31.34434553014997,0.73
طلمبات عين شمس,Toloumbat Ein Shams,30.132770541943803,31.34765169456137,3.08
مساكن عين شمس,Ein Shams Housing,30.13500525894034,31.350301001901347,0.71
المبيضه,El Mabyada,30.078676140590733,31.24172730429868,0.24
العيني,El Einy,30.027283790201597,31.233319720207568,3.48
برهام,Borham,30.08315321490105,31.241730088772588,0.27
مساكن ناصر,Nasser Housing,30.09775563911462,31.276283771495653,0.24
مساكن الزاويه,El Zawya Housing,30.09260682464283,31.27356844509168,0.21
مساكن الزاويه القديمة,Old Zawia Housing,30.093403001946456,31.271008070039752,0.08
مساكن أ,A Housing,30.098620910969604,31.2571617290655,0.48
مساكن القاهرة الجديدة,New Cairo Housing,30.0964378476222,31.264051034009736,0.12
السلام الشرقيه,East Al Salam,30.16928818449003,31.419060560732536,0.93
باب الشعريه,Bab Al Shairia,30.05539845348723,31.26020611544477,0.07
جوهر القائد,Gohar El Qaid,30.049548535631832,31.257511553441574,0.09
بين الصورين,Bin El Souren,30.05097046754049,31.25863200525243,0.03
الخرنفش,El Khoronfosh,30.04939394843904,31.259771847499856,1.45
العطوف,El Etouf,30.051346781352365,31.266567231463373,1.59
خان الخليلى,Khan El Khalili,30.04896860370676,31.261513759778268,3.49
طرة الحيط كوتسيكا,Torah Al Heit Kotsika,29.935500807225036,31.28089102554981,1.57
التبين البحريه,Al Tebin El Baharia,29.78018936390445,31.29223122274268,7.89
السريات الشرقيه,East Al Sarayat,30.06028634355162,31.29185453802042,1.56
الاستاد,Al Istad,30.068470968299795,31.306570032610814,3.34
القبه,Al Qobba,30.0885832076076,31.28765383211131,3.86
طولون,Tolone,30.02772068998195,31.248963237619403,0.07
حلوان البلد,Helwan El Balad,29.85071954511977,31.30341110806916,6.22
السروجيه,Al Surugiyya,30.037263837680708,31.2558209704279,3.77
عزبه النخل الشرقيه,East Ezbet El Nakhl,30.138201077565835,31.33507850669721,0.14
الكبش,Al Kabsh,30.02876199585858,31.24555809115048,0.1
حدائق زينهم,Hada'ek Zenhom,30.023363730846167,31.247214487318814,0.21
العصارة,El Aasara,30.14521833443313,31.38485833375133,0.2
الشعرانى,El Shaarany,30.0531255749414,31.25970478527444,0.02
الشيخ عبد الله,El Sheikh Abd Allah,30.041942257177308,31.24252558589029,0.62
البلاقسه,El Balaksa,30.043400203524207,31.245343402800124,0.58
درب الحصر,Darb El Husr,30.029501977557235,31.2538103640898,0.21
مساكن شبرا,Shobra Housing,30.089630732739984,31.25525214446239,0.08
الخازنداره,El Khazendara,30.082989379910085,31.25428576207405,0.12
السلطان برقوق,El Soltan Barkouk,30.05135415835063,31.281828788131715,0.37
"مشروع اعادة بناء منطقة زينهم, المرحله 1","Rebuild Zenhom Area Project, Phase 1",30.02208132294386,31.24778168911976,0.5
"مشروع اعادة بناء منطقة زينهم, المرحله 2","Rebuild Zenhom Area Project, Phase 2",30.02513109321972,31.24947394852649,0.09
قصر الشوق,Qasr El Shok,30.04975015314584,31.264437367252068,3.21
مساكن سوزان مبارك الجديده,New Suzan Mubarak Housing,30.025460867045155,31.24425829047351,0.13
قايتباى,Qaitbay,30.045227009062277,31.27460410087241,2.97
الباطنيه,El Batneyya,30.043014370903595,31.26300651047008,6.56
مساكن الجيش,Army Housing,30.026966828574523,31.245468420110647,0.11
البقلى,El Bakli,30.02832325384804,31.255285988809227,0.26
المشهد الحسينى,El Mashhad El Husseiny,30.047734366354256,31.263729911117903,5.41
القفاصين,El Kafasin,30.108950687940165,31.30048179248914,0.69
أثر النبي,Athr Al Nabi,29.99262482316088,31.23352559785455,2.53
مرسى خليل الجديده,New Morsy Khalil,30.10978321989912,31.295654746719222,0.24
الاميريه الجديده,El Amireya El Gadida,30.110600027330364,31.285862113132527,0.32
الصليبه,Al Salibia,30.029396781238678,31.251510684888583,0.07
درب شغلان,Darb Shaghlan,30.03965639966309,31.261406683747136,6.64
اسعد,Asaad,30.09735909808246,31.24249748950752,1.61
كفر الشرفا,Kafr Al Shorafa',30.144647774006,31.345463912795665,0.67
مساكن مجمع الفردوس,Al Fardous Complex Housing,30.056422482411307,31.30100583350724,2.77
نادى السكه الحديد,Al Seka Al Hadid Club,30.03735667083183,31.318362721158294,0.57
امتداد رمسيس 3,Extension Ramses 3,30.058295624954635,31.30404164771961,2.37
الخليفه,Al Khalifa,30.026675142485026,31.251912654149304,0.09
مدينة التجاريين,Al Togarien City,30.01144011760946,31.298119731672244,3.51
الصعيد,El Sa'aed,30.005360656887916,31.32725907542209,3.45
الاحياء,El Ahya',30.00461181310035,31.3093487025214,1.88
كفر ابوصير بركه النصر,Kafr Abo Ser Birket Al Nasr,30.15497846469689,31.37819439674625,0.56
عمارات النصر القديمه,Old Nasr Buildings,30.008328559386705,31.31715089710248,3.89
عمارات النصر الجديده,New Nasr Buildings,30.00774301924576,31.31428664036257,3.3
مساكن البحر الأحمر,Red Sea Housing,30.002055057925432,31.32805217516377,4.11
مساكن الصعيد تعاونيات,Al Saeid Cooperatives Housing,30.00478774454265,31.32832105601416,3.39
مساكن الصعيد الزلزال,Al Saeid Al Zelzal Housing,30.006152312882342,31.32832425508178,3.13
عمارات النصر فوق المتوسط,Al Nasr Fok Al Motwst Buildings,30.009512882702925,31.32807065616036,3.15
عزبه هريدى,Ezbet Haridi,30.069265527666733,31.27553883066733,1.03
قصر الدوباره,Qasr Al Doubara,30.041739499102547,31.233335688021537,4.35
الترعه البولاقيه,El Ter'ah El Bolakeya,30.075529301629278,31.25180764446211,0.09
الدواوين,El Dawadin,30.04202810447029,31.23784808090273,1.48
الإسماعيلية,Al Ismalia,30.046653905195143,31.23421137449931,3.48
مساكن مصنع 45,Factory 45 Housing,29.852237826389214,31.32248828416935,0.46
معروف,Maarouf,30.05060245502965,31.23792196213484,0.13
مساكن الزلزال,Al Zelzal Housing,29.857829707083905,31.317842967540823,1.1
مساكن الشمس,Al Shams Housing,29.858231473869303,31.322365803931337,1.03
جزيره بدران,Geziret Badran,30.071811568505947,31.24139837559453,0.11
القبه الجديده,Al Qobba Al Gadida,30.102411542049328,31.28971368575324,0.45
جناين الوايليه ا,Ganayen Al Wailia A,30.06961056213639,31.27369790866672,0.96
بلوكات السوارى,Al Swary Blocks,30.04914882637246,31.268971001898556,3.28
المنصوريه,Al Mansuriyya,30.05016669217705,31.271200074301756,1.96
زهراء المعادي منطقه 5,Zahraa Al Maadi Area 5,29.96099442819584,31.32336096672239,1.17
زهراء المعادي منطقه 7,Zahraa Al Maadi Area 7,29.96714918590965,31.326647126688037,0.97
زهراء المعادي منطقه 6,Zahraa Al Maadi Area 6,29.96391670347226,31.322273838343456,1.17
زهراء المعادي منطقه 3,Zahraa Al Maadi Area 3,29.960061791038957,31.31026831839573,0.73
زهراء المعادي منطقه 2,Zahraa Al Maadi Area 2,29.960244169370856,31.305696070956472,0.38
زهراء المعادي منطقه 1,Zahraa Al Maadi Area 1,29.96039296287497,31.297828409061264,0.59
البير قدار,El Bir Kadar,30.055969375902617,31.268808256331617,0.39
القادريه,Al Qadria,30.02073321914055,31.258077286183976,0.23
الاباجيه,Al Abageyya,30.02088149724677,31.26856064963288,0.45
عرب اليسار,Arab Al Yassar,30.023172611413067,31.26117667634806,0.32
باب الوزير والغريب,Bab El Wazir and Al Gharib,30.03984922195903,31.26437473047412,6.56
بين الجناين,Bin Al Ganayen,30.066273602329293,31.272823918925894,0.72
عين حلوان,Ein Helwan,29.86649490903672,31.32974061849004,0.46
الحطابة,El Hataba,30.031069405552397,31.262442007423296,2.75
درب غزيه,Darb Ghazia,30.022114592302582,31.252694003264427,0.08
الجنزورى,Al Ganzoury,30.057477906790798,31.273826530235617,0.65
الخطيرى,El Khutiry,30.059035001442624,31.229311135787672,5.96
سنان باشا,Sanan Basha,30.06248302855509,31.231419202337047,0.99
الجلادين,El Galadin,30.06439897152476,31.23328247224042,0.35
سوق العصر,Souk El A'sr,30.06486931183824,31.22885178856273,1.93
الاحمدين,Al Ahmadin,30.058353121960128,31.2306848969024,4.19
عشش النخل,Eshash El Nakhl,30.060589773715115,31.230148255443048,3.18
الدرب الجديد,Al Darb Al Gadid,30.03332431746609,31.24342294071674,0.34
الحنفي,El Hanafy,30.03577259766956,31.245652642585373,0.48
حلوان القبليه,Helwan Al Qibliyya,29.82282401928418,31.3325413085108,0.45
باب الفتوح,Bab El Fetouh,30.05311837872513,31.262992881172053,0.18
الديوره,Al Dayoura,30.003831373962864,31.24383274800706,4.23
الامامين,Al Emameen,30.00739629901816,31.25742789088799,0.72
الأزهر,El Azhar,30.046372185857635,31.261811576154617,6.31
الحمزاوى,El Hamzawy,30.04773775090488,31.25756357858298,1.54
الحدائق,Al Hada'ek,30.077440478825697,31.27229488410319,0.8
مساكن كشك,Keshk Housing,30.07836344382447,31.275873276575023,0.89
مساكن غمرة,Ghamra Housing,30.07217690199719,31.267401505044067,0.33
الجوابر,El Gawaber,30.061438744040604,31.235358330500866,0.3
المقطم,El Mukkatam,30.01608655878694,31.282784419685505,2.07
الخزان,El Khazan,30.03150643025491,31.272000935663257,0.73
اللواء امين الشريف,Al Lwaa' Amin Al Sherif,30.04775455545797,31.250086772641552,0.56
غيط العده,Ghit Al E'eda,30.045330886841917,31.249581960303185,0.54
المناصره,Al Manasrah,30.047404579845463,31.25212420038402,0.5
الوايلي الكبير شرق,East El Waily El Kabir,30.092499609555038,31.28229137409756,0.37
الوايلي الكبير غرب,West El Waily El Kabir,30.09391461630242,31.27717409246061,0.25
سنقر,Sonkor,30.037920819632493,31.24843580182573,0.46
الترجمان,El Torgoman,30.05787488578421,31.23856523330164,0.24
رحبه عابدين,Rahbet Aabdin,30.042170465778756,31.250010298774352,0.41
الغوريه,Al Ghoureyya,30.04481461485994,31.26070557589789,6.51
درب نصر,Darb Nasr,30.06153172097337,31.23370203254773,0.48
السيده عائشه,El Sayeda A'aesha,30.02562505290527,31.25552685615481,0.26
ابو خوده,Abo Khoda,30.06423779936395,31.2705644152178,0.5
المحجر,Al Mahgar,30.033499694848462,31.25780309200586,3.25
مساكن اعضاء هيئه التدريس بجامعه عين شمس,Ain Shams University Teaching Staff Members Housing,30.075694508537744,31.2769649156599,0.89
جناين الوايليه ب,Ganayen Al Wailia B,30.072365195710688,31.27308660106306,0.86
مدينة الحرفيين,Al Herafieen City,29.837235557695465,31.333445530977077,0.9
جسر شبرا,Gisr Shoubra,30.07622438725169,31.24744200480563,0.07
العدوى,Al Adawy,30.059824667618305,31.25909647899253,0.06
الجياره,El Gayara,30.05930274648385,31.244552750240967,0.34
العباسيه الشرقيه,East Al Abbasseya,30.063407595329107,31.27489601412339,0.51
الكردى,El Kordy,30.06048532852102,31.26741351530162,0.28
الدرب الاحمر,Al Darb Al Ahmar,30.040541609944345,31.26049924129058,6.64
السقايين,Al Sakayin,30.039913489503007,31.24661825146268,0.45
القبيله,El Qabelyya,30.05723843076051,31.24778105947772,0.26
المنسى,Al Mansy,30.059616517545397,31.261369994992663,0.06
سوق السلاح,Souk El Selah,30.036405661461067,31.258188764926544,5.05
العيسويه,El Eisaweya,29.978225565569357,31.236734693138445,3.72
الريحانى قنطرة الدكة,El Rihany Kantara El Daka,30.054496183051125,31.247824733975165,0.22
درب الجنينه,Darb El Genena,30.052200591242176,31.250083293278923,0.26
العشماوى,El A'shmawy,30.049652816960112,31.24854352126893,0.54
صفى الدين,Safey El Din,30.05475491108968,31.25135073376147,0.23
الفجاله,El Fagala,30.062619486841616,31.24978908922329,0.13
عرب الحصن,Arab El Hisn,30.13076529814963,31.304967834104986,1.15
حلميه الزيتون,Helmeyat El Zaitoun,30.11793303587951,31.31666986569613,1.07
السبعين فدان,Al 70 Fedan,29.99274161640347,31.334757574610265,0.78
النصر,Al Nasr,30.06121492486057,31.26548760759305,0.19
حوض الزهور,Hod El Zehour,30.06362621548429,31.237539088378817,0.21
حى السبع عمارات,The Seven Buildings District,29.788285415869357,31.311355427681317,1.83
مساكن الحديد و الصلب,Al Hadid W Solb Housing,29.78747731676058,31.30289306930957,2.26
مساكن الحديد و الصلب القديمة,Al Hadid W Al Solb Old Housing,29.78367879409261,31.31027319702033,1.13
مدينة الخبراء الروس,Al Khobra' Al Rous City,29.787168989601746,31.310498750059303,1.53
مدينة الصلب,Al Sulb City,29.77606873547631,31.329239980369547,0.1
منشيه التحرير,Mansheyet El Tahrir,30.11323296448723,31.3237220442033,2.36
مساكن ابو غزاله,Abou Ghazala Housing,30.11002577248185,31.32732223607082,2.44
عمارات الهنا,Al Hana Buildings,30.11189269123867,31.325213385577197,2.36
مساكن الدويقه الجديده,New Al Dweika Housing,30.040301175413617,31.2969643856168,0.54
مساكن الحرفيين,Al Herafieen Housing,30.03759834535663,31.290642278964636,0.21
المرحلة الخامسة,Phase 5,30.032212130372407,31.29744948340256,2.54
منطقة 100 فدان شرق المدينة,Area 100 Acres East City,29.843649898983337,31.3924839499669,0.26
مساكن الاوقاف تقسيم الخلاوتي,Al Awkaf Housing Division Al Khlawati,29.973784543499608,31.26481486114896,1.64
عزبه جبريل,Ezbet Gabril,29.973449201215043,31.265068494555116,1.75
البارون رويال تاورز,Baron Royal Towers,29.98356836199201,31.340110063195876,0.36
شجره مريم,Shagaret Maryam,30.12359853449161,31.311560603785367,0.05
حلوان الشرقيه,East Helwan,29.845631897337316,31.34901709544376,0.3
مدينة الطيران,El Tayaran City,29.841467555427624,31.346719514445464,0.18
مدينة الموظفين,Employee City,29.846416409192955,31.346295826172657,0.46
مساكن مدينه الاسكان الصناعى,Industrial Housing City,29.835889977290524,31.347828611719724,0.67
مساكن الاسكندريه,Alexandria Housing,29.836280122662917,31.34362726259834,0.17
مساكن مدينه الشمس القديمة,Al Shams City Old Housing,29.840083466565208,31.34141036292847,0.47
مدينة العمال,City of workers,29.834299573237125,31.34144222106074,0.31
حلميه النعام,Helmeyat El Na'am,30.11735128631016,31.328877744926995,2.15
البساتين,Al Basatine,29.98775041171548,31.26471003638336,0.02
الشرق للتأمين,East Insurance,30.01850418958953,31.32462291006679,1.41
المجاورة 36,Neighborhood 36,29.822407958565847,31.371318215277896,4.08
المجاورة 34,Neighborhood 34,29.81786836543544,31.374097605143483,2.06
المجاورة 32,Neighborhood 32,29.816764905522728,31.36487095406197,2.15
المجاورة 31,Neighborhood 31,29.81536966522252,31.369774610559453,1.79
المجاورة 30,Neighborhood 30,29.812158442924662,31.37384195855442,2.08
المجاورة 29,Neighborhood 29,29.81112505947151,31.37993785352821,2.82
المجاورة 28,Neighborhood 28,29.814648816961217,31.37715163752369,2.84
المجاورة 27,Neighborhood 27,29.81886855417409,31.38267767474749,1.82
المجاورة 26,Neighborhood 26,29.822037721930748,31.3814705545911,2.32
المجاورة 25,Neighborhood 25,29.824210078416183,31.378470217972644,3.89
المجاورة 23,Neighborhood 23,29.82960998127994,31.37985870785112,3.79
المجاورة 20,Neighborhood 20,29.83238054886811,31.37660873895636,4.05
البراد,El Barad,30.083553409359133,31.248924324574297,0.3
المشير احمد اسماعيل,El Moushir Ahmed Ismail,30.16481130250557,31.456553111428292,0.29
بلوك و,Block F,29.996781716131217,31.30416747063043,0.55
بلوك ه,Block E,29.99687037843237,31.303512365492377,0.32
عزبه النخل,Ezbet El Nakhl,30.137795761919925,31.319450786305644,0.12
تقسيم مباحث القاهرة,Cairo Investigation Division,29.988077618180093,31.324084546078097,0.56
كمبوند نكست بوينت,Next Point Compound,29.990360057897306,31.32509112360443,0.65
المجاورة 19,Neighborhood 19,29.83428803850495,31.37998988550689,3.4
ارض الجمعيه 6 اكتوبر سابقا,Ard Al Gam'eeya 6th of October,30.09048265335761,31.21795204519753,0.85
مساكن مشروع ناصر 2هـ,Nasser 2E Project Housing,29.84062693069078,31.320361441407524,0.77
مشروع ناصر للاسكان,Nasser Housing Project,29.84059135316097,31.31783535168737,0.67
مساكن ناصر 4,Nasser 4 Housing,29.847985577369307,31.316718727437305,0.65
مساكن ناصر 3,Nasser 3 Housing,29.846898744318164,31.316720280087896,0.67
مساكن ناصر 2,Nasser 2 Housing,29.845883197040777,31.31662679510814,0.85
مساكن ناصر 1,Nasser 1 Housing,29.84691981000777,31.318220101374006,0.69
مساكن مشروع الاسكندرية غرب,Alexandria West Project Housing,29.847725339079638,31.32010812185576,0.38
الشماشرجى,Al Shamashergy,30.06629359979407,31.247702161946904,0.08
قريه الطرفايه,Al Tarfaia Village,29.82358739547361,31.278684731277803,41.87
البكباشى,Al Bekbashi,29.96797975442376,31.22427286440576,14.54
كفر زهران,Kafr Zahran,29.80485869913985,31.278003503925504,50.42
مدينه العمال والتحرير,Al Omal and Al Tahrir City,30.08185457389305,31.2217932075663,1.34
تاج الدول,Tag Al Dewal,30.074183977309133,31.220320100966884,2.32
مدينة البدرشين,Al Badrashin City,29.853910405661708,31.27712120365736,2.65
اولى,First,30.022578744516714,31.211800857063164,16.56
قريه جزيره وراق الحضر,Gezirat Warak Al Hadar Village,30.117381977840605,31.224355929023744,10.46
مدينه وراق العرب,Waraq Al Arab City,30.09895206779538,31.21097821359827,0.0
ثانية,Second,30.012286510992173,31.214241143160255,3.89
قريه الشرفا والعطيات,Al Shorfa And Al Atiat Village,29.744543831129352,31.3836258594868,0.25
قريه المنيا,Al Minia Village,29.750765334127127,31.319089794225256,0.59
دار مصر,Dar Misr,30.124067794313063,31.724262112593237,1.26
مسطرد,Mustorod,30.13760122897685,31.291257614940317,0.41
مساكن مصرف مسطرد العرب,Masraf Mustorod Al Arab Housing,30.11489710721502,31.278489003744028,0.23
عزبه عبد الغنى,Ezba Abd Al Ghany,30.116132468385697,31.283085899180325,0.19
جمعيه احمد عرابى,Gamaiet Ahmed Orabi,30.21682140176993,31.57709940594362,0.0
بهتيم,Bahtim,30.14102705724252,31.273257357337037,0.75
كمبوند سبرنجز الشروق,El Shorouk Springs Compound,30.123271119859,31.643944778181105,2.6
كمبوند أكويا,Akoya Compound,29.98949188869503,31.506993449652832,0.78
النرجس الجديدة,New EL Narges,29.99456808197122,31.45788039387116,0.26
"مسلسل 5, 6","Serial 5, 6",30.05043675819388,31.598431223239597,0.38
شمال بيت الوطن,North Beit Al Watan,30.084318051949836,31.55320728907557,0.04
حي الأوركيد منطقة الألف فدان سابقاً,Al Orkeed District 1000 Fadan Area Previously,30.07489568348485,31.584089570454186,0.12
منطقة ج4,Area C4,29.971952673497043,31.482421124519878,0.25
منطقة ج3,Area C3,29.97386004553889,31.48346063211384,0.23
منطقة الألف مصنع,1000 Factory Area,29.97088246407333,31.48559811633404,0.22
الياسمين 9,Al Yasmine 9,30.160511936943507,31.697761213013614,0.23
الياسمين 10,Al Yasmine 10,30.16080736623066,31.6964396396114,0.22
الياسمين 11,Al Yasmine 11,30.16012813135067,31.694961948604192,0.2
الياسمين 12,Al Yasmine 12,30.1585910453129,31.69694470049106,0.22
حى الزهور,Al Zohor District,30.161602409487884,31.699810133442696,0.2
حى النرجس,El Narges District,30.164192920481835,31.694588446141616,0.17
مركز رجال الاعمال,Business Men Center,30.14889552319604,31.72970734228761,1.41
منطقة الحرفين ج,Al Harfayn C Area,30.12435383900428,31.76754629946875,0.92
منطقة الحرفين ب,Al Harfayn B Area,30.13309507782031,31.766177148324225,1.17
منطقة الحرفين أ,Al Harfayn A Area,30.14046874275229,31.76031681393955,1.86
المنطقة الشمالية,Northern Area,30.174808119572283,31.694903649431176,1.03
شمال الحى 7,Northern District 7,30.167311807179896,31.748176653598364,0.64
مساكن القنال,Al Qanal Housing,30.159529862886632,31.622946143527848,1.72
مشروع 9 عمارات,9 Buildings Project,30.076122034127604,31.30246978815426,2.06
كمبوند جنه بدر,Ganet Badr Compound,30.1304646111926,31.706923705475223,0.89
المتميز القديم,Old Distinctive,30.13846278052688,31.715046641095217,0.95
كمبوند الصفوة,Al Safwa Compound,30.13703718204644,31.71566161492604,1.0
حى الصفوة,Al Safwa Neighborhood,30.133969466577057,31.708966575602357,0.66
كمبوند ميرو سيتي,Mero City Compound,30.13692304089183,31.705478508583564,0.65
كمبوند اليكو سيتي,Alico City Compound,30.13885765313132,31.70796038477231,0.68
المنطقة الترفيهية,The Entertainment Area,30.143102974225588,31.71052722380243,0.42
الاسكان العائلى 1,Family Housing 1,30.13112972385879,31.65981650945432,3.03
الاسكان العائلى 2,Family Housing 2,30.123502581667864,31.661159721195308,1.08
فيلات كمبوند وادى الربيع,Villas Spring Valley Compound,30.14056696430423,31.621918741499584,3.71
كمبوند وادى الربيع,Spring Valley Compound,30.139954177145736,31.620479896184808,3.69
حى الفيروز غرب,Al Fayrouz West District,30.143755655037157,31.61987487286295,3.21
كمبوند جرين لاند,Green Land Compound,30.134993196712905,31.62197712477404,2.89
كمبوند ديفينيا جاردنز,Devinya Green Land Compound,30.13215062172095,31.62388186352307,2.93
حى اللازورد,Al Lazourd District,30.130104025187972,31.62472517037212,2.74
جنوب غرب,South West,30.12685689003971,31.613948614271767,4.87
جنوب شرق,South East,30.12596174102973,31.618684440720408,2.9
شمال غرب,North West,30.132820509188537,31.61226930406362,6.93
شمال شرق,North East,30.13330605721232,31.61733474786729,4.35
حى النادي,Club District,30.12941154299026,31.61582401708454,4.56
كمبوند جراندا,Granda Compound,30.120090193007588,31.62484507648551,2.04
كمبوند كليوباترا بالاس,Cleopatra Palace Compound,30.116946415662863,31.622895656676963,2.02
كمبوند زيزينيا فلورز,Zizinia Flowers Compound,30.116253502322287,31.61456365842682,1.85
حى الجوهرة,Al Gawhara District,30.117437188418226,31.619624668730268,1.82
حى اللؤلؤة,Al Loaloah District,30.130724168691604,31.60643359572061,7.28
كمبوند بانوراما الشروق,Panorama Al Shorouk Compound,30.136689596361038,31.611728135951683,6.61
حى الزمرد,Al Zomorod District,30.140618965473884,31.605470969261543,6.66
مباني الإسكان الفاخر,Al Iskan El Fakher Buildings,30.145327654354443,31.611558262109035,3.52
المجاورة 2ك,Neighborhood 2K,30.15031763930356,31.61054541893101,2.78
المجاورة 2ب,Neighborhood 2B,30.15347047175313,31.621808589941818,3.02
المجاورة 2أ,Neighborhood 2A,30.158527936475917,31.62145887307265,1.62
حى الياقوت غرب,Al Yaqot West District,30.1668379360524,31.608074046001136,2.99
مساكن الرائد,Al Raed Housing,30.15475193203057,31.62067545588379,2.67
مشروع المستثمر الصغير,Small Investor Project,30.1519542275587,31.62260330677254,3.08
مساكن الشباب,Youth Housing,30.156544729196614,31.622796338264223,2.42
المجاورة 2و,Neighborhood 2F,30.15832245188728,31.61514528553129,1.64
المجاورة 2ج,Neighborhood 2C,30.15230101937222,31.61525281769906,2.67
المجاورة 1ح,Neighborhood 1H,30.16127510756887,31.609039512207037,2.87
حى ريماس,Rimas District,30.15820755847332,31.600395229959982,3.24
حى البرلنت,Al Brlent District,30.168986451213986,31.59732003137331,2.48
إسكان وزارة المالية,Ministry of Finance Housing,30.073407766027994,31.44862041880489,9.28
إسكان المستقبل 63 متر,Future Housing 63 Meter,30.137972428343364,31.65910772858837,3.43
إسكان الشباب,Youth Housing,30.145812421040773,31.65820762939021,2.11
إسكان مبارك للشباب 70 متر,Mubarak Youth Housing 70 Meter,30.151439069891374,31.656016422587083,2.07
الإسكان القومى 63 متر,National Project 63 Meter,30.16238783944756,31.6530460283292,2.53
منطقة جاردينيا,Gardenia Area,30.141258979001645,31.64948457752318,5.49
حى الاوركيد,Orchid District,30.160287328934235,31.645569565943607,3.38
إسكان مبارك للشباب 100 متر,Mubarak Youth Housing 100 Meter,30.16689852861832,31.64866042435,2.65
مرحلة 2,Phase 2,30.157707850530343,31.63744401137191,3.2
حي البنفسج,Al Banfseg District,30.171387802193586,31.63752537794441,4.21
إسكان مبارك للشباب 63 متر,Mubarak Youth Housing 63 Meter,30.180005362560163,31.634112042049075,3.38
حى الاندلس,Al Andalos District,30.16907977872387,31.628051399706717,3.3
الحى 2 شرق,District 2 East,30.158345247945437,31.629889324672725,2.61
حى الفيروز شرق,Al Fayrouz East District,30.14197049367956,31.634664168911808,4.39
منطقة البنفسج,Banafseg Area,30.1339192535002,31.649543227004727,5.27
حى توليب,Tulip District,30.127717142644286,31.650727672676386,3.41
مساكن إيجيكو,Egico Housing,29.97529625123577,31.400187278020287,4.72
التجمع الخامس,Fifth Settlement,30.00385732978832,31.426841899574637,1.5
مشروع 14 عمارة,14 Building Project,30.042335546824518,31.37862349559053,0.6
عمارات المثلث,Almuthlath Buildings,30.05956542779102,31.378957963477745,0.63
عمارات النقابات,Syndicates Buildings,30.060235736087545,31.380788078432897,0.7
منطقة 10,Area 10,30.052341967413582,31.375041269736187,0.38
مشروع 17 عمارة,17 Building Project,30.057902619314447,31.366877598614806,0.52
عمارات شركة الجيزة,Giza Company Buildings,30.04683173932936,31.375370190544125,0.41
عمارات بنك الاسكان و التعمير,Housing & Development Bank Buildings,30.04694745466959,31.37345133913919,0.31
عمارات البترول,Petroleum Buildings,30.046256128750787,31.37344993644924,0.25
مساكن نصر 2,Nasr 2 Housing,30.037786973441488,31.334507577127926,0.58
عمارات مصر للطيران,Egypt Air Buildings,30.0627997038478,31.375667302761908,0.33
عمارات اطلس 2,Atlas 2 Buildings,30.064188926099877,31.376588073245568,0.24
عمارات الوادى,Al Wady Buildings,30.063687581986738,31.37731057422292,0.3
عمارات الشمس,El Shams Buildings,30.06174627930209,31.377184160759526,0.33
المجاورة 35,Neighborhood 35,29.820236215176863,31.373429211783044,3.02
مساكن الضباط,Officer's Housing,30.04672003703193,31.31172301512017,1.02
عمارات القوات المسلحة,Armed Forces Buildings,30.1090793653954,31.329026814479995,2.74
عمارات احمد حلمى,Ahmed Helmy Building,30.06817314448612,31.252163584047075,0.12
عزبة الرشيدى,Ezbet Al Rashidy,30.115368950413288,31.287562800207223,0.17
مساكن شجرة مريم,Shagaret Maryam Housing,30.12057072609585,31.309275371391024,0.09
مساكن القوات المسلحه,Armed Forces Housing,30.11964322527304,31.29094531562317,0.24
المعادي الجديدة,El Maadi El Gadida,29.976379624999502,31.30916570550908,1.52
طره الاسمنت,Torah Al Asmant,29.922895523241383,31.28698695667521,2.62
ابو العلا,Abo El A'ela,30.05539298612676,31.230285508105872,6.89
الشيخ على,El Sheikh Aly,30.05336273409012,31.232679734378205,4.11
شركس,Sharkas,30.051415069055725,31.233840909140905,3.58
مساكن ابو الريش,Abou Al Resh Housing,30.02765511797885,31.2346976983335,3.02
مساكن الإباجيه,Al Abageyya Housing,30.022908678262187,31.264668884769684,0.39
مساكن جزيره بدران,Gezira Badran Housing,30.068820049126728,31.23532128921785,0.21
مساكن اسكان ناصر,Masaken Nasser Housing,30.09335175120519,31.286208173279014,2.62
مساكن القبة الجديدة,New Al Kobba Housing,30.09444085939577,31.28702450454023,3.38
كمبوند لؤلؤة الشروق,Louloua El Sherouk Compound,30.13799125200395,31.615712855176184,4.19
كمبوند الحياة ريزيدنس,Al Hayah Residence Compound,30.14095646117885,31.625695283873505,4.8
كمبوند هليوبوليس ريزيدنس,Heliopolis Residence Compound,30.137304524874374,31.627137364345057,2.37
كمبوند الباتيو ٤,El Patio 4 Compound,30.139497241020365,31.610648890327244,5.63
كمبوند جنة الشروق,Ganet Al Shorouk Compound,30.12164612074197,31.61863163439584,2.59
كمبوند الشروق ۲۰۰۰,Al Shorouk 2000 Compound,30.13711694877176,31.605405450591583,8.0
كمبوند وادي المسك,Wadi Almisk Compound,30.12125439877659,31.627423285977628,2.76
كمبوند أندلسية,Andalusia Compound,30.12154368409564,31.62523135421844,1.99
كمبوند جرين فالي,Green Valley Compound,30.1229765417808,31.6245428657188,2.05
كمبوند جوهرة الشروق,Gawharet Al Shorouk Compound,30.117672263021245,31.61330254402189,2.17
كمبوند هاي تاون,High Town Compound,30.11318307217796,31.61069026749171,2.71
قرية طيبة,Tiba Village,30.01231817701533,31.49153168781664,2.43
الحى الايطالي,Italian District,30.141856711499383,31.694298798501965,0.61
ربوة بدر,Rabwet Badr,30.14227349126005,31.69644388843339,0.53
كمبوند الدبلوماسيين,Al Diplomasieen Compound,30.00206887607695,31.494859487288537,2.03
البروج,Al Burouj,30.20044598589752,31.67962880171121,2.94
ن1ج1,N1C1,30.19709444485173,31.660025538739564,3.06
ن1ج8,N1C8,30.19450202367761,31.66218856424284,3.44
ن1ج7,N1C7,30.19566175910777,31.667492232839773,5.21
ن1ج2,N1C2,30.201780487852027,31.666911520776257,2.61
ن1ج9,N1C9,30.19723632847663,31.66231580362069,3.09
اكويلا,Aquila,30.20007368076712,31.66433124851409,3.1
كمبوند المثقفين,Al Mothaqfein Compound,29.98813685598243,31.51072334597205,1.5
كمبوند سكن,Sakan Compound,29.988495628791338,31.512018430390064,2.44
هاي لاند بارك,High Land Park,29.98989236033953,31.50867794896725,1.7
ن1ج3أ,N1C3A,30.20347718406424,31.669857294082963,2.43
تريس,Terrace,30.197020853380018,31.66691214186788,4.82
ن1ج5,N1C5,30.197117805934795,31.67310723331151,5.13
كلوب سايد,Club Side,30.20069441269401,31.669643444386438,3.73
ن1ج10,N1C10,30.19967665845796,31.66689844040157,4.49
اوريون,Orion,30.197759222517945,31.66950403651739,5.2
ن1ج15,N1C15,30.19574367283307,31.66327168712848,3.63
ن1ج4,N1C4,30.200963094685275,31.67298602361224,2.56
ن2ج8,N2C8,30.20372141199281,31.67661344728772,2.26
كمبوند العاملين بمركز القاهرة للملاحة البحرية,Compound workers Cairo Center for Maritime,29.96214683113639,31.509480056265364,0.97
كمبوند للعاملين بشركة بترول بلاعيم,Workers Bala'eim Oil Company Compound,29.960442550025736,31.5068507018888,0.93
منطقة 36 أ,Area 36 A,29.96713740959211,31.51005361577471,0.52
كمبوند اللوتس للعاملين بالهيئة القومية للإتصالات,Lotus Compound for employees of the National Communications Authority,29.966722128755592,31.50795137738654,0.53
كمبوند إسكان ضباط المدرعات,Armored Officers Housing Compound,29.96444031166396,31.51390975436408,0.9
كمبوند جمعية الفراعنة للإسكان,Pharaohs Association Housing Compound,29.964736955942406,31.52830212543133,0.65
كمبوند جمعية الكرنك للبناء والإسكان,Al Karnak Association for Construction and Housing Compound,29.964758474299423,31.52692325790752,0.59
كمبوند نقابة التجاريين,Commercial Syndicate Compound,29.967262340780124,31.5282267202911,0.76
كمبوند العاملين برئاسة الجمهورية,Employees of the Republic Presidency Compound,29.96666846153488,31.526582898342,0.79
كمبوند العاملين بالأبنية التعليمية,Compound Workers in Educational Buildings,29.96308371038618,31.521746358330144,0.57
كمبوند جمعية القاضي الفاضل,Al Qadi Al Fadel Association Compound,29.960492801787343,31.532007446994616,0.19
كمبوند جمعية الدلتا,Al Delta Association compound,29.960595637238843,31.53393244056592,0.23
كمبوند جمعية دار السعادة,Dar Al Saada Association Compound,29.96131127202935,31.532653537837277,0.2
كمبوند الأوقاف,Al Awqaf Compound,29.95871704573631,31.535514516821767,0.29
كمبوند جمعية نفرتيتي,Nefertiti Association compound,29.96103063221473,31.536397481554275,0.32
كمبوند جمعية جيسكو,Jesco Association Compound,29.96187273970396,31.537005896821043,0.32
جمعية البناء والإسكان,Building and Housing Association,29.96127500135562,31.52828699375377,0.36
كمبوند ضباط الحماية المدنية,Civil Protection Officers Compound,29.96388549316025,31.52828602576196,0.53
كمبوند جمعية أمنحتب للإسكان التعاوني,Amenhotep Cooperative Housing Association Compound,29.96722512196529,31.532971363609164,0.46
كمبوند جمعية المهندسين الكيميائيين,Society of Chemical Engineers Compound,29.96314680046443,31.53581157037263,0.43
كمبوند النيابة الإدارية,Administrative Prosecution Compound,29.963851148016737,31.53455198382944,0.49
كمبوند جمعية مساكن القاهرة,Cairo Housing Association Compound,29.963004500869623,31.53390962685465,0.37
شمال الحى المتميز غرب,North Distinctive District West,30.12822323592374,31.73049360007151,0.36
شمال الحى المتميز شرق,North Distinctive District East,30.12489985588269,31.7404103867306,0.06
مركز المدينة1,City Center 1,30.151224154884755,31.606648819116028,3.58
District 5 Compound,,29.95182434985588,31.4553837036368,0.37
المستثمر الصغير,Small Investors,29.9939577317786,31.52329624501386,7.57
الأندلس المتميز 2/1,Andalous Elmotamayez 2/1,29.99738771573539,31.52816766890251,5.79
الأندلس المتميز 2/2,Andalous Motamayez 2/2,29.99113064692771,31.52965109796164,0.95
الأندلس 1 المتميز امتداد,Andalous 1 Motamayez Emteded,29.986539281113245,31.523086787728804,0.13
الأندلس عائلي 5 منطقة 6,Al Andalus Family 5 - Area 6,29.983651241717222,31.522494616227533,0.16
الأندلس عائلي م 3,Andalous Family 3,29.98450535851728,31.51887014654979,0.28
الأندلس عائلي م 4,Andalous family 4,29.98507669364797,31.51604131081623,0.4
الأندلس العائلي م 7,Andalous family 7,29.982342552698725,31.51959518327868,0.28
الأندلس العائلي م 8,Andalous family 8,29.98199768962384,31.516892749785367,0.31
ستون ريزيدنس,Stone Residence,29.979178514156867,31.386134663766203,4.26
بالم زهراء,Palm Zahra'a,29.967680492304183,31.325590167212116,0.99
Southern Lotus,,30.018045588735927,31.52098559113127,1.72
الفسطاط,Fostat,30.003648343923903,31.249049774022296,3.06
Northern Lotus,,30.03568522752993,31.52126904414214,1.83
مجموعة 111,Group 111,30.076767829080413,31.66076101770848,6.38
كمبوند دار مصر,Dar Misr Compound,29.86043920995784,31.375477376792944,1.8
Group 14,,30.10165884319856,31.634683599205623,20.93
Group 21,,30.098700359228605,31.64560109251064,11.02
كابيتال لايف,Capital Life,30.122422463966718,31.734249158400143,0.16
B12,,30.080535883734683,31.675120795343656,3.6
المقاولون العرب,Arab Contractors,30.046661164479183,31.62140401103424,0.09
كمبوند نيوم,Nyoum,30.067571297920075,31.681134545328383,0.07
معادى فيو,Maadi View,30.122748965632663,31.65234847519108,1.46
Group 104,Buildings 10,30.079785945972304,31.66173027879706,6.92
Group 66,,30.08017334094397,31.64635063859722,7.37
Group 64,,30.079835086730508,31.64241776434866,7.35
جاردينيا سيتي,Gardenia City,30.06529040111192,31.3961146787696,4.25
شيراتون,Sheraton,30.10237780117972,31.37648111385904,0.71
قسم مصر الجديدة,Heliopolis,30.08965836060668,31.32399756234789,4.34
التوفيق,El Tawfek,30.072332213317043,31.32098812762696,3.8
المنطقة السادسة,Sixth Area,30.062277379339697,31.34746397848628,2.37
المنطقة الثامنة,Eigth Area,30.05032219782549,31.34804014539579,1.02
المنطقة السابعة,Seventh Area,30.040993567011817,31.33531940138141,3.23
المنطقة التاسعة,Ninth Area,30.052373838007664,31.36359677600267,0.89
المنطقة العاشرة,Ten Area,30.052423698410863,31.375064328647944,0.37
شرق المنطقة السادسة,Eastren Sixth Area,30.06218319586302,31.36771030513681,0.54
المنطقة الأولى,Al Manteqah Al Oula,30.06060191006583,31.331746927973544,1.59
كمبوند فيفنز,Vivens Compound,30.133425573325027,31.62795342552841,3.11
كمبوند ماى فير,May Fair Compound,30.130745880537376,31.60669473442358,7.31
The Views Compund,,30.020323618806543,31.51379474654001,1.3
The Water MarQ,,30.00979693794696,31.50922536452833,6.77
Kattamya Creek Compund,,29.989856468972604,31.451312174925672,0.37
AZZAR 2 Compound,,30.04177552344281,31.545614629330142,2.44
Swan Lake Residences,,30.075816290149085,31.464344937733003,0.95
Stei8ht Compund,,30.080966635849126,31.487047733374872,2.59
Creek Town,,30.086498967657377,31.51116583074668,0.65
Sa'ada Compound,,30.08953264220016,31.49214906751453,0.65
IVORY East,,29.986624605705583,31.53568009114429,2.04
سولانا الشرق,Solana East,29.977825162537417,31.537622699229946,2.03
The Cresent,,29.960991660013622,31.542286111124703,0.2
DIJAR Compound,,29.94972835734476,31.523743075729275,0.53
Palm Hills New Cairo Compound,,30.060265405848693,31.59739813298712,0.73
I City New Cairo,,30.069634702754332,31.592600181484933,0.4
Telal East Compound,,30.077439281556877,31.594127563718256,0.04
Trio Gardens Compound,,30.05636232967141,31.60450750022409,0.32
Group 112,,30.06841486962845,31.50591054001686,5.03
