name_en_x,pm10,pm2_5,us_aqi,us_pm2_5,us_pm10,us_no2,name,latitude,longitude,green_coverage_pct
10 Buildings Project,36.44326,19.955238,79.361496,70.66722,31.624939,9.333277,مشروع 10 عمارات,30.05407841880064,31.29000628930385,1.35
1000 Factory Area,27.691023,16.973969,80.20046,65.02466,24.886189,6.0874953,منطقة الألف مصنع,29.97088246407333,31.48559811633404,0.22
14 Building Project,36.44326,19.955238,79.361496,70.66722,31.624939,9.333277,مشروع 14 عمارة,30.04233554682452,31.37862349559053,0.6
17 Building Project,36.44326,19.955238,79.361496,70.66722,31.624939,9.333277,مشروع 17 عمارة,30.057902619314447,31.366877598614806,0.52
18 Building Project,36.44326,19.955238,79.361496,70.66722,31.624939,9.333277,مشروع 18 عمارة,30.04308192862836,31.36408842215597,0.33
19 Building Project,36.44326,19.955238,79.361496,70.66722,31.624939,9.333277,مشروع 19 عمارة,30.03762625284312,31.35864011672881,0.25
29 Building Project,36.44326,19.955238,79.361496,70.66722,31.624939,9.333277,مشروع 29 عمارة,30.06015827124937,31.37568885522812,0.42
29 Buildings,36.44326,19.955238,79.361496,70.66722,31.624939,9.333277,29 عمارة,30.06361289437848,31.35931512126632,1.8
33 Buildings,36.44326,19.955238,79.361496,70.66722,31.624939,9.333277,33 عمارة,30.062160108787943,31.35926859089868,1.53
9 Buildings Project,36.44326,19.955238,79.361496,70.66722,31.624939,9.333277,مشروع 9 عمارات,30.076122034127604,31.30246978815426,2.06
A Housing,36.44326,19.955238,79.361496,70.66722,31.624939,9.333277,مساكن أ,30.098620910969604,31.2571617290655,0.48
AZZAR 2 Compound,27.691023,16.973969,80.20046,65.02466,24.886189,6.0874953,AZZAR 2 Compound,30.04177552344281,31.545614629330142,2.44
Abbasseya,36.44326,19.955238,79.361496,70.66722,31.624939,9.333277,عباسية,30.0712082,31.2763653,1.08
Abdin,36.44326,19.955238,79.361496,70.66722,31.624939,9.333277,عابدين,30.044988,31.2488627,0.55
Abo Al So'oud and Al Madabegh,36.44326,19.955238,79.361496,70.66722,31.624939,9.333277,ابو السعود والمدابغ,30.0151622973562,31.23576717451396,3.01
Abo El A'ela,36.44326,19.955238,79.361496,70.66722,31.624939,9.333277,ابو العلا,30.05539298612676,31.230285508105872,6.89
Abo Khoda,36.44326,19.955238,79.361496,70.66722,31.624939,9.333277,ابو خوده,30.06423779936395,31.2705644152178,0.5
Abou Al Resh Housing,36.44326,19.955238,79.361496,70.66722,31.624939,9.333277,مساكن ابو الريش,30.02765511797885,31.2346976983335,3.02
Abou Ghazala Housing,36.44326,19.955238,79.361496,70.66722,31.624939,9.333277,مساكن ابو غزاله,30.11002577248185,31.32732223607082,2.44
Acacia Compound,27.691023,16.973969,80.20046,65.02466,24.886189,6.0874953,كمبوند أكاسيا,30.051089939212485,31.492144004168072,3.98
Administrative Prosecution Compound,27.691023,16.973969,80.20046,65.02466,24.886189,6.0874953,كمبوند النيابة الإدارية,29.963851148016737,31.53455198382944,0.49
Ahmed Helmy Building,36.44326,19.955238,79.361496,70.66722,31.624939,9.333277,عمارات احمد حلمى,30.06817314448612,31.252163584047075,0.12
Ain El Sira,36.44326,19.955238,79.361496,70.66722,31.624939,9.333277,عين الصيرة,30.0139077,31.245078700000004,3.2
Ain Shams,36.44326,19.955238,79.361496,70.66722,31.624939,9.333277,عين شمس,30.1304761,31.3167491,0.01
Ain Shams University Teaching Staff Members Housing,36.44326,19.955238,79.361496,70.66722,31.624939,9.333277,مساكن اعضاء هيئه التدريس بجامعه عين شمس,30.075694508537744,31.2769649156599,0.89
Akoya Compound,27.691023,16.973969,80.20046,65.02466,24.886189,6.0874953,كمبوند أكويا,29.98949188869503,31.506993449652832,0.78
Al 70 Fedan,36.44326,19.955238,79.361496,70.66722,31.624939,9.333277,السبعين فدان,29.99274161640347,31.334757574610265,0.78
Al Aadawyya,36.44326,19.955238,79.361496,70.66722,31.624939,9.333277,العدويه,30.057629926112444,31.23574965118538,0.3
Al Abageyya,36.44326,19.955238,79.361496,70.66722,31.624939,9.333277,الاباجيه,30.02088149724677,31.26856064963288,0.45
Al Abageyya Housing,36.44326,19.955238,79.361496,70.66722,31.624939,9.333277,مساكن الإباجيه,30.022908678262187,31.264668884769684,0.39
Al Abbasseya Al Qibliyya A,36.44326,19.955238,79.361496,70.66722,31.624939,9.333277,العباسيه القبليه ا,30.06865494710216,31.276925370458915,1.03
Al Abbasseya Al Qibliyya B,36.44326,19.955238,79.361496,70.66722,31.624939,9.333277,العباسيه القبليه ب,30.06695879116529,31.27618100465597,0.68
Al Abbasseya El Baharia,36.44326,19.955238,79.361496,70.66722,31.624939,9.333277,العباسيه البحريه,30.073622375232063,31.28285294208812,1.53
Al Abtal City For Armed Forces Housing,36.44326,19.955238,79.361496,70.66722,31.624939,9.333277,مدينة الابطال لضباط القوات المسلحه,29.82800165407496,31.3484896907398,2.14
Al Adawy,36.44326,19.955238,79.361496,70.66722,31.624939,9.333277,العدوى,30.059824667618305,31.25909647899253,0.06
Al Ahly Club,36.44326,19.955238,79.361496,70.66722,31.624939,9.333277,النادي الاهلى,30.07361468861136,31.36561092277485,1.99
Al Ahmadin,36.44326,19.955238,79.361496,70.66722,31.624939,9.333277,الاحمدين,30.058353121960128,31.2306848969024,4.19
Al Amal Buildings,36.44326,19.955238,79.361496,70.66722,31.624939,9.333277,عمارات الامل,30.080185190322688,31.37680364752099,1.22
Al Amireya Al Bald,36.44326,19.955238,79.361496,70.66722,31.624939,9.333277,الاميريه البلد,30.107994216208063,31.270694620032785,0.64
Al Andalos District,27.691023,16.973969,80.20046,65.02466,24.886189,6.0874953,حى الاندلس,30.16907977872387,31.62805139970672,3.3
Al Andalus 1,27.691023,16.973969,80.20046,65.02466,24.886189,6.0874953,الأندلس 1,29.990481959371305,31.517417444543423,5.8
Al Andalus Family 5 - Area 6,27.691023,16.973969,80.20046,65.02466,24.886189,6.0874953,الأندلس عائلي 5 منطقة 6,29.983651241717222,31.522494616227533,0.16
Al Andalus Family Housing,27.691023,16.973969,80.20046,65.02466,24.886189,6.0874953,الأندلس عائلي,29.98367611756765,31.518597678242376,0.27
Al Anwar and Eshash Al Baroud,36.44326,19.955238,79.361496,70.66722,31.624939,9.333277,الانور وعشش البارود,30.016513771270407,31.23270951841685,2.04
Al Aseel Compound,27.691023,16.973969,80.20046,65.02466,24.886189,6.0874953,كمبوند الأصيل,30.01513125000252,31.476738907483675,3.26
Al Ashrafiya Compound,27.691023,16.973969,80.20046,65.02466,24.886189,6.0874953,كمبوند الأشرفية,30.03776790648626,31.48261711411909,3.58
Al Atar,36.44326,19.955238,79.361496,70.66722,31.624939,9.333277,العطار,30.070381586469072,31.249153579141414,0.07
Al Atrees,36.44326,19.955238,79.361496,70.66722,31.624939,9.333277,العتريس,30.02998830234,31.242122752460567,0.32
Al Awkaf Housing Division Al Khlawati,36.44326,19.955238,79.361496,70.66722,31.624939,9.333277,مساكن الاوقاف تقسيم الخلاوتي,29.973784543499608,31.26481486114896,1.64
Al Awqaf Compound,27.691023,16.973969,80.20046,65.02466,24.886189,6.0874953,كمبوند الأوقاف,29.95871704573631,31.535514516821767,0.29
Al Badrashin City,36.44326,19.955238,79.361496,70.66722,31.624939,9.333277,مدينة البدرشين,29.853910405661708,31.27712120365736,2.65
Al Banafseg 1,27.691023,16.973969,80.20046,65.02466,24.886189,6.0874953,البنفسج 1,30.066954192479933,31.47192021297725,2.78
Al Banafseg 10,27.691023,16.973969,80.20046,65.02466,24.886189,6.0874953,البنفسج 10,30.045412079026026,31.464524061951423,4.51
Al Banafseg 11,27.691023,16.973969,80.20046,65.02466,24.886189,6.0874953,البنفسج 11,30.039520970777303,31.47174835662398,4.14
Al Banafseg 12,27.691023,16.973969,80.20046,65.02466,24.886189,6.0874953,البنفسج 12,30.03939045354856,31.46411189042216,3.95
Al Banafseg 2,27.691023,16.973969,80.20046,65.02466,24.886189,6.0874953,البنفسج 2,30.06671277124684,31.464691803022504,2.86
Al Banafseg 3,27.691023,16.973969,80.20046,65.02466,24.886189,6.0874953,البنفسج 3,30.06169500387024,31.471843209038603,4.65
Al Banafseg 4,27.691023,16.973969,80.20046,65.02466,24.886189,6.0874953,البنفسج 4,30.06167641421717,31.464697770350583,3.42
Al Banafseg 5,27.691023,16.973969,80.20046,65.02466,24.886189,6.0874953,البنفسج 5,30.056875941262465,31.47178084171445,5.69
Al Banafseg 6,27.691023,16.973969,80.20046,65.02466,24.886189,6.0874953,البنفسج 6,30.0564422785336,31.464538766201105,3.7
Al Banafseg 7,27.691023,16.973969,80.20046,65.02466,24.886189,6.0874953,البنفسج 7,30.05118342519513,31.471871447420742,5.25
Al Banafseg 8,27.691023,16.973969,80.20046,65.02466,24.886189,6.0874953,البنفسج 8,30.050779653372555,31.46458590013975,4.16
Al Banafseg 9,27.691023,16.973969,80.20046,65.02466,24.886189,6.0874953,البنفسج 9,30.04538634748466,31.47176792368884,5.57
Al Banafseg Buildings,27.691023,16.973969,80.20046,65.02466,24.886189,6.0874953,البنفسج عمارات,30.033823073294933,31.46288841098647,2.79
Al Banfseg District,27.691023,16.973969,80.20046,65.02466,24.886189,6.0874953,حي البنفسج,30.171387802193586,31.63752537794441,4.21
Al Basatin Housing,36.44326,19.955238,79.361496,70.66722,31.624939,9.333277,مساكن البساتين,30.00696237802308,31.330097347913643,2.4
Al Basatine,36.44326,19.955238,79.361496,70.66722,31.624939,9.333277,البساتين,29.98775041171548,31.26471003638336,0.02
Al Bekbashi,36.44326,19.955238,79.361496,70.66722,31.624939,9.333277,البكباشى,29.96797975442376,31.22427286440576,14.54
Al Brlent District,27.691023,16.973969,80.20046,65.02466,24.886189,6.0874953,حى البرلنت,30.168986451213986,31.59732003137331,2.48
Al Burouj,24.703178,15.82079,74.21322,62.85449,22.400135,5.074077,البروج,30.20044598589752,31.67962880171121,2.94
Al Choueifat,27.691023,16.973969,80.20046,65.02466,24.886189,6.0874953,الشويفات,30.00865362801287,31.409405679480173,2.96
Al Darb Al Ahmar,36.44326,19.955238,79.361496,70.66722,31.624939,9.333277,الدرب الاحمر,30.040541609944345,31.26049924129058,6.64
Al Darb Al Gadid,36.44326,19.955238,79.361496,70.66722,31.624939,9.333277,الدرب الجديد,30.03332431746609,31.24342294071674,0.34
Al Darrasa,36.44326,19.955238,79.361496,70.66722,31.624939,9.333277,الدراسه,30.046622237020745,31.268065590003715,5.4
Al Dayoura,36.44326,19.955238,79.361496,70.66722,31.624939,9.333277,الديوره,30.003831373962864,31.24383274800706,4.23
Al Delta Association compound,27.691023,16.973969,80.20046,65.02466,24.886189,6.0874953,كمبوند جمعية الدلتا,29.960595637238843,31.53393244056592,0.23
Al Diplomaseen,27.691023,16.973969,80.20046,65.02466,24.886189,6.0874953,الدبلوماسيين,29.993533555282315,31.44082024745597,2.95
Al Diplomasieen Compound,27.691023,16.973969,80.20046,65.02466,24.886189,6.0874953,كمبوند الدبلوماسيين,30.00206887607695,31.494859487288537,2.03
Al Dwagen,36.44326,19.955238,79.361496,70.66722,31.624939,9.333277,الدواجن,29.87904708975872,31.291762712749712,2.88
Al Dweika,36.44326,19.955238,79.361496,70.66722,31.624939,9.333277,الدويقة,30.03606426378749,31.29758613114309,0.67
Al Dyar Compound,27.691023,16.973969,80.20046,65.02466,24.886189,6.0874953,الديار كمبوند,30.01517070071598,31.469260919318664,5.03
Al Emameen,36.44326,19.955238,79.361496,70.66722,31.624939,9.333277,الامامين,30.00739629901816,31.25742789088799,0.72
Al Ensha and Al Mounira,36.44326,19.955238,79.361496,70.66722,31.624939,9.333277,الانشا والمنيره,30.034995471924624,31.23571136473937,2.95
Al Fardous Complex Housing,36.44326,19.955238,79.361496,70.66722,31.624939,9.333277,مساكن مجمع الفردوس,30.056422482411307,31.30100583350724,2.77
Al Farouqia Buildings,36.44326,19.955238,79.361496,70.66722,31.624939,9.333277,عمارات الفاروقية,30.13893988168467,31.39194028852966,0.05
Al Fayrouz East District,27.691023,16.973969,80.20046,65.02466,24.886189,6.0874953,حى الفيروز شرق,30.14197049367956,31.634664168911808,4.39
Al Fayrouz West District,27.691023,16.973969,80.20046,65.02466,24.886189,6.0874953,حى الفيروز غرب,30.14375565503716,31.61987487286295,3.21
Al Ferdous,36.44326,19.955238,79.361496,70.66722,31.624939,9.333277,الفردوس,30.06659045050439,31.362649427596697,1.99
Al Fostat Water Station Housing,36.44326,19.955238,79.361496,70.66722,31.624939,9.333277,مساكن محطة مياه الفسطاط,29.98024212824447,31.24426350496236,0.25
Al Gamalia,36.44326,19.955238,79.361496,70.66722,31.624939,9.333277,الجماليه,30.052534966083112,31.2647987130736,0.41
Al Ganzoury,36.44326,19.955238,79.361496,70.66722,31.624939,9.333277,الجنزورى,30.0574779067908,31.273826530235617,0.65
Al Gawhara District,27.691023,16.973969,80.20046,65.02466,24.886189,6.0874953,حى الجوهرة,30.117437188418226,31.619624668730268,1.82
Al Ghoureyya,36.44326,19.955238,79.361496,70.66722,31.624939,9.333277,الغوريه,30.04481461485994,31.26070557589789,6.51
Al Guezira Green Park Compound,27.691023,16.973969,80.20046,65.02466,24.886189,6.0874953,كمبوند الجزيرة جرين بارك,30.017554154663888,31.483320030228377,2.34
Al Hada'ek,36.44326,19.955238,79.361496,70.66722,31.624939,9.333277,الحدائق,30.077440478825697,31.27229488410319,0.8
Al Hadaba Al Wosta El Mukkatam,36.44326,19.955238,79.361496,70.66722,31.624939,9.333277,الهضبة الوسطى المقطم,29.9958642094658,31.30496408634768,0.5
Al Hadid W Al Solb Old Housing,100.73496,22.805325,88.276215,76.092606,72.74783,5.4515224,مساكن الحديد و الصلب القديمة,29.78367879409261,31.31027319702033,1.13
Al Hadid W Solb Housing,100.73496,22.805325,88.276215,76.092606,72.74783,5.4515224,مساكن الحديد و الصلب,29.78747731676058,31.30289306930957,2.26
Al Hana Buildings,36.44326,19.955238,79.361496,70.66722,31.624939,9.333277,عمارات الهنا,30.11189269123867,31.3252133855772,2.36
Al Harfayn A Area,27.691023,16.973969,80.20046,65.02466,24.886189,6.0874953,منطقة الحرفين أ,30.14046874275229,31.76031681393955,1.86
Al Harfayn B Area,27.691023,16.973969,80.20046,65.02466,24.886189,6.0874953,منطقة الحرفين ب,30.13309507782031,31.766177148324225,1.17
Al Harfayn C Area,27.691023,16.973969,80.20046,65.02466,24.886189,6.0874953,منطقة الحرفين ج,30.12435383900428,31.76754629946875,0.92
Al Hayah Residence Compound,27.691023,16.973969,80.20046,65.02466,24.886189,6.0874953,كمبوند الحياة ريزيدنس,30.14095646117885,31.625695283873505,4.8
Al Herafieen City,36.44326,19.955238,79.361496,70.66722,31.624939,9.333277,مدينة الحرفيين,29.837235557695465,31.33344553097708,0.9
Al Herafieen Housing,36.44326,19.955238,79.361496,70.66722,31.624939,9.333277,مساكن الحرفيين,30.03759834535663,31.29064227896464,0.21
Al Huckstep Military City,27.691023,16.973969,80.20046,65.02466,24.886189,6.0874953,مدينة الهايكستب العسكرية,30.128510871354305,31.51918604370893,0.13
Al Iskan El Fakher Buildings,27.691023,16.973969,80.20046,65.02466,24.886189,6.0874953,مباني الإسكان الفاخر,30.145327654354443,31.611558262109035,3.52
Al Ismalia,36.44326,19.955238,79.361496,70.66722,31.624939,9.333277,الإسماعيلية,30.046653905195143,31.23421137449931,3.48
Al Istad,36.44326,19.955238,79.361496,70.66722,31.624939,9.333277,الاستاد,30.068470968299795,31.30657003261081,3.34
Al Izab,36.44326,19.955238,79.361496,70.66722,31.624939,9.333277,العزب,30.12024537748439,31.294069512367745,0.21
Al Jawahra Compound,27.691023,16.973969,80.20046,65.02466,24.886189,6.0874953,كمبوند الجوهرة,30.03396151443324,31.478244368636965,3.2
Al Jazi Garden Compound,27.691023,16.973969,80.20046,65.02466,24.886189,6.0874953,كمبوند الجازى جاردن,30.033514237464622,31.48311867994992,2.54
Al Jazi Park Ave Compound,27.691023,16.973969,80.20046,65.02466,24.886189,6.0874953,كمبوند الجازي بارك آفي,30.03550082366462,31.478060964393684,3.82
Al Kabsh,36.44326,19.955238,79.361496,70.66722,31.624939,9.333277,الكبش,30.02876199585858,31.24555809115048,0.1
Al Karnak Association for Construction and Housing Compound,27.691023,16.973969,80.20046,65.02466,24.886189,6.0874953,كمبوند جمعية الكرنك للبناء والإسكان,29.964758474299423,31.52692325790752,0.59
Al Kendy District,36.44326,19.955238,79.361496,70.66722,31.624939,9.333277,الحى الكندي,29.989844381534034,31.290925052328337,0.3
Al Khabiri Al Wosta,36.44326,19.955238,79.361496,70.66722,31.624939,9.333277,الخبيرى الوسطى,29.96422774169664,31.24664793194417,6.45
Al Khalifa,36.44326,19.955238,79.361496,70.66722,31.624939,9.333277,الخليفه,30.026675142485026,31.251912654149304,0.09
Al Khobra' Al Rous City,100.73496,22.805325,88.276215,76.092606,72.74783,5.4515224,مدينة الخبراء الروس,29.787168989601746,31.310498750059303,1.53
Al Khokha and Al Qanaya,36.44326,19.955238,79.361496,70.66722,31.624939,9.333277,الخوخه والقنايه,30.003944355254937,31.227844894664788,5.15
Al Kofour and Saei Al Bahr,36.44326,19.955238,79.361496,70.66722,31.624939,9.333277,الكفور وساعي البحر,30.01032355193752,31.22888748371726,3.53
Al Koronfil District,27.691023,16.973969,80.20046,65.02466,24.886189,6.0874953,حى القرنفل,30.052239286446383,31.521537012089816,1.38
Al Kuwait Housing,36.44326,19.955238,79.361496,70.66722,31.624939,9.333277,مساكن الكويت,30.005823036612213,31.33013956605477,2.44
Al Lazourd District,27.691023,16.973969,80.20046,65.02466,24.886189,6.0874953,حى اللازورد,30.13010402518797,31.62472517037212,2.74
Al Loaloah District,27.691023,16.973969,80.20046,65.02466,24.886189,6.0874953,حى اللؤلؤة,30.130724168691604,31.60643359572061,7.28
Al Lotus Sector,27.691023,16.973969,80.20046,65.02466,24.886189,6.0874953,قطاع اللوتس,30.02686451543201,31.51724140599961,0.29
Al Lwaa' Amin Al Sherif,36.44326,19.955238,79.361496,70.66722,31.624939,9.333277,اللواء امين الشريف,30.04775455545797,31.250086772641552,0.56
Al Maadesa,36.44326,19.955238,79.361496,70.66722,31.624939,9.333277,المعدسه,30.03627912496658,31.275551311844627,0.93
Al Maasara Al Balad,36.44326,19.955238,79.361496,70.66722,31.624939,9.333277,المعصره البلد,29.90989811944626,31.283125017932456,16.3
Al Maasara Al Mahata,36.44326,19.955238,79.361496,70.66722,31.624939,9.333277,المعصره المحطه,29.9077845397494,31.29524316845093,0.86
Al Mabaaothen City,36.44326,19.955238,79.361496,70.66722,31.624939,9.333277,مدينة المبعوثين,30.0600510254315,31.359029398700404,0.97
Al Mahgar,36.44326,19.955238,79.361496,70.66722,31.624939,9.333277,المحجر,30.033499694848462,31.25780309200586,3.25
Al Mahmoodia Housing,36.44326,19.955238,79.361496,70.66722,31.624939,9.333277,مساكن المحموديه,30.014191683063395,31.334108377230784,0.73
Al Mahmoudeya Housing,36.44326,19.955238,79.361496,70.66722,31.624939,9.333277,مساكن المحمودية,29.97632923369768,31.39609853696053,4.71
Al Manasrah,36.44326,19.955238,79.361496,70.66722,31.624939,9.333277,المناصره,30.047404579845463,31.25212420038402,0.5
Al Mansuriyya,36.44326,19.955238,79.361496,70.66722,31.624939,9.333277,المنصوريه,30.05016669217705,31.27120007430176,1.96
Al Mansy,36.44326,19.955238,79.361496,70.66722,31.624939,9.333277,المنسى,30.0596165175454,31.261369994992663,0.06
Al Manteqah Al Oula,36.44326,19.955238,79.361496,70.66722,31.624939,9.333277,المنطقة الأولى,30.06060191006583,31.331746927973544,1.59
Al Manyal,36.44326,19.955238,79.361496,70.66722,31.624939,9.333277,المنيل,30.0209947,31.2255698,3.79
Al Manyal Buildings,36.44326,19.955238,79.361496,70.66722,31.624939,9.333277,عمارات المنيل,30.05092677433044,31.35141665551509,1.33
Al Marwa Buildings,36.44326,19.955238,79.361496,70.66722,31.624939,9.333277,عمارات المروة,30.07903809734416,31.32769117604345,3.44
Al Mashtal,27.691023,16.973969,80.20046,65.02466,24.886189,6.0874953,المشتل,30.008209902555144,31.4031256575214,3.81
Al Mearag City,36.44326,19.955238,79.361496,70.66722,31.624939,9.333277,مدينة المعراج,29.97926105180512,31.30914418754873,1.36
Al Minia Village,100.73496,22.805325,88.276215,76.092606,72.74783,5.4515224,قريه المنيا,29.750765334127127,31.319089794225256,0.59
Al Mohmat Buildings,36.44326,19.955238,79.361496,70.66722,31.624939,9.333277,عمارات المهمات,30.06256924951074,31.297053051778388,2.29
Al Mothaqfein Compound,27.691023,16.973969,80.20046,65.02466,24.886189,6.0874953,كمبوند المثقفين,29.98813685598243,31.51072334597205,1.5
Al Muntazah,36.44326,19.955238,79.361496,70.66722,31.624939,9.333277,المنتزه,30.09226284955249,31.321583047633645,5.63
Al Mustakbal City,27.691023,16.973969,80.20046,65.02466,24.886189,6.0874953,مدينة المستقبل,30.164353268834144,31.55843122529772,5.11
Al Mustasharin Compound,27.691023,16.973969,80.20046,65.02466,24.886189,6.0874953,كمبوند المستشارين,30.03597976832464,31.493730926358737,4.2
Al Nakhil Compound,27.691023,16.973969,80.20046,65.02466,24.886189,6.0874953,كمبوند النخيل,29.971940132238625,31.51763128743457,0.59
Al Nakhil Resort,27.691023,16.973969,80.20046,65.02466,24.886189,6.0874953,منتجع النخيل,30.05801119726708,31.428855500534866,3.77
Al Nakhl,36.44326,19.955238,79.361496,70.66722,31.624939,9.333277,النخل,29.88496922340192,31.290237490528536,7.25
Al Nasr,36.44326,19.955238,79.361496,70.66722,31.624939,9.333277,النصر,30.06121492486057,31.26548760759305,0.19
Al Nasr Buildings,36.44326,19.955238,79.361496,70.66722,31.624939,9.333277,عمارات النصر,29.99159166734361,31.28784772756491,0.25
Al Nasr Fok Al Motwst Buildings,36.44326,19.955238,79.361496,70.66722,31.624939,9.333277,عمارات النصر فوق المتوسط,30.009512882702925,31.32807065616036,3.15
Al Nasr Housing,32.067141500000005,18.464603500000003,79.780978,67.84594,28.255564,7.71038615,مساكن النصر,29.97729071623948,31.40568548705244,5.13
Al Niaba Al Aama Buildings,36.44326,19.955238,79.361496,70.66722,31.624939,9.333277,عمارات النيابة العامة,29.989005113240648,31.27560602678224,0.26
Al Noubi,36.44326,19.955238,79.361496,70.66722,31.624939,9.333277,النوبى,30.053422406311523,31.253269654474646,0.21
Al Nozha,36.44326,19.955238,79.361496,70.66722,31.624939,9.333277,النزهه,30.10348889719546,31.33763707154624,1.46
Al Obour Market,27.691023,16.973969,80.20046,65.02466,24.886189,6.0874953,سوق العبور,30.16566729272468,31.47069634318456,0.23
Al Omal and Al Tahrir City,36.44326,19.955238,79.361496,70.66722,31.624939,9.333277,مدينه العمال والتحرير,30.08185457389305,31.2217932075663,1.34
Al Orkeed District 1000 Fadan Area Previously,27.691023,16.973969,80.20046,65.02466,24.886189,6.0874953,حي الأوركيد منطقة الألف فدان سابقاً,30.07489568348485,31.584089570454186,0.12
Al Qada Buildings,36.44326,19.955238,79.361496,70.66722,31.624939,9.333277,عمارات القضاء,29.989269389706905,31.27718230820996,0.27
Al Qadi Al Fadel Association Compound,27.691023,16.973969,80.20046,65.02466,24.886189,6.0874953,كمبوند جمعية القاضي الفاضل,29.960492801787343,31.532007446994616,0.19
Al Qadria,36.44326,19.955238,79.361496,70.66722,31.624939,9.333277,القادريه,30.02073321914055,31.258077286183976,0.23
Al Qanal Housing,27.691023,16.973969,80.20046,65.02466,24.886189,6.0874953,مساكن القنال,30.159529862886632,31.622946143527848,1.72
Al Qobba,36.44326,19.955238,79.361496,70.66722,31.624939,9.333277,القبه,30.0885832076076,31.28765383211131,3.86
Al Qobba Al Gadida,36.44326,19.955238,79.361496,70.66722,31.624939,9.333277,القبه الجديده,30.102411542049328,31.28971368575324,0.45
Al Qubaisy,36.44326,19.955238,79.361496,70.66722,31.624939,9.333277,القبيسى,30.065192809344435,31.26024634498005,0.08
Al Raed Housing,27.691023,16.973969,80.20046,65.02466,24.886189,6.0874953,مساكن الرائد,30.15475193203057,31.62067545588379,2.67
Al Ramly,36.44326,19.955238,79.361496,70.66722,31.624939,9.333277,الرملى,30.05295182792913,31.256303367827982,0.16
Al Reqaba Al Edaria Buildings,36.44326,19.955238,79.361496,70.66722,31.624939,9.333277,عمارات الرقابه الإدارية,30.0626963695352,31.378056551214787,0.3
Al Roda and Al Mekyas,36.44326,19.955238,79.361496,70.66722,31.624939,9.333277,الروضه والمقياس,30.01232225608236,31.22475997252413,3.22
Al Roubiky Area,24.703178,15.82079,74.21322,62.85449,22.400135,5.074077,منطقة الروبيكى,30.226657687401456,31.74337988135594,0.11
Al Saba'ain,36.44326,19.955238,79.361496,70.66722,31.624939,9.333277,السباعين,30.03730060975417,31.24208940394272,0.84
Al Saeid 1000 Housing,27.691023,16.973969,80.20046,65.02466,24.886189,6.0874953,مساكن الصعيد 1000,30.16008038541931,31.427240948358687,1.14
Al Saeid Al Zelzal Housing,36.44326,19.955238,79.361496,70.66722,31.624939,9.333277,مساكن الصعيد الزلزال,30.006152312882342,31.32832425508178,3.13
Al Saeid Cooperatives Housing,36.44326,19.955238,79.361496,70.66722,31.624939,9.333277,مساكن الصعيد تعاونيات,30.00478774454265,31.32832105601416,3.39
Al Safarat District,36.44326,19.955238,79.361496,70.66722,31.624939,9.333277,حى السفارات,30.0381067698023,31.3390244033816,0.45
Al Safwa Compound,27.691023,16.973969,80.20046,65.02466,24.886189,6.0874953,كمبوند الصفوة,30.13703718204644,31.71566161492604,1.0
Al Safwa Neighborhood,27.691023,16.973969,80.20046,65.02466,24.886189,6.0874953,حى الصفوة,30.133969466577057,31.70896657560236,0.66
Al Sakayin,36.44326,19.955238,79.361496,70.66722,31.624939,9.333277,السقايين,30.039913489503007,31.24661825146268,0.45
Al Salibia,36.44326,19.955238,79.361496,70.66722,31.624939,9.333277,الصليبه,30.02939678123868,31.251510684888583,0.07
Al Sarayat,36.44326,19.955238,79.361496,70.66722,31.624939,9.333277,السرايات,30.06542426259836,31.28282937452054,0.74
Al Seid Housing,27.691023,16.973969,80.20046,65.02466,24.886189,6.0874953,مساكن الصعيد,29.978093389399778,31.408035841903544,4.85
Al Seka Al Hadid Club,36.44326,19.955238,79.361496,70.66722,31.624939,9.333277,نادى السكه الحديد,30.03735667083183,31.31836272115829,0.57
Al Shamashergy,36.44326,19.955238,79.361496,70.66722,31.624939,9.333277,الشماشرجى,30.06629359979407,31.247702161946904,0.08
Al Shams City Old Housing,36.44326,19.955238,79.361496,70.66722,31.624939,9.333277,مساكن مدينه الشمس القديمة,29.840083466565208,31.34141036292847,0.47
Al Shams Housing,36.44326,19.955238,79.361496,70.66722,31.624939,9.333277,مساكن الشمس,29.858231473869303,31.322365803931337,1.03
Al Sharabeya,36.44326,19.955238,79.361496,70.66722,31.624939,9.333277,الشرابيه,30.06893480950612,31.257679349920267,0.12
Al Sharara Buildings,36.44326,19.955238,79.361496,70.66722,31.624939,9.333277,عمارات الشرارة,30.06560353709863,31.35909279270456,2.24
Al Sharikat,36.44326,19.955238,79.361496,70.66722,31.624939,9.333277,الشركات,30.076598834148143,31.317334450757247,3.88
Al Sharq Insurance Buildings,36.44326,19.955238,79.361496,70.66722,31.624939,9.333277,عمارات الشرق للتأمين,30.05202124234371,31.33622200861016,5.24
Al Shorfa And Al Atiat Village,100.73496,22.805325,88.276215,76.092606,72.74783,5.4515224,قريه الشرفا والعطيات,29.744543831129352,31.3836258594868,0.25
Al Shorouk 2000 Compound,27.691023,16.973969,80.20046,65.02466,24.886189,6.0874953,كمبوند الشروق ۲۰۰۰,30.13711694877176,31.605405450591583,8.0
Al Sudia Housing,36.44326,19.955238,79.361496,70.66722,31.624939,9.333277,مساكن السعوديه,30.0988797003267,31.294182612796305,9.1
Al Sulb City,100.73496,22.805325,88.276215,76.092606,72.74783,5.4515224,مدينة الصلب,29.77606873547631,31.329239980369547,0.1
Al Surugiyya,36.44326,19.955238,79.361496,70.66722,31.624939,9.333277,السروجيه,30.037263837680708,31.2558209704279,3.77
Al Swary Blocks,36.44326,19.955238,79.361496,70.66722,31.624939,9.333277,بلوكات السوارى,30.04914882637246,31.26897100189856,3.28
Al Swisry A Housing,36.44326,19.955238,79.361496,70.66722,31.624939,9.333277,مساكن السويسرى أ,30.0454497028383,31.360355353902897,0.82
Al Swisry B Housing,36.44326,19.955238,79.361496,70.66722,31.624939,9.333277,مساكن السويسرى ب,30.04576259851696,31.367440645783727,0.31
Al Tamar,36.44326,19.955238,79.361496,70.66722,31.624939,9.333277,الطمار,30.05512863631004,31.25422538596677,0.21
Al Tarfaia Village,36.44326,19.955238,79.361496,70.66722,31.624939,9.333277,قريه الطرفايه,29.82358739547361,31.278684731277803,41.87
Al Tawenyat Housing,27.691023,16.973969,80.20046,65.02466,24.886189,6.0874953,مساكن التعاونيات,30.15092824676824,31.701747219163664,0.28
Al Tawfik Buildings,36.44326,19.955238,79.361496,70.66722,31.624939,9.333277,عمارات التوفيق,30.072327554516377,31.320976586368698,3.81
Al Tawfiqeya Buildings,36.44326,19.955238,79.361496,70.66722,31.624939,9.333277,عمارات التوفيقيه,30.06111557756796,31.37405460121884,0.45
Al Tebin Al Qibliyya,100.73496,22.805325,88.276215,76.092606,72.74783,5.4515224,التبين القبليه,29.77373162328392,31.29257841876064,9.6
Al Tebin Al Shaabiyya Housing,100.73496,22.805325,88.276215,76.092606,72.74783,5.4515224,مساكن التبين الشعبيه,29.786872400804395,31.29569568798588,8.24
Al Tebin El Baharia,100.73496,22.805325,88.276215,76.092606,72.74783,5.4515224,التبين البحريه,29.78018936390445,31.29223122274268,7.89
Al Togarien City,36.44326,19.955238,79.361496,70.66722,31.624939,9.333277,مدينة التجاريين,30.01144011760946,31.298119731672244,3.51
Al Toub Al Ramli Housing,36.44326,19.955238,79.361496,70.66722,31.624939,9.333277,مساكن الطوب الرملى,30.035492845618528,31.35782029675755,0.47
Al Tounsy,36.44326,19.955238,79.361496,70.66722,31.624939,9.333277,التونسي,30.00479816054356,31.270092140307952,0.09
Al Wady Buildings,36.44326,19.955238,79.361496,70.66722,31.624939,9.333277,عمارات الوادى,30.063687581986738,31.37731057422292,0.3
Al Wafaa and El Amal,36.44326,19.955238,79.361496,70.66722,31.624939,9.333277,الوفاء والامل,30.024779891751525,31.34889095999534,0.7
Al Waha,36.44326,19.955238,79.361496,70.66722,31.624939,9.333277,الواحة,30.039056627726527,31.372227207123043,0.12
Al Yaqot West District,27.691023,16.973969,80.20046,65.02466,24.886189,6.0874953,حى الياقوت غرب,30.1668379360524,31.608074046001136,2.99
Al Yasmeen 1,27.691023,16.973969,80.20046,65.02466,24.886189,6.0874953,الياسمين 1,30.049869439620338,31.45720801569211,3.06
Al Yasmeen 2,27.691023,16.973969,80.20046,65.02466,24.886189,6.0874953,الياسمين 2,30.049147150417465,31.4465965787894,4.34
Al Yasmeen 3,27.691023,16.973969,80.20046,65.02466,24.886189,6.0874953,الياسمين 3,30.04429367825955,31.457065794042144,3.98
Al Yasmeen 4,27.691023,16.973969,80.20046,65.02466,24.886189,6.0874953,الياسمين 4,30.04357531589752,31.44604681932609,4.83
Al Yasmeen 5,27.691023,16.973969,80.20046,65.02466,24.886189,6.0874953,الياسمين 5,30.039178867819125,31.45660244763805,3.98
Al Yasmeen 6,27.691023,16.973969,80.20046,65.02466,24.886189,6.0874953,الياسمين 6,30.03807110597452,31.44368670986892,4.98
Al Yasmeen 7,27.691023,16.973969,80.20046,65.02466,24.886189,6.0874953,الياسمين 7,30.033769702249835,31.45473019215652,4.41
Al Yasmeen 8,27.691023,16.973969,80.20046,65.02466,24.886189,6.0874953,الياسمين 8,30.03212720157048,31.44350044300077,6.29
Al Yasmeen Compound,27.691023,16.973969,80.20046,65.02466,24.886189,6.0874953,كمبوند الياسمين,29.936178829932945,31.608702592375824,7.5
Al Yasmine 10,27.691023,16.973969,80.20046,65.02466,24.886189,6.0874953,الياسمين 10,30.16080736623066,31.6964396396114,0.22
Al Yasmine 11,27.691023,16.973969,80.20046,65.02466,24.886189,6.0874953,الياسمين 11,30.16012813135067,31.694961948604192,0.2
Al Yasmine 12,27.691023,16.973969,80.20046,65.02466,24.886189,6.0874953,الياسمين 12,30.1585910453129,31.69694470049106,0.22
Al Yasmine 9,27.691023,16.973969,80.20046,65.02466,24.886189,6.0874953,الياسمين 9,30.160511936943507,31.697761213013614,0.23
Al Zaafaran,36.44326,19.955238,79.361496,70.66722,31.624939,9.333277,الزعفران,30.077159459634068,31.292495493094755,2.42
Al Zahraa,36.44326,19.955238,79.361496,70.66722,31.624939,9.333277,الزهراء,29.9420917411532,31.38171029413004,0.08
Al Zahraa and Masaken El Helmeya,36.44326,19.955238,79.361496,70.66722,31.624939,9.333277,الزهراء ومساكن الحلميه,30.124627778364754,31.33745482325679,3.78
Al Zaitoun Al Qibliyya,36.44326,19.955238,79.361496,70.66722,31.624939,9.333277,الزيتون القبليه,30.093466516015013,31.30060937735412,10.93
Al Zaitoun El Baharia,36.44326,19.955238,79.361496,70.66722,31.624939,9.333277,الزيتون البحريه,30.107745088696056,31.317780822322973,2.09
Al Zelzal Housing,36.44326,19.955238,79.361496,70.66722,31.624939,9.333277,مساكن الزلزال,29.857829707083905,31.317842967540823,1.1
Al Zohor District,27.691023,16.973969,80.20046,65.02466,24.886189,6.0874953,حى الزهور,30.161602409487884,31.699810133442696,0.2
Al Zomorod District,27.691023,16.973969,80.20046,65.02466,24.886189,6.0874953,حى الزمرد,30.140618965473884,31.605470969261543,6.66
Al taghiz Housing,36.44326,19.955238,79.361496,70.66722,31.624939,9.333277,مساكن التجهيز,29.82511842454069,31.35244384048245,2.88
Al-Azbakeya,36.44326,19.955238,79.361496,70.66722,31.624939,9.333277,الأزبكية,30.053889100000003,31.2454725,0.25
Al-Maasara,36.44326,19.955238,79.361496,70.66722,31.624939,9.333277,المعصرة,29.9091281,31.2912838,0.58
Al-Mosky,36.44326,19.955238,79.361496,70.66722,31.624939,9.333277,الموسكى,30.0503528,31.253695,0.35
Al-Sabtiyya,36.44326,19.955238,79.361496,70.66722,31.624939,9.333277,السبتية,30.0648978,31.2298942,1.24
Al-Sayyida Zeinab,36.44326,19.955238,79.361496,70.66722,31.624939,9.333277,السيدة زينب,30.027324100000005,31.2404117,0.45
Al-Zaher,36.44326,19.955238,79.361496,70.66722,31.624939,9.333277,الظاهر,30.0639735,31.2594293,0.06
Al-Zaitoun,36.44326,19.955238,79.361496,70.66722,31.624939,9.333277,الزيتون,30.099836499999995,31.308219399999995,4.96
Alexandria Housing,36.44326,19.955238,79.361496,70.66722,31.624939,9.333277,مساكن الاسكندرية,30.0117667697061,31.335316023833176,0.52
Alexandria Housings,36.44326,19.955238,79.361496,70.66722,31.624939,9.333277,مساكن اسكندرية,29.99896029329188,31.332277120502088,0.73
Alexandria West Project Housing,36.44326,19.955238,79.361496,70.66722,31.624939,9.333277,مساكن مشروع الاسكندرية غرب,29.84772533907964,31.32010812185576,0.38
Alico City Compound,27.691023,16.973969,80.20046,65.02466,24.886189,6.0874953,كمبوند اليكو سيتي,30.13885765313132,31.70796038477231,0.68
Almaza,36.44326,19.955238,79.361496,70.66722,31.624939,9.333277,الماظة,30.088979551964886,31.34128729713657,2.21
Almaza Officer's City Housing,36.44326,19.955238,79.361496,70.66722,31.624939,9.333277,مساكن مدينة ضباط الماظة,30.08044138184996,31.378331522419764,1.18
Almuthlath Buildings,36.44326,19.955238,79.361496,70.66722,31.624939,9.333277,عمارات المثلث,30.05956542779102,31.378957963477745,0.63
Amenhotep Cooperative Housing Association Compound,27.691023,16.973969,80.20046,65.02466,24.886189,6.0874953,كمبوند جمعية أمنحتب للإسكان التعاوني,29.96722512196529,31.532971363609164,0.46
Amiriya,36.44326,19.955238,79.361496,70.66722,31.624939,9.333277,الأميرية,30.100000100000003,31.283333,0.25
Andalous 1 Motamayez Emteded,27.691023,16.973969,80.20046,65.02466,24.886189,6.0874953,الأندلس 1 المتميز امتداد,29.986539281113245,31.523086787728804,0.13
Andalous Elmotamayez 2/1,27.691023,16.973969,80.20046,65.02466,24.886189,6.0874953,الأندلس المتميز 2/1,29.99738771573539,31.52816766890251,5.79
Andalous Family 3,27.691023,16.973969,80.20046,65.02466,24.886189,6.0874953,الأندلس عائلي م 3,29.98450535851728,31.51887014654979,0.28
Andalous Motamayez 2/2,27.691023,16.973969,80.20046,65.02466,24.886189,6.0874953,الأندلس المتميز 2/2,29.99113064692771,31.52965109796164,0.95
Andalous family 4,27.691023,16.973969,80.20046,65.02466,24.886189,6.0874953,الأندلس عائلي م 4,29.98507669364797,31.51604131081623,0.4
Andalous family 7,27.691023,16.973969,80.20046,65.02466,24.886189,6.0874953,الأندلس العائلي م 7,29.982342552698725,31.51959518327868,0.28
Andalous family 8,27.691023,16.973969,80.20046,65.02466,24.886189,6.0874953,الأندلس العائلي م 8,29.98199768962384,31.516892749785367,0.31
Andalus Oasis,27.691023,16.973969,80.20046,65.02466,24.886189,6.0874953,واحه الاندلس,29.96295328694731,31.53944650077832,0.38
Andalusia Compound,27.691023,16.973969,80.20046,65.02466,24.886189,6.0874953,كمبوند أندلسية,30.12154368409564,31.62523135421844,1.99
Aquila,24.703178,15.82079,74.21322,62.85449,22.400135,5.074077,اكويلا,30.20007368076712,31.66433124851409,3.1
Arab Al Yassar,36.44326,19.955238,79.361496,70.66722,31.624939,9.333277,عرب اليسار,30.023172611413067,31.26117667634806,0.32
Arab Contractors,27.691023,16.973969,80.20046,65.02466,24.886189,6.0874953,المقاولون العرب,30.046661164479183,31.62140401103424,0.09
Arab El Hisn,36.44326,19.955238,79.361496,70.66722,31.624939,9.333277,عرب الحصن,30.13076529814963,31.304967834104986,1.15
Arab Organization for Industrialization Housing,36.44326,19.955238,79.361496,70.66722,31.624939,9.333277,مساكن الهيئة العربية للتصنيع,30.066794485341724,31.34582131333425,2.18
Arabella Resort,27.691023,16.973969,80.20046,65.02466,24.886189,6.0874953,منتجع أرابيلا,29.987644579658504,31.43461439534644,3.56
Arabia Compound,27.691023,16.973969,80.20046,65.02466,24.886189,6.0874953,كمبوند عربية,30.017518867778588,31.479499348618003,2.64
Arabic Company Housing,27.691023,16.973969,80.20046,65.02466,24.886189,6.0874953,مساكن الشركة العربية,29.975800461490685,31.408658203851672,3.55
Ard Al Gam'eeya 6th of October,36.44326,19.955238,79.361496,70.66722,31.624939,9.333277,ارض الجمعيه 6 اكتوبر سابقا,30.09048265335761,31.21795204519753,0.85
Ard Al Omda,36.44326,19.955238,79.361496,70.66722,31.624939,9.333277,ارض العمده,29.90642316824604,31.300631723773098,0.95
Area 1,27.691023,16.973969,80.20046,65.02466,24.886189,6.0874953,منطقة 1,30.011944929410905,31.44341185715773,7.26
Area 10,36.44326,19.955238,79.361496,70.66722,31.624939,9.333277,منطقة 10,30.052341967413582,31.375041269736187,0.38
Area 100 Acres East City,36.44326,19.955238,79.361496,70.66722,31.624939,9.333277,منطقة 100 فدان شرق المدينة,29.843649898983337,31.3924839499669,0.26
Area 2,27.691023,16.973969,80.20046,65.02466,24.886189,6.0874953,منطقة 2,30.008602905818588,31.441134530254192,2.57
Area 3,27.691023,16.973969,80.20046,65.02466,24.886189,6.0874953,منطقة 3,30.007973600016072,31.436492163064926,1.51
Area 35,27.691023,16.973969,80.20046,65.02466,24.886189,6.0874953,منطقة 35,29.96445239315212,31.511978921483383,0.81
Area 36 A,27.691023,16.973969,80.20046,65.02466,24.886189,6.0874953,منطقة 36 أ,29.96713740959211,31.51005361577471,0.52
Area 4,27.691023,16.973969,80.20046,65.02466,24.886189,6.0874953,منطقة 4,30.008451403535748,31.432758673870776,1.06
Area 5,27.691023,16.973969,80.20046,65.02466,24.886189,6.0874953,منطقة 5,30.01184283020538,31.435991387660174,4.35
Area 52,27.691023,16.973969,80.20046,65.02466,24.886189,6.0874953,منطقة 52,29.96044552518035,31.50432438675956,0.85
Area 6,36.44326,19.955238,79.361496,70.66722,31.624939,9.333277,منطقة 6,30.06231813916326,31.34744651668875,2.37
Area 7,27.691023,16.973969,80.20046,65.02466,24.886189,6.0874953,منطقة 7,30.01388200037829,31.419420045380384,1.25
Area 8,36.44326,19.955238,79.361496,70.66722,31.624939,9.333277,منطقة 8,30.05032432550748,31.34801107968435,1.03
Area 9,36.44326,19.955238,79.361496,70.66722,31.624939,9.333277,منطقة 9,30.052438805904337,31.364440076280733,0.91
Area A,27.691023,16.973969,80.20046,65.02466,24.886189,6.0874953,منطقة أ,30.02478713861473,31.41766889612915,2.8
Area B,27.691023,16.973969,80.20046,65.02466,24.886189,6.0874953,منطقة ب,30.071771573791345,31.54112145132391,0.47
Area C,27.691023,16.973969,80.20046,65.02466,24.886189,6.0874953,منطقة ج,30.07994586078606,31.560238049669127,0.0
Area C3,27.691023,16.973969,80.20046,65.02466,24.886189,6.0874953,منطقة ج3,29.97386004553889,31.48346063211384,0.23
Area C4,27.691023,16.973969,80.20046,65.02466,24.886189,6.0874953,منطقة ج4,29.971952673497043,31.48242112451988,0.25
Area D,27.691023,16.973969,80.20046,65.02466,24.886189,6.0874953,منطقة د,30.07634962009688,31.54565014528413,0.47
Area E,27.691023,16.973969,80.20046,65.02466,24.886189,6.0874953,منطقة هـ,30.075344205930463,31.55680356728395,0.0
Area F,27.691023,16.973969,80.20046,65.02466,24.886189,6.0874953,منطقة و,30.07490246036524,31.55201403712569,0.0
Area G,27.691023,16.973969,80.20046,65.02466,24.886189,6.0874953,منطقة ز,30.070508870568588,31.55743363979192,0.0
Area H,27.691023,16.973969,80.20046,65.02466,24.886189,6.0874953,منطقة ح,30.072121105597127,31.561849413545065,0.0
Area I,27.691023,16.973969,80.20046,65.02466,24.886189,6.0874953,منطقة ط,30.06755284297704,31.561678778819303,0.01
Area J,27.691023,16.973969,80.20046,65.02466,24.886189,6.0874953,منطقة ي,30.063020404805734,31.556983351437783,0.0
Area K,27.691023,16.973969,80.20046,65.02466,24.886189,6.0874953,منطقة ك,30.056810427378565,31.55487368636098,0.0
Area L,27.691023,16.973969,80.20046,65.02466,24.886189,6.0874953,منطقة ل,30.05848075116426,31.557773060817016,0.0
Area M,27.691023,16.973969,80.20046,65.02466,24.886189,6.0874953,منطقة م,30.060830741047155,31.56128600451205,0.01
Area N,27.691023,16.973969,80.20046,65.02466,24.886189,6.0874953,منطقة ن,30.066583128186977,31.57105088939619,0.05
Area O,27.691023,16.973969,80.20046,65.02466,24.886189,6.0874953,منطقة س,30.0553367973313,31.57771260929165,0.0
Area P,27.691023,16.973969,80.20046,65.02466,24.886189,6.0874953,منطقة ع,29.99480757219144,31.47851094398572,0.16
Area Q,27.691023,16.973969,80.20046,65.02466,24.886189,6.0874953,منطقة ف,29.991431018921663,31.478176626250782,0.17
Area R,27.691023,16.973969,80.20046,65.02466,24.886189,6.0874953,منطقة ص,29.994002314007293,31.47607457137076,0.27
Area S,27.691023,16.973969,80.20046,65.02466,24.886189,6.0874953,منطقة ق,29.99744166635451,31.47381258838523,0.34
Area T,27.691023,16.973969,80.20046,65.02466,24.886189,6.0874953,منطقة ر,29.99342750463304,31.473630444468693,0.25
Area U,27.691023,16.973969,80.20046,65.02466,24.886189,6.0874953,منطقة ش,29.996298452016124,31.47065719555337,0.57
Area V,27.691023,16.973969,80.20046,65.02466,24.886189,6.0874953,منطقة ت,29.992750210814982,31.47049267298396,0.25
Aria Compound,27.691023,16.973969,80.20046,65.02466,24.886189,6.0874953,كمبوند اريا,30.05588730175539,31.617068211025995,0.32
Armed Forces Buildings,36.44326,19.955238,79.361496,70.66722,31.624939,9.333277,عمارات القوات المسلحة,30.1090793653954,31.329026814479995,2.74
Armed Forces Housing,36.44326,19.955238,79.361496,70.66722,31.624939,9.333277,مساكن القوات المسلحه,30.11964322527304,31.29094531562317,0.24
Armored Officers Housing Compound,27.691023,16.973969,80.20046,65.02466,24.886189,6.0874953,كمبوند إسكان ضباط المدرعات,29.96444031166396,31.51390975436408,0.9
Army Housing,36.44326,19.955238,79.361496,70.66722,31.624939,9.333277,مساكن الجيش,30.026966828574523,31.245468420110647,0.11
Asaad,36.44326,19.955238,79.361496,70.66722,31.624939,9.333277,اسعد,30.09735909808246,31.24249748950752,1.61
Asala City Compound,27.691023,16.973969,80.20046,65.02466,24.886189,6.0874953,كمبوند أصالة سيتي,30.00330520926805,31.494845809177217,1.83
Ashgar Darna Compound,36.44326,19.955238,79.361496,70.66722,31.624939,9.333277,كومبوند أشجار دارنا,29.982272172699872,31.32342658006078,0.45
Aswar Residences Compound,27.691023,16.973969,80.20046,65.02466,24.886189,6.0874953,كمبوند أسوار ريزيدنس,30.02839005756013,31.53189938585319,3.75
Athr Al Nabi,36.44326,19.955238,79.361496,70.66722,31.624939,9.333277,أثر النبي,29.99262482316088,31.23352559785455,2.53
Atlas 2 Buildings,36.44326,19.955238,79.361496,70.66722,31.624939,9.333277,عمارات اطلس 2,30.06418892609988,31.376588073245568,0.24
Atlas Buildings,36.44326,19.955238,79.361496,70.66722,31.624939,9.333277,عمارات اطلس,30.059462869271048,31.362234604206368,0.66
Atlas G,36.44326,19.955238,79.361496,70.66722,31.624939,9.333277,اطلس ج,30.006900277224045,31.338472535248904,0.51
Atlas Housing,36.44326,19.955238,79.361496,70.66722,31.624939,9.333277,مساكن اطلس,30.01222910287564,31.331635384060856,1.52
Atlas Housing 1,27.691023,16.973969,80.20046,65.02466,24.886189,6.0874953,مساكن اطلس 1,30.158918755020093,31.415658884231043,0.7
Atlas Housing 3,27.691023,16.973969,80.20046,65.02466,24.886189,6.0874953,مساكن اطلس 3,30.15563760569239,31.412544479064948,0.27
Avaris Compound,27.691023,16.973969,80.20046,65.02466,24.886189,6.0874953,كمبوند افاريس,30.01998175312956,31.47715382107576,2.62
Ayoub Buildings,36.44326,19.955238,79.361496,70.66722,31.624939,9.333277,عمارات ايوب,30.07914295149785,31.34561253198504,1.72
Azad Compound,27.691023,16.973969,80.20046,65.02466,24.886189,6.0874953,كمبوند ازاد,30.012210970610127,31.50817007592347,4.65
Azba Al Hgana,36.44326,19.955238,79.361496,70.66722,31.624939,9.333277,عزبه الهجانه,29.90585863189495,31.304265511219675,1.11
Azba Al Nagashi,36.44326,19.955238,79.361496,70.66722,31.624939,9.333277,عزبه النجاشي,30.13753256667666,31.34434553014997,0.73
B1,27.691023,16.973969,80.20046,65.02466,24.886189,6.0874953,B1,30.10209180029278,31.63806934286936,16.69
B12,27.691023,16.973969,80.20046,65.02466,24.886189,6.0874953,B12,30.080535883734683,31.675120795343656,3.6
B14,27.691023,16.973969,80.20046,65.02466,24.886189,6.0874953,B14,30.097755729171023,31.676321074779903,0.75
B15,27.691023,16.973969,80.20046,65.02466,24.886189,6.0874953,B15,30.089971069084186,31.68003364968984,1.3
B2,27.691023,16.973969,80.20046,65.02466,24.886189,6.0874953,B2,30.10163803412092,31.64612876201637,10.36
B3,27.691023,16.973969,80.20046,65.02466,24.886189,6.0874953,B3,30.08937827980552,31.640125200779195,10.69
B7,27.691023,16.973969,80.20046,65.02466,24.886189,6.0874953,B7,30.088207591931635,31.648093210035377,7.78
B8,27.691023,16.973969,80.20046,65.02466,24.886189,6.0874953,B8,30.09917839458293,31.654001529217872,5.44
Bab Al Shairia,36.44326,19.955238,79.361496,70.66722,31.624939,9.333277,باب الشعريه,30.05539845348723,31.26020611544477,0.07
Bab Al-Shaaria,36.44326,19.955238,79.361496,70.66722,31.624939,9.333277,باب الشعرية,30.0584951,31.255282900000005,0.11
Bab El Bahr,36.44326,19.955238,79.361496,70.66722,31.624939,9.333277,باب البحر,30.057120437748004,31.251754649954147,0.21
Bab El Fetouh,36.44326,19.955238,79.361496,70.66722,31.624939,9.333277,باب الفتوح,30.05311837872513,31.262992881172053,0.18
Bab El Louk,36.44326,19.955238,79.361496,70.66722,31.624939,9.333277,باب اللوق,30.047492765030185,31.24067556969137,0.75
Bab El Wazir and Al Gharib,36.44326,19.955238,79.361496,70.66722,31.624939,9.333277,باب الوزير والغريب,30.03984922195903,31.26437473047412,6.56
Bab al Luq,36.44326,19.955238,79.361496,70.66722,31.624939,9.333277,باب اللوق,30.04583150000001,31.239586000000003,0.99
Badr Towers,36.44326,19.955238,79.361496,70.66722,31.624939,9.333277,أبراج بدر,29.983252777968016,31.32028371299826,0.27
Bahtim,36.44326,19.955238,79.361496,70.66722,31.624939,9.333277,بهتيم,30.14102705724252,31.27325735733704,0.75
Banafseg Area,27.691023,16.973969,80.20046,65.02466,24.886189,6.0874953,منطقة البنفسج,30.1339192535002,31.649543227004727,5.27
Baron City,36.44326,19.955238,79.361496,70.66722,31.624939,9.333277,البارون سيتي,29.985238024859093,31.34006786087261,0.37
Baron Royal Towers,36.44326,19.955238,79.361496,70.66722,31.624939,9.333277,البارون رويال تاورز,29.98356836199201,31.34011006319588,0.36
Bavaria Town,36.44326,19.955238,79.361496,70.66722,31.624939,9.333277,بافاريا تاون,29.980387494400567,31.33956544583175,0.37
Becho American city Phase 1,36.44326,19.955238,79.361496,70.66722,31.624939,9.333277,بيتشو امريكان سيتى المرحله 1,29.97165100033425,31.33086845745133,0.6
Bellagio Compound,27.691023,16.973969,80.20046,65.02466,24.886189,6.0874953,كمبوند بلاجيو,30.03997658111771,31.49997998922251,5.07
Beta Greens Compound,27.691023,16.973969,80.20046,65.02466,24.886189,6.0874953,كمبوند بيتا جرينز,30.06282462843217,31.655511041011,0.03
Bin Al Ganayen,36.44326,19.955238,79.361496,70.66722,31.624939,9.333277,بين الجناين,30.066273602329293,31.27282391892589,0.72
Bin El Souren,36.44326,19.955238,79.361496,70.66722,31.624939,9.333277,بين الصورين,30.05097046754049,31.25863200525243,0.03
Birket El Hag,36.44326,19.955238,79.361496,70.66722,31.624939,9.333277,بركه الحاج,30.15248521031043,31.361474497387743,0.76
Birket El Ratly,36.44326,19.955238,79.361496,70.66722,31.624939,9.333277,بركه الرطلى,30.060455874217105,31.25709860805061,0.09
Bitcho City,36.44326,19.955238,79.361496,70.66722,31.624939,9.333277,بيتشو سيتى,29.97938707521281,31.329992523395365,0.5
Block 1,36.44326,19.955238,79.361496,70.66722,31.624939,9.333277,بلوك 1,29.966450340845544,31.28120448047458,1.62
Block 10,36.44326,19.955238,79.361496,70.66722,31.624939,9.333277,بلوك 10,29.95989072749356,31.307133473229392,0.49
Block 11,36.44326,19.955238,79.361496,70.66722,31.624939,9.333277,بلوك 11,30.0358098778606,31.34559969087683,0.23
Block 1103,36.44326,19.955238,79.361496,70.66722,31.624939,9.333277,بلوك 1103,30.10579019448902,31.36631598292769,1.51
Block 1104,36.44326,19.955238,79.361496,70.66722,31.624939,9.333277,بلوك 1104,30.10602846533398,31.3683445451462,1.32
Block 1105,36.44326,19.955238,79.361496,70.66722,31.624939,9.333277,بلوك 1105,30.104985834647763,31.36962883969256,1.06
Block 1107,36.44326,19.955238,79.361496,70.66722,31.624939,9.333277,بلوك 1107,30.10518314318783,31.368201747852453,1.14
Block 1109,36.44326,19.955238,79.361496,70.66722,31.624939,9.333277,بلوك 1109,30.10432319093064,31.36828422373307,1.06
Block 1111,36.44326,19.955238,79.361496,70.66722,31.624939,9.333277,بلوك 1111,30.10355803892334,31.367440493069115,1.37
Block 1112,36.44326,19.955238,79.361496,70.66722,31.624939,9.333277,بلوك 1112,30.10357027189109,31.36639980306968,1.27
Block 1114,36.44326,19.955238,79.361496,70.66722,31.624939,9.333277,بلوك 1114,30.104085205600907,31.3647087724481,1.26
Block 1115,36.44326,19.955238,79.361496,70.66722,31.624939,9.333277,بلوك 1115,30.103424527884982,31.36549168070117,1.26
Block 1116,36.44326,19.955238,79.361496,70.66722,31.624939,9.333277,بلوك 1116,30.102705107203708,31.36634426401959,1.33
Block 1117,36.44326,19.955238,79.361496,70.66722,31.624939,9.333277,بلوك 1117,30.102315983046143,31.36749814858932,1.29
Block 1118,36.44326,19.955238,79.361496,70.66722,31.624939,9.333277,بلوك 1118,30.103223428684696,31.36839733826952,1.26
Block 1119,36.44326,19.955238,79.361496,70.66722,31.624939,9.333277,بلوك 1119,30.103879162495502,31.369248799668885,1.17
Block 1140,36.44326,19.955238,79.361496,70.66722,31.624939,9.333277,بلوك 1140,30.101645386997568,31.38057178527888,0.58
Block 1141,36.44326,19.955238,79.361496,70.66722,31.624939,9.333277,بلوك 1141,30.10143936555796,31.37998372156916,0.69
Block 1142,36.44326,19.955238,79.361496,70.66722,31.624939,9.333277,بلوك 1142,30.10180724031013,31.377917466973507,0.71
Block 1143,36.44326,19.955238,79.361496,70.66722,31.624939,9.333277,بلوك 1143,30.100922311110057,31.379487008060856,0.69
Block 1144,36.44326,19.955238,79.361496,70.66722,31.624939,9.333277,بلوك 1144,30.10049986673485,31.379019072425383,0.7
Block 1145,36.44326,19.955238,79.361496,70.66722,31.624939,9.333277,بلوك 1145,30.1004343754112,31.37829617853705,0.73
Block 1146,36.44326,19.955238,79.361496,70.66722,31.624939,9.333277,بلوك 1146,30.100062494676816,31.37675090489191,0.7
Block 1147,36.44326,19.955238,79.361496,70.66722,31.624939,9.333277,بلوك 1147,30.099336207685845,31.37853489738774,0.68
Block 1148,36.44326,19.955238,79.361496,70.66722,31.624939,9.333277,بلوك 1148,30.09846040290296,31.37713548263796,0.67
Block 1149,36.44326,19.955238,79.361496,70.66722,31.624939,9.333277,بلوك 1149,30.09895212433387,31.37989873550725,0.59
Block 1150,36.44326,19.955238,79.361496,70.66722,31.624939,9.333277,بلوك 1150,30.098811994368607,31.381357308061048,0.51
Block 1153,36.44326,19.955238,79.361496,70.66722,31.624939,9.333277,بلوك 1153,30.0988342074381,31.37610153377429,0.66
Block 1154,36.44326,19.955238,79.361496,70.66722,31.624939,9.333277,بلوك 1154,30.09894449234105,31.37396172253516,0.76
Block 1155,36.44326,19.955238,79.361496,70.66722,31.624939,9.333277,بلوك 1155,30.099986071051752,31.37445876300988,0.87
Block 1156,36.44326,19.955238,79.361496,70.66722,31.624939,9.333277,بلوك 1156,30.098434953660544,31.371950834385952,0.81
Block 1157,36.44326,19.955238,79.361496,70.66722,31.624939,9.333277,بلوك 1157,30.098327062115576,31.374033701736145,0.59
Block 1158,36.44326,19.955238,79.361496,70.66722,31.624939,9.333277,بلوك 1158,30.09772645271864,31.37378807457645,0.53
Block 1159,36.44326,19.955238,79.361496,70.66722,31.624939,9.333277,بلوك 1159,30.097249526123363,31.372108597046324,0.83
Block 1160,36.44326,19.955238,79.361496,70.66722,31.624939,9.333277,بلوك 1160,30.095791438998944,31.37228852041939,0.77
Block 1161,36.44326,19.955238,79.361496,70.66722,31.624939,9.333277,بلوك 1161,30.097096404927907,31.373210104997344,0.67
Block 1163,36.44326,19.955238,79.361496,70.66722,31.624939,9.333277,بلوك 1163,30.09659084721092,31.37425909523088,0.65
Block 1164,36.44326,19.955238,79.361496,70.66722,31.624939,9.333277,بلوك 1164,30.096649015700685,31.374908066995403,0.6
Block 1165,36.44326,19.955238,79.361496,70.66722,31.624939,9.333277,بلوك 1165,30.09670712532004,31.3755587793,0.5
Block 1166,36.44326,19.955238,79.361496,70.66722,31.624939,9.333277,بلوك 1166,30.096508565340823,31.37638717901446,0.5
Block 1167,36.44326,19.955238,79.361496,70.66722,31.624939,9.333277,بلوك 1167,30.096818861811805,31.377686846454235,0.54
Block 1168,36.44326,19.955238,79.361496,70.66722,31.624939,9.333277,بلوك 1168,30.09648250926006,31.37891415730084,0.71
Block 1169,36.44326,19.955238,79.361496,70.66722,31.624939,9.333277,بلوك 1169,30.09714980805344,31.380115631182587,0.62
Block 1170,36.44326,19.955238,79.361496,70.66722,31.624939,9.333277,بلوك 1170,30.09724730460878,31.380724531136185,0.55
Block 1177,36.44326,19.955238,79.361496,70.66722,31.624939,9.333277,بلوك 1177,30.095301484053653,31.379054782781388,0.72
Block 1178,36.44326,19.955238,79.361496,70.66722,31.624939,9.333277,بلوك 1178,30.09568409485044,31.37834437099048,0.67
Block 1179,36.44326,19.955238,79.361496,70.66722,31.624939,9.333277,بلوك 1179,30.0957660926692,31.377475496379503,0.65
Block 1180,36.44326,19.955238,79.361496,70.66722,31.624939,9.333277,بلوك 1180,30.0945810999016,31.37761869087128,0.67
Block 1181,36.44326,19.955238,79.361496,70.66722,31.624939,9.333277,بلوك 1181,30.0947235992437,31.37974063353564,0.65
Block 1182,36.44326,19.955238,79.361496,70.66722,31.624939,9.333277,بلوك 1182,30.09380000952924,31.378766780477413,0.76
Block 1183,36.44326,19.955238,79.361496,70.66722,31.624939,9.333277,بلوك 1183,30.09385586562284,31.376704335783227,0.75
Block 1184,36.44326,19.955238,79.361496,70.66722,31.624939,9.333277,بلوك 1184,30.094607234510047,31.375761057537247,0.83
Block 1185,36.44326,19.955238,79.361496,70.66722,31.624939,9.333277,بلوك 1185,30.09351630630476,31.375444881505945,0.93
Block 1186,36.44326,19.955238,79.361496,70.66722,31.624939,9.333277,بلوك 1186,30.09378051090374,31.3741903996482,0.93
Block 1187,36.44326,19.955238,79.361496,70.66722,31.624939,9.333277,بلوك 1187,30.09367145854769,31.372966223685204,0.93
Block 12,36.44326,19.955238,79.361496,70.66722,31.624939,9.333277,بلوك 12,29.960475703977465,31.30545237299992,0.36
Block 1216,36.44326,19.955238,79.361496,70.66722,31.624939,9.333277,بلوك 1216,30.10341172083985,31.37151538712673,1.23
Block 1217,36.44326,19.955238,79.361496,70.66722,31.624939,9.333277,بلوك 1217,30.103168636313097,31.36947132283486,1.28
Block 1218,36.44326,19.955238,79.361496,70.66722,31.624939,9.333277,بلوك 1218,30.10212788729711,31.36831692960209,1.12
Block 1219,36.44326,19.955238,79.361496,70.66722,31.624939,9.333277,بلوك 1219,30.101358707149146,31.36793217583699,0.9
Block 1220,36.44326,19.955238,79.361496,70.66722,31.624939,9.333277,بلوك 1220,30.10041533020976,31.36904682864516,0.86
Block 1221,36.44326,19.955238,79.361496,70.66722,31.624939,9.333277,بلوك 1221,30.099652516041026,31.369945524574074,0.75
Block 1222,36.44326,19.955238,79.361496,70.66722,31.624939,9.333277,بلوك 1222,30.09954137305721,31.370865720914225,0.8
Block 1223,36.44326,19.955238,79.361496,70.66722,31.624939,9.333277,بلوك 1223,30.10112499458239,31.37263229774952,0.98
Block 1224,36.44326,19.955238,79.361496,70.66722,31.624939,9.333277,بلوك 1224,30.10267398576884,31.371222047365,1.11
Block 1226,36.44326,19.955238,79.361496,70.66722,31.624939,9.333277,بلوك 1226,30.10185691774942,31.3703143886988,1.03
Block 1227,36.44326,19.955238,79.361496,70.66722,31.624939,9.333277,بلوك 1227,30.102244254284937,31.37074488424928,1.06
Block 1228,36.44326,19.955238,79.361496,70.66722,31.624939,9.333277,بلوك 1228,30.10102324203465,31.36939134594719,0.95
Block 13,36.44326,19.955238,79.361496,70.66722,31.624939,9.333277,بلوك 13,29.96115773216353,31.3059500500411,0.41
Block 14,36.44326,19.955238,79.361496,70.66722,31.624939,9.333277,بلوك 14,29.96216909433847,31.30426575800264,0.54
Block 15,36.44326,19.955238,79.361496,70.66722,31.624939,9.333277,بلوك 15,30.03521736670915,31.34223827316012,0.42
Block 16,36.44326,19.955238,79.361496,70.66722,31.624939,9.333277,بلوك 16,30.036307968264968,31.34207824448698,0.29
Block 17,36.44326,19.955238,79.361496,70.66722,31.624939,9.333277,بلوك 17,30.036381620771685,31.342771567398213,0.28
Block 18,36.44326,19.955238,79.361496,70.66722,31.624939,9.333277,بلوك 18,29.959904681675983,31.309640758082804,0.61
Block 19,36.44326,19.955238,79.361496,70.66722,31.624939,9.333277,بلوك 19,29.95916991373423,31.31262717527789,0.88
Block 2,36.44326,19.955238,79.361496,70.66722,31.624939,9.333277,بلوك 2,29.96511318736772,31.282609084592043,1.6
Block 20,36.44326,19.955238,79.361496,70.66722,31.624939,9.333277,بلوك 20,29.95925716659396,31.3134031977842,0.9
Block 21,36.44326,19.955238,79.361496,70.66722,31.624939,9.333277,بلوك 21,29.960904591537293,31.31188453695921,0.92
Block 3,36.44326,19.955238,79.361496,70.66722,31.624939,9.333277,بلوك 3,29.97135487412745,31.27946768513649,2.51
Block 4,36.44326,19.955238,79.361496,70.66722,31.624939,9.333277,بلوك 4,29.97026070971694,31.27894996225405,2.46
Block 5,36.44326,19.955238,79.361496,70.66722,31.624939,9.333277,بلوك 5,29.969335450632123,31.27840695379222,2.7
Block 6,36.44326,19.955238,79.361496,70.66722,31.624939,9.333277,بلوك 6,30.03727389984613,31.34289008395698,0.25
Block 7,36.44326,19.955238,79.361496,70.66722,31.624939,9.333277,بلوك 7,29.96045947386263,31.30289762477558,0.68
Block 8,36.44326,19.955238,79.361496,70.66722,31.624939,9.333277,بلوك 8,29.96052508718007,31.303773746018745,0.64
Block 9,27.691023,16.973969,80.20046,65.02466,24.886189,6.0874953,بلوك 9,30.063431311073327,31.40631404146574,4.06
Block E,36.44326,19.955238,79.361496,70.66722,31.624939,9.333277,بلوك ه,29.99687037843237,31.303512365492377,0.32
Block F,36.44326,19.955238,79.361496,70.66722,31.624939,9.333277,بلوك و,29.996781716131217,31.30416747063043,0.55
Blocks 85,36.44326,19.955238,79.361496,70.66722,31.624939,9.333277,بلوكات 85,30.04806319604068,31.350683752825475,1.16
Bloomfields Compound,27.691023,16.973969,80.20046,65.02466,24.886189,6.0874953,كمبوند بلوم فيلدز,30.06715638843074,31.649377458998195,0.35
Borham,36.44326,19.955238,79.361496,70.66722,31.624939,9.333277,برهام,30.08315321490105,31.241730088772588,0.27
Boulak,36.44326,19.955238,79.361496,70.66722,31.624939,9.333277,بولاق,30.059185500000005,31.2341778,0.56
Building and Housing Association,27.691023,16.973969,80.20046,65.02466,24.886189,6.0874953,جمعية البناء والإسكان,29.96127500135562,31.52828699375377,0.36
Buildings 10,27.691023,16.973969,80.20046,65.02466,24.886189,6.0874953,B10,30.08241586867221,31.65971300159042,5.78
Buildings 1000,36.44326,19.955238,79.361496,70.66722,31.624939,9.333277,عمارات 1000,30.04750832121088,31.39789587644093,1.48
Buildings 11,27.691023,16.973969,80.20046,65.02466,24.886189,6.0874953,مباني 11,30.07571167685864,31.65867723431284,5.34
Buildings 2000,36.44326,19.955238,79.361496,70.66722,31.624939,9.333277,عمارات 2000,30.041807225551093,31.39739209236844,2.51
Buildings 300,36.44326,19.955238,79.361496,70.66722,31.624939,9.333277,عمارات 300,30.047655673281223,31.391664253498742,0.58
Buildings 3000,36.44326,19.955238,79.361496,70.66722,31.624939,9.333277,عمارات 3000,30.053829112752737,31.384379027374123,0.61
Buildings 400,36.44326,19.955238,79.361496,70.66722,31.624939,9.333277,عمارات 400,30.04955264999988,31.39354754512033,0.25
Buildings 4000,36.44326,19.955238,79.361496,70.66722,31.624939,9.333277,عمارات 4000,30.042117619808128,31.394581485407272,1.6
Buildings 500,36.44326,19.955238,79.361496,70.66722,31.624939,9.333277,عمارات 500,30.04989663481729,31.39654096917876,0.95
Buildings 6,27.691023,16.973969,80.20046,65.02466,24.886189,6.0874953,مباني 6,30.07896678655263,31.643208862411267,6.61
Buildings 600,36.44326,19.955238,79.361496,70.66722,31.624939,9.333277,عمارات 600,30.05088581175814,31.38668180869946,0.45
Buildings 700,36.44326,19.955238,79.361496,70.66722,31.624939,9.333277,عمارات 700,30.05141781700583,31.38884719148115,0.58
Buildings 800,36.44326,19.955238,79.361496,70.66722,31.624939,9.333277,عمارات 800,30.052586351948868,31.39080188479375,0.78
Buildings 81,36.44326,19.955238,79.361496,70.66722,31.624939,9.333277,عمارات 81,30.046926706407945,31.35524149608976,1.06
Buildings 900,36.44326,19.955238,79.361496,70.66722,31.624939,9.333277,عمارات 900,30.05384039408085,31.38582298142687,0.49
Business Men Center,27.691023,16.973969,80.20046,65.02466,24.886189,6.0874953,مركز رجال الاعمال,30.14889552319604,31.72970734228761,1.41
Businessmen Neighbourhood -15 May City,36.44326,19.955238,79.361496,70.66722,31.624939,9.333277,حي رجال الاعمال- مدينة ١٥ مايو,29.8332498,31.3616914,5.44
Cairo Airport,36.44326,19.955238,79.361496,70.66722,31.624939,9.333277,مطار القاهرة,30.11433240766461,31.351928593165376,3.11
Cairo Business Park Compound,27.691023,16.973969,80.20046,65.02466,24.886189,6.0874953,كمبوند كايرو بيزنس بارك,30.05181572038892,31.51403278779471,3.55
Cairo Festival City,27.691023,16.973969,80.20046,65.02466,24.886189,6.0874953,كايرو فستيفال سيتى,30.028486090724765,31.4103243497458,2.23
Cairo Housing,36.44326,19.955238,79.361496,70.66722,31.624939,9.333277,مساكن القاهرة,30.01588043099596,31.33365166691356,0.89
Cairo Housing Association Compound,27.691023,16.973969,80.20046,65.02466,24.886189,6.0874953,كمبوند جمعية مساكن القاهرة,29.963004500869623,31.53390962685465,0.37
Cairo Investigation Division,36.44326,19.955238,79.361496,70.66722,31.624939,9.333277,تقسيم مباحث القاهرة,29.988077618180093,31.324084546078097,0.56
Canyon Compound,27.691023,16.973969,80.20046,65.02466,24.886189,6.0874953,كمبوند كانيون,30.06733035915712,31.64109650781793,0.88
Capital Life,27.691023,16.973969,80.20046,65.02466,24.886189,6.0874953,كابيتال لايف,30.12242246396672,31.734249158400143,0.16
Casa Verde Compound,27.691023,16.973969,80.20046,65.02466,24.886189,6.0874953,كمبوند كازا فيردى,30.051438870793387,31.47706919531462,5.63
Central Industrial Area,27.691023,16.973969,80.20046,65.02466,24.886189,6.0874953,المنطقة الصناعية المركزية,30.14498742040789,31.74553078124384,0.31
Central Park Villas,27.691023,16.973969,80.20046,65.02466,24.886189,6.0874953,سنترال بارك فيلاز,30.036271419425816,31.49728243658405,4.93
Cinema Area,36.44326,19.955238,79.361496,70.66722,31.624939,9.333277,منطقه السينما,30.060994476829723,31.324275458482663,5.54
City Center 1,27.691023,16.973969,80.20046,65.02466,24.886189,6.0874953,مركز المدينة1,30.151224154884755,31.606648819116028,3.58
City Gate Compound,27.691023,16.973969,80.20046,65.02466,24.886189,6.0874953,كمبوند سيتي جيت,30.013291662119656,31.570030791554814,0.0
City of Odyssia Compound,27.691023,16.973969,80.20046,65.02466,24.886189,6.0874953,كمبوند سيتي أوف أوديسيا,30.05053667131792,31.643252147044727,0.07
City of workers,36.44326,19.955238,79.361496,70.66722,31.624939,9.333277,مدينة العمال,29.834299573237125,31.34144222106074,0.31
Civil Protection Officers Compound,27.691023,16.973969,80.20046,65.02466,24.886189,6.0874953,كمبوند ضباط الحماية المدنية,29.96388549316025,31.52828602576196,0.53
Cleopatra Palace Compound,27.691023,16.973969,80.20046,65.02466,24.886189,6.0874953,كمبوند كليوباترا بالاس,30.116946415662863,31.622895656676963,2.02
Club District,27.691023,16.973969,80.20046,65.02466,24.886189,6.0874953,حى النادي,30.12941154299026,31.61582401708454,4.56
Club Side,24.703178,15.82079,74.21322,62.85449,22.400135,5.074077,كلوب سايد,30.20069441269401,31.66964344438644,3.73
Commercial Syndicate Compound,27.691023,16.973969,80.20046,65.02466,24.886189,6.0874953,كمبوند نقابة التجاريين,29.967262340780124,31.5282267202911,0.76
Compound Hyde Park Damac,27.691023,16.973969,80.20046,65.02466,24.886189,6.0874953,كمبوند هايد بارك داماك,29.98255901210449,31.55022855754984,3.36
Compound Pgesco Serena Height,27.691023,16.973969,80.20046,65.02466,24.886189,6.0874953,كومبوند بجيسكو سيرينا هايتس,30.04430694756868,31.491519405606542,3.78
Compound Royal Lagoon,27.691023,16.973969,80.20046,65.02466,24.886189,6.0874953,كومبوند رويال لاجون,30.04342132525149,31.494250798658577,4.81
Compound Workers in Educational Buildings,27.691023,16.973969,80.20046,65.02466,24.886189,6.0874953,كمبوند العاملين بالأبنية التعليمية,29.96308371038618,31.521746358330144,0.57
Compound workers Cairo Center for Maritime,27.691023,16.973969,80.20046,65.02466,24.886189,6.0874953,كمبوند العاملين بمركز القاهرة للملاحة البحرية,29.96214683113639,31.509480056265364,0.97
Concord Gardens Compound,27.691023,16.973969,80.20046,65.02466,24.886189,6.0874953,كمبوند كونكورد جاردنز,30.02293458727149,31.483427581879567,2.62
Concordia 2 Compound,27.691023,16.973969,80.20046,65.02466,24.886189,6.0874953,كمبوند كونكورديا 2,30.043050606854617,31.503115268652124,6.26
Construction Housing,36.44326,19.955238,79.361496,70.66722,31.624939,9.333277,مساكن الإنشاءات,30.009247934887725,31.32956781590213,3.07
Cooperatives,36.44326,19.955238,79.361496,70.66722,31.624939,9.333277,التعاونيات,30.057427877727548,31.362234154258683,0.83
Cooperatives Buildings,36.44326,19.955238,79.361496,70.66722,31.624939,9.333277,عمارات التعاونيات,30.104337295916483,31.374185380604324,0.95
Cooperatives C Buildings,36.44326,19.955238,79.361496,70.66722,31.624939,9.333277,عمارات التعاونيات ج,30.055545869653848,31.291981876579467,1.37
Cooperatives K Buildings,36.44326,19.955238,79.361496,70.66722,31.624939,9.333277,عمارات التعاونيات ك,30.056431211532075,31.29601642168604,2.21
"Cooperatives, Al Toub Al Ramli Housing",36.44326,19.955238,79.361496,70.66722,31.624939,9.333277,"التعاونيات, مساكن الطوب الرملى",30.033379088913453,31.36858568140752,0.09
Coronfel Heights,27.691023,16.973969,80.20046,65.02466,24.886189,6.0874953,القرنفل هايتس,30.057383275970544,31.532708883277927,1.35
Creek Town,27.691023,16.973969,80.20046,65.02466,24.886189,6.0874953,Creek Town,30.086498967657377,31.51116583074668,0.65
Crystal Plaza,36.44326,19.955238,79.361496,70.66722,31.624939,9.333277,كريستال بلازا,29.98146815865801,31.332049825269632,0.63
DIJAR Compound,27.691023,16.973969,80.20046,65.02466,24.886189,6.0874953,DIJAR Compound,29.94972835734476,31.523743075729275,0.53
Dar Al Saada Association Compound,27.691023,16.973969,80.20046,65.02466,24.886189,6.0874953,كمبوند جمعية دار السعادة,29.96131127202935,31.53265353783728,0.2
Dar Al Salam,36.44326,19.955238,79.361496,70.66722,31.624939,9.333277,دار السلام,29.98680785482336,31.246932956050607,0.11
Dar Masr Al Andalus - Phase 1 - 29 Building,27.691023,16.973969,80.20046,65.02466,24.886189,6.0874953,دار مصر الأندلس - المرحلة الأولى - 29 عمارة,29.96962041364924,31.51800074846609,0.55
Dar Masr Al Andalus - Phase 1 - 70 Building,27.691023,16.973969,80.20046,65.02466,24.886189,6.0874953,دار مصر الأندلس - المرحلة الأولى - 70 عمارة,29.97197411446662,31.5141492904096,0.5
Dar Masr Al Andalus - Phase 2,27.691023,16.973969,80.20046,65.02466,24.886189,6.0874953,دار مصر الأندلس - المرحلة الثانية,29.9701476,31.5286336,0.79
Dar Misr,27.691023,16.973969,80.20046,65.02466,24.886189,6.0874953,دار مصر,30.124067794313063,31.72426211259324,1.26
Dar Misr Al Koronfil,27.691023,16.973969,80.20046,65.02466,24.886189,6.0874953,دار مصر القرنفل,30.061751936207298,31.527063081203977,1.47
Dar Misr Compound,36.44326,19.955238,79.361496,70.66722,31.624939,9.333277,كمبوند دار مصر,29.86043920995784,31.375477376792944,1.8
Darb El Akma'eya,36.44326,19.955238,79.361496,70.66722,31.624939,9.333277,درب الاقماعيه,30.05671745420266,31.257150963925223,0.08
Darb El Gamamiz,36.44326,19.955238,79.361496,70.66722,31.624939,9.333277,درب الجماميز,30.03224019137385,31.248176184257648,0.08
Darb El Genena,36.44326,19.955238,79.361496,70.66722,31.624939,9.333277,درب الجنينه,30.052200591242176,31.250083293278923,0.26
Darb El Husr,36.44326,19.955238,79.361496,70.66722,31.624939,9.333277,درب الحصر,30.029501977557235,31.2538103640898,0.21
Darb Ghazia,36.44326,19.955238,79.361496,70.66722,31.624939,9.333277,درب غزيه,30.022114592302582,31.252694003264427,0.08
Darb Nasr,36.44326,19.955238,79.361496,70.66722,31.624939,9.333277,درب نصر,30.06153172097337,31.23370203254773,0.48
Darb Sa'ada,36.44326,19.955238,79.361496,70.66722,31.624939,9.333277,درب سعاده,30.04609799499301,31.25653427176564,2.38
Darb Shaghlan,36.44326,19.955238,79.361496,70.66722,31.624939,9.333277,درب شغلان,30.03965639966309,31.261406683747136,6.64
Delta Housing,36.44326,19.955238,79.361496,70.66722,31.624939,9.333277,مساكن الدلتا,30.012779462196534,31.33920293508528,0.51
Devinya Green Land Compound,27.691023,16.973969,80.20046,65.02466,24.886189,6.0874953,كمبوند ديفينيا جاردنز,30.13215062172095,31.62388186352307,2.93
District 1,36.44326,19.955238,79.361496,70.66722,31.624939,9.333277,الحى 1,30.005929804217864,31.282365896504075,0.64
District 10,36.44326,19.955238,79.361496,70.66722,31.624939,9.333277,الحى 10,30.03597742689801,31.36645775383224,0.08
District 2,36.44326,19.955238,79.361496,70.66722,31.624939,9.333277,الحى 2,29.99965978425177,31.292043879202154,0.25
District 2 East,27.691023,16.973969,80.20046,65.02466,24.886189,6.0874953,الحى 2 شرق,30.15834524794544,31.629889324672725,2.61
District 3,27.691023,16.973969,80.20046,65.02466,24.886189,6.0874953,الحى 3,30.000987964335085,31.4373390231754,1.13
District 4,32.067141500000005,18.464603500000003,79.780978,67.84594,28.255564,7.71038615,الحى 4,29.995962897564933,31.42597180365497,1.28
District 5,32.067141500000005,18.464603500000003,79.780978,67.84594,28.255564,7.71038615,الحى 5,30.000210057924665,31.414550883233943,3.32
District 5 Compound,27.691023,16.973969,80.20046,65.02466,24.886189,6.0874953,District 5 Compound,29.95182434985588,31.4553837036368,0.37
District 6,36.44326,19.955238,79.361496,70.66722,31.624939,9.333277,الحى 6,30.045208121023,31.3221659307064,1.26
District 7,36.44326,19.955238,79.361496,70.66722,31.624939,9.333277,الحى 7,30.048309801007328,31.3253476529444,2.08
District 8,36.44326,19.955238,79.361496,70.66722,31.624939,9.333277,الحي 8,29.99004872026764,31.307320607602,0.29
District Al 70 Fedan,36.44326,19.955238,79.361496,70.66722,31.624939,9.333277,حى السبعين فدان,29.99386805775436,31.32669240240356,0.6
Dorat Al Karaz Compound,27.691023,16.973969,80.20046,65.02466,24.886189,6.0874953,كمبوند درة الكرز,29.994242884373698,31.542442305834324,4.53
Dyar Al Ahly Club,36.44326,19.955238,79.361496,70.66722,31.624939,9.333277,ديار النادي الاهلى,30.06313755445375,31.36117379210912,1.8
Dyar Park Compound,27.691023,16.973969,80.20046,65.02466,24.886189,6.0874953,كمبوند ديار بارك,30.045848525930683,31.515533662215542,3.03
Dyar Sabour Compound,27.691023,16.973969,80.20046,65.02466,24.886189,6.0874953,كمبوند ديار صبور,30.04195254329884,31.51769869639641,2.8
EL Kolaly,36.44326,19.955238,79.361496,70.66722,31.624939,9.333277,القللى,30.062196424387214,31.241176788677784,0.24
Eagles Residence Compound,27.691023,16.973969,80.20046,65.02466,24.886189,6.0874953,كمبوند ايجلز ريذيدانس,30.020907079425367,31.53106242659669,2.07
East Al Abbasseya,36.44326,19.955238,79.361496,70.66722,31.624939,9.333277,العباسيه الشرقيه,30.063407595329107,31.27489601412339,0.51
East Al Khabiri,36.44326,19.955238,79.361496,70.66722,31.624939,9.333277,الخبيرى الشرقيه,29.95373057071004,31.25686129080169,12.65
East Al Manial,36.44326,19.955238,79.361496,70.66722,31.624939,9.333277,المنيل الشرقي,30.022602604561307,31.22746236957887,3.64
East Al Salam,27.691023,16.973969,80.20046,65.02466,24.886189,6.0874953,السلام الشرقيه,30.16928818449003,31.419060560732536,0.93
East Al Sarayat,36.44326,19.955238,79.361496,70.66722,31.624939,9.333277,السرايات الشرقيه,29.96077741615689,31.272491530211408,9.17
East Al Zaitoun,36.44326,19.955238,79.361496,70.66722,31.624939,9.333277,الزيتون الشرقيه,30.10162101443996,31.31222048309836,2.81
East Area 6,36.44326,19.955238,79.361496,70.66722,31.624939,9.333277,شرق منطقة 6,30.062202544108576,31.368032079468232,0.48
East Ein Shams,36.44326,19.955238,79.361496,70.66722,31.624939,9.333277,عين شمس الشرقيه,30.12801797256361,31.32467653489077,0.1
East El Waily El Kabir,36.44326,19.955238,79.361496,70.66722,31.624939,9.333277,الوايلي الكبير شرق,30.09249960955504,31.28229137409756,0.37
East Ezbet El Nakhl,36.44326,19.955238,79.361496,70.66722,31.624939,9.333277,عزبه النخل الشرقيه,30.138201077565835,31.33507850669721,0.14
East Helwan,36.44326,19.955238,79.361496,70.66722,31.624939,9.333277,حلوان الشرقيه,29.84563189733732,31.34901709544376,0.3
East Insurance,36.44326,19.955238,79.361496,70.66722,31.624939,9.333277,الشرق للتأمين,30.01850418958953,31.32462291006679,1.41
East of the Rubiki,27.691023,16.973969,80.20046,65.02466,24.886189,6.0874953,شرق الروبيكي,30.12114645174089,31.751224370953928,0.12
Eastern Al Shobak Village,100.73496,22.805325,88.276215,76.092606,72.74783,5.4515224,قريه الشوبك الشرقى,29.752594401310745,31.286495711909687,19.88
Eastren Sixth Area,36.44326,19.955238,79.361496,70.66722,31.624939,9.333277,شرق المنطقة السادسة,30.06218319586302,31.36771030513681,0.54
Easy Life Compound,27.691023,16.973969,80.20046,65.02466,24.886189,6.0874953,كمبوند ايزي لايف,30.00974519113309,31.48779883053765,2.25
Ebad El Rahman City,36.44326,19.955238,79.361496,70.66722,31.624939,9.333277,مدينة عباد الرحمن,29.988890046634367,31.3342864618079,0.75
Economy Housing,36.44326,19.955238,79.361496,70.66722,31.624939,9.333277,المساكن الاقتصاديه,30.1156192153186,31.3107738063837,0.09
Egico Housing,27.691023,16.973969,80.20046,65.02466,24.886189,6.0874953,مساكن إيجيكو,29.97529625123577,31.400187278020287,4.72
Egyco Housing,36.44326,19.955238,79.361496,70.66722,31.624939,9.333277,مساكن ايجيكو,30.01077742497467,31.33677076984766,0.54
Egypt Air Buildings,36.44326,19.955238,79.361496,70.66722,31.624939,9.333277,عمارات مصر للطيران,30.0627997038478,31.375667302761908,0.33
Egypt Air Housing,36.44326,19.955238,79.361496,70.66722,31.624939,9.333277,مساكن مصر للطيران,30.081037745080906,31.37539741939469,1.17
Eighth District,27.691023,16.973969,80.20046,65.02466,24.886189,6.0874953,الحي الثامن,30.03026198977522,31.581627773831915,0.0
Eigth Area,36.44326,19.955238,79.361496,70.66722,31.624939,9.333277,المنطقة الثامنة,30.05032219782549,31.34804014539579,1.02
Ein El Seirah,36.44326,19.955238,79.361496,70.66722,31.624939,9.333277,عين الصيره,30.013081814741653,31.24384248153421,3.46
Ein Helwan,36.44326,19.955238,79.361496,70.66722,31.624939,9.333277,عين حلوان,29.86649490903672,31.32974061849004,0.46
Ein Shams Housing,36.44326,19.955238,79.361496,70.66722,31.624939,9.333277,مساكن عين شمس,30.13500525894034,31.350301001901347,0.71
El A'shmawy,36.44326,19.955238,79.361496,70.66722,31.624939,9.333277,العشماوى,30.049652816960112,31.24854352126893,0.54
El Aasara,36.44326,19.955238,79.361496,70.66722,31.624939,9.333277,العصارة,30.14521833443313,31.38485833375133,0.2
El Abd,36.44326,19.955238,79.361496,70.66722,31.624939,9.333277,العبد,30.01309906330186,31.33788831144126,0.44
El Abd Housing,36.44326,19.955238,79.361496,70.66722,31.624939,9.333277,مساكن العبد,30.013561707089423,31.33712070137025,0.42
El Ahya',36.44326,19.955238,79.361496,70.66722,31.624939,9.333277,الاحياء,30.00461181310035,31.3093487025214,1.88
El Amireya El Gadida,36.44326,19.955238,79.361496,70.66722,31.624939,9.333277,الاميريه الجديده,30.110600027330364,31.285862113132527,0.32
El Arayess Housing,36.44326,19.955238,79.361496,70.66722,31.624939,9.333277,مساكن عرايس,29.979584504232857,31.28749839385804,1.1
El Azhar,36.44326,19.955238,79.361496,70.66722,31.624939,9.333277,الأزهر,30.046372185857635,31.261811576154617,6.31
El Baghala,36.44326,19.955238,79.361496,70.66722,31.624939,9.333277,البغاله,30.027311671151207,31.24062487564304,0.42
El Bakli,36.44326,19.955238,79.361496,70.66722,31.624939,9.333277,البقلى,30.02832325384804,31.255285988809227,0.26
El Balaksa,36.44326,19.955238,79.361496,70.66722,31.624939,9.333277,البلاقسه,30.043400203524207,31.245343402800124,0.58
El Banhawy,36.44326,19.955238,79.361496,70.66722,31.624939,9.333277,البنهاوى,30.056701587643364,31.261935774580767,0.05
El Barad,36.44326,19.955238,79.361496,70.66722,31.624939,9.333277,البراد,30.083553409359133,31.248924324574297,0.3
El Batneyya,36.44326,19.955238,79.361496,70.66722,31.624939,9.333277,الباطنيه,30.043014370903595,31.26300651047008,6.56
El Bir Kadar,36.44326,19.955238,79.361496,70.66722,31.624939,9.333277,البير قدار,30.055969375902617,31.268808256331617,0.39
El Bostan,36.44326,19.955238,79.361496,70.66722,31.624939,9.333277,البستان,30.09951255399796,31.327649044711272,2.71
El Dawadin,36.44326,19.955238,79.361496,70.66722,31.624939,9.333277,الدواوين,30.04202810447029,31.23784808090273,1.48
El Einy,36.44326,19.955238,79.361496,70.66722,31.624939,9.333277,العيني,30.0272837902016,31.233319720207568,3.48
El Eisaweya,36.44326,19.955238,79.361496,70.66722,31.624939,9.333277,العيسويه,29.97822556556936,31.236734693138445,3.72
El Elemy,36.44326,19.955238,79.361496,70.66722,31.624939,9.333277,العليمى,30.05651965594148,31.23305064638361,2.69
El Etouf,36.44326,19.955238,79.361496,70.66722,31.624939,9.333277,العطوف,30.051346781352365,31.266567231463373,1.59
El Fagala,36.44326,19.955238,79.361496,70.66722,31.624939,9.333277,الفجاله,30.062619486841616,31.24978908922329,0.13
El Fath Buildings,36.44326,19.955238,79.361496,70.66722,31.624939,9.333277,عمارات الفتح,30.036381008858644,31.339636648613794,0.42
El Fawala,36.44326,19.955238,79.361496,70.66722,31.624939,9.333277,الفواله,30.049558918168056,31.24500923693724,0.57
El Feda Gardens Compound,27.691023,16.973969,80.20046,65.02466,24.886189,6.0874953,كمبوند حدائق الفداء,30.03209001859955,31.47616755055264,2.52
El Forsan City,36.44326,19.955238,79.361496,70.66722,31.624939,9.333277,مدينة الفرسان,29.98491496408242,31.337434207791983,0.57
El Galadin,36.44326,19.955238,79.361496,70.66722,31.624939,9.333277,الجلادين,30.06439897152476,31.23328247224042,0.35
El Gawaber,36.44326,19.955238,79.361496,70.66722,31.624939,9.333277,الجوابر,30.061438744040604,31.235358330500866,0.3
El Gayara,36.44326,19.955238,79.361496,70.66722,31.624939,9.333277,الجياره,30.05930274648385,31.244552750240967,0.34
El Gezira El Gadida,36.44326,19.955238,79.361496,70.66722,31.624939,9.333277,الجزيره الجديده,30.040063480439567,31.241633115143056,0.94
El Giza,36.44326,19.955238,79.361496,70.66722,31.624939,9.333277,الجيزة,30.01557580590366,31.332695682873016,0.87
El Giza Housing,36.44326,19.955238,79.361496,70.66722,31.624939,9.333277,مساكن الجيزة,30.01568020965221,31.330967393771218,0.93
El Golf,36.44326,19.955238,79.361496,70.66722,31.624939,9.333277,الجولف,30.07725921948079,31.33035074842917,2.0
El Hadika El Dawleyya,36.44326,19.955238,79.361496,70.66722,31.624939,9.333277,الحديقه الدوليه,30.048713736113545,31.333621912668164,5.65
El Hamzawy,36.44326,19.955238,79.361496,70.66722,31.624939,9.333277,الحمزاوى,30.04773775090488,31.25756357858298,1.54
El Hanafy,36.44326,19.955238,79.361496,70.66722,31.624939,9.333277,الحنفي,30.03577259766956,31.245652642585373,0.48
El Hataba,36.44326,19.955238,79.361496,70.66722,31.624939,9.333277,الحطابة,30.0310694055524,31.262442007423296,2.75
El Haya Compound,27.691023,16.973969,80.20046,65.02466,24.886189,6.0874953,كمبوند الحياة,30.034946334203227,31.50745560157982,4.52
El Haykesteb,36.44326,19.955238,79.361496,70.66722,31.624939,9.333277,الهايكستب,30.13606917471156,31.39910654346665,0.05
El Helmeya,36.44326,19.955238,79.361496,70.66722,31.624939,9.333277,الحلميه,30.033776618618752,31.253030360621096,0.39
El Kafasin,36.44326,19.955238,79.361496,70.66722,31.624939,9.333277,القفاصين,30.108950687940165,31.30048179248914,0.69
El Kalaya,36.44326,19.955238,79.361496,70.66722,31.624939,9.333277,القلايه,30.05547916358221,31.23669742165693,0.21
El Khasa,36.44326,19.955238,79.361496,70.66722,31.624939,9.333277,الخاصه,30.081392275012227,31.282898832883976,0.81
El Khawas,36.44326,19.955238,79.361496,70.66722,31.624939,9.333277,الخواص,30.0569646775241,31.265753954644204,0.31
El Khazan,36.44326,19.955238,79.361496,70.66722,31.624939,9.333277,الخزان,30.03150643025491,31.272000935663257,0.73
El Khazendara,36.44326,19.955238,79.361496,70.66722,31.624939,9.333277,الخازنداره,30.082989379910085,31.25428576207405,0.12
El Khoronfosh,36.44326,19.955238,79.361496,70.66722,31.624939,9.333277,الخرنفش,30.04939394843904,31.259771847499856,1.45
El Khutiry,36.44326,19.955238,79.361496,70.66722,31.624939,9.333277,الخطيرى,30.059035001442624,31.229311135787672,5.96
El Kordy,36.44326,19.955238,79.361496,70.66722,31.624939,9.333277,الكردى,30.06048532852102,31.26741351530162,0.28
El Maadi El Gadida,36.44326,19.955238,79.361496,70.66722,31.624939,9.333277,المعادي الجديدة,29.976379624999502,31.30916570550908,1.52
El Mabyada,36.44326,19.955238,79.361496,70.66722,31.624939,9.333277,المبيضه,30.078676140590733,31.24172730429868,0.24
El Mahager,36.44326,19.955238,79.361496,70.66722,31.624939,9.333277,المحاجر,30.04403618312785,31.28571840422593,0.35
El Maram Landmark Compound,27.691023,16.973969,80.20046,65.02466,24.886189,6.0874953,كمبوند المرام لاند مارك,30.03579151301785,31.48607783855821,2.8
El Mashhad El Husseiny,36.44326,19.955238,79.361496,70.66722,31.624939,9.333277,المشهد الحسينى,30.047734366354256,31.263729911117903,5.41
El Masraweya Compound,27.691023,16.973969,80.20046,65.02466,24.886189,6.0874953,كمبوند المصراوية,30.02315449424169,31.477495240105416,2.13
El Matareya Al Qibliyya,36.44326,19.955238,79.361496,70.66722,31.624939,9.333277,المطريه القبليه,30.115544727777028,31.31054457997754,0.09
El Matareya El Baharia,36.44326,19.955238,79.361496,70.66722,31.624939,9.333277,المطريه البحريه,30.1189166538406,31.310353436288075,0.08
El Megharbelin,36.44326,19.955238,79.361496,70.66722,31.624939,9.333277,المغربلين,30.04033442895049,31.257844124066978,5.75
El Moushir Ahmed Ismail,27.691023,16.973969,80.20046,65.02466,24.886189,6.0874953,المشير احمد اسماعيل,30.16481130250557,31.45655311142829,0.29
El Mukkatam,36.44326,19.955238,79.361496,70.66722,31.624939,9.333277,المقطم,30.01608655878694,31.282784419685505,2.07
El Nahda,27.691023,16.973969,80.20046,65.02466,24.886189,6.0874953,النهضه,30.162443563117066,31.43302487857428,0.67
El Narges 1,27.691023,16.973969,80.20046,65.02466,24.886189,6.0874953,النرجس 1,30.021849270017665,31.45981505703047,3.38
El Narges 2,27.691023,16.973969,80.20046,65.02466,24.886189,6.0874953,النرجس 2,30.01773428615972,31.454781433651025,4.59
El Narges 3,27.691023,16.973969,80.20046,65.02466,24.886189,6.0874953,النرجس 3,30.0138141050903,31.45015710413708,6.36
El Narges 4,27.691023,16.973969,80.20046,65.02466,24.886189,6.0874953,النرجس 4,30.008345111554583,31.45069655115229,2.96
El Narges 5,27.691023,16.973969,80.20046,65.02466,24.886189,6.0874953,النرجس 5,30.01094500847565,31.460887587078084,5.15
El Narges 6,27.691023,16.973969,80.20046,65.02466,24.886189,6.0874953,النرجس 6,30.006334185499952,31.465700712296965,6.46
El Narges 7,27.691023,16.973969,80.20046,65.02466,24.886189,6.0874953,النرجس 7,30.005673193860684,31.46011620769224,6.16
El Narges 8,27.691023,16.973969,80.20046,65.02466,24.886189,6.0874953,النرجس 8,30.001253527323623,31.465333810705765,6.32
El Narges Buildings 1,27.691023,16.973969,80.20046,65.02466,24.886189,6.0874953,النرجس عمارات 1,30.002154786888106,31.455994548012345,4.72
El Narges Buildings 2,27.691023,16.973969,80.20046,65.02466,24.886189,6.0874953,النرجس عمارات 2,30.002617863435773,31.44920434514409,2.26
El Narges Compound,27.691023,16.973969,80.20046,65.02466,24.886189,6.0874953,كمبوند النرجس,29.917037562427385,31.64596263417772,5.65
El Narges District,27.691023,16.973969,80.20046,65.02466,24.886189,6.0874953,حى النرجس,30.164192920481835,31.694588446141616,0.17
El Patio 1 Compound,27.691023,16.973969,80.20046,65.02466,24.886189,6.0874953,كمبوند الباتيو 1,30.053719263473027,31.47664423205501,5.2
El Patio 2Compound,27.691023,16.973969,80.20046,65.02466,24.886189,6.0874953,كمبوند الباتيو 2,30.053521466981035,31.47979174562253,5.72
El Patio 3 Compound,27.691023,16.973969,80.20046,65.02466,24.886189,6.0874953,كمبوند الباتيو 3,30.042807767089176,31.505019702843985,6.55
El Patio 4 Compound,27.691023,16.973969,80.20046,65.02466,24.886189,6.0874953,كمبوند الباتيو ٤,30.139497241020365,31.610648890327244,5.63
El Patio 7 Compound,27.691023,16.973969,80.20046,65.02466,24.886189,6.0874953,كمبوند الباتيو 7,30.00015395845898,31.50447991732285,5.85
El Qabelyya,36.44326,19.955238,79.361496,70.66722,31.624939,9.333277,القبيله,30.05723843076051,31.24778105947772,0.26
El Qarbeya,36.44326,19.955238,79.361496,70.66722,31.624939,9.333277,القربيه,30.04191136359448,31.255673888631645,3.76
El Rehab extension,27.691023,16.973969,80.20046,65.02466,24.886189,6.0874953,امتداد الرحاب,30.063683630899448,31.50959161012896,5.25
El Rihany Kantara El Daka,36.44326,19.955238,79.361496,70.66722,31.624939,9.333277,الريحانى قنطرة الدكة,30.054496183051125,31.247824733975165,0.22
El Sa'aed,36.44326,19.955238,79.361496,70.66722,31.624939,9.333277,الصعيد,30.00536065688792,31.32725907542209,3.45
El Sabteya,36.44326,19.955238,79.361496,70.66722,31.624939,9.333277,السبتيه,30.06935882902795,31.23072730978713,0.64
El Saha,36.44326,19.955238,79.361496,70.66722,31.624939,9.333277,الساحه,30.0463960291882,31.24510823201816,0.6
El Sahel,36.44326,19.955238,79.361496,70.66722,31.624939,9.333277,الساحل,30.09232202013964,31.237701296213583,2.36
El Sakakini,36.44326,19.955238,79.361496,70.66722,31.624939,9.333277,السكاكينى,30.06349249999999,31.267710699999995,0.28
El Sandabisy,36.44326,19.955238,79.361496,70.66722,31.624939,9.333277,السندبيسى,30.05838755281771,31.232590334848595,2.3
El Sawaby,36.44326,19.955238,79.361496,70.66722,31.624939,9.333277,الصوابى,30.058451860695445,31.263372259680377,0.16
El Sayeda,36.44326,19.955238,79.361496,70.66722,31.624939,9.333277,السيده,30.031117199542305,31.23837335132284,1.94
El Sayeda A'aesha,36.44326,19.955238,79.361496,70.66722,31.624939,9.333277,السيده عائشه,30.02562505290527,31.25552685615481,0.26
El Shaarany,36.44326,19.955238,79.361496,70.66722,31.624939,9.333277,الشعرانى,30.0531255749414,31.25970478527444,0.02
El Shambaky,36.44326,19.955238,79.361496,70.66722,31.624939,9.333277,الشمبكى,30.05838354416052,31.25293749810288,0.23
El Shams Buildings,36.44326,19.955238,79.361496,70.66722,31.624939,9.333277,عمارات الشمس,30.06174627930209,31.377184160759526,0.33
El Shatr Al Khames,36.44326,19.955238,79.361496,70.66722,31.624939,9.333277,الشطر الخامس,29.965162559469523,31.28367864749394,1.32
El Sheikh Abd Allah,36.44326,19.955238,79.361496,70.66722,31.624939,9.333277,الشيخ عبد الله,30.041942257177308,31.24252558589029,0.62
El Sheikh Aly,36.44326,19.955238,79.361496,70.66722,31.624939,9.333277,الشيخ على,30.05336273409012,31.232679734378205,4.11
El Sheikh Farrag,36.44326,19.955238,79.361496,70.66722,31.624939,9.333277,الشيخ فراج,30.059606344508506,31.234943142914226,0.49
El Sheikh Nada Darb Moustafa,36.44326,19.955238,79.361496,70.66722,31.624939,9.333277,الشيخ ندا درب مصطفى,30.05364338830301,31.25500178276222,0.19
El Shorouk Buildings,36.44326,19.955238,79.361496,70.66722,31.624939,9.333277,عمارات الشروق,30.07071035300952,31.3676718916222,1.24
El Shorouk Springs Compound,27.691023,16.973969,80.20046,65.02466,24.886189,6.0874953,كمبوند سبرنجز الشروق,30.123271119859,31.643944778181105,2.6
El Soltan Barkouk,36.44326,19.955238,79.361496,70.66722,31.624939,9.333277,السلطان برقوق,30.05135415835063,31.281828788131715,0.37
El Talaaei Compound,27.691023,16.973969,80.20046,65.02466,24.886189,6.0874953,كمبوند الطلائع,30.051210357022857,31.486365883400588,4.1
El Tawfek,36.44326,19.955238,79.361496,70.66722,31.624939,9.333277,التوفيق,30.072332213317043,31.32098812762696,3.8
El Tayaran City,36.44326,19.955238,79.361496,70.66722,31.624939,9.333277,مدينة الطيران,29.841467555427624,31.346719514445464,0.18
El Ter'ah El Bolakeya,36.44326,19.955238,79.361496,70.66722,31.624939,9.333277,الترعه البولاقيه,30.07552930162928,31.25180764446211,0.09
El Torgoman,36.44326,19.955238,79.361496,70.66722,31.624939,9.333277,الترجمان,30.05787488578421,31.23856523330164,0.24
El Wady Housing,36.44326,19.955238,79.361496,70.66722,31.624939,9.333277,مساكن الوادى,30.005038126051826,31.3357054888675,0.48
El Zahar,36.44326,19.955238,79.361496,70.66722,31.624939,9.333277,الزهار,30.06009403033741,31.24099979671409,0.25
El Zahwa Compound,27.691023,16.973969,80.20046,65.02466,24.886189,6.0874953,كمبوند الزهوة,30.019565336878507,31.48811711348577,2.63
El Zawya El Hamra' El Balad,36.44326,19.955238,79.361496,70.66722,31.624939,9.333277,الزوايه الحمراء البلد,30.084640494196,31.264481497833653,0.03
El Zawya El Hamra' Housing,36.44326,19.955238,79.361496,70.66722,31.624939,9.333277,مساكن الزاويه الحمراء,30.097439938113297,31.268969481587074,0.24
El Zawya Housing,36.44326,19.955238,79.361496,70.66722,31.624939,9.333277,مساكن الزاويه,30.09260682464283,31.27356844509168,0.21
El-Darb El-Ahmar,36.44326,19.955238,79.361496,70.66722,31.624939,9.333277,الدرب الأحمر,30.042173100000003,31.2620473,6.65
El-Demerdash,36.44326,19.955238,79.361496,70.66722,31.624939,9.333277,الدمرداش,30.0801775,31.2805525,0.85
El-Gamaliyya,36.44326,19.955238,79.361496,70.66722,31.624939,9.333277,الجمالية,30.0518089,31.2648529,0.94
El-Ghuriyya,36.44326,19.955238,79.361496,70.66722,31.624939,9.333277,الغورية,30.04528519999999,31.2601925,6.64
El-Khaleefa,36.44326,19.955238,79.361496,70.66722,31.624939,9.333277,الخليفة,30.011318299999992,31.264725500000004,0.02
El-Sharrabeya,36.44326,19.955238,79.361496,70.66722,31.624939,9.333277,الشرابية,30.079173,31.2639339,0.04
El-Waily,36.44326,19.955238,79.361496,70.66722,31.624939,9.333277,الوايلى,30.0668177,31.2760789,0.64
Electricity Company Housing,36.44326,19.955238,79.361496,70.66722,31.624939,9.333277,مساكن شركة الكهرباء,29.98107143103274,31.244020784150205,0.3
Emerald Park Compound,27.691023,16.973969,80.20046,65.02466,24.886189,6.0874953,كمبوند اميرالد بارك,30.032556148963952,31.50429496083704,4.14
Employee City,36.44326,19.955238,79.361496,70.66722,31.624939,9.333277,مدينة الموظفين,29.846416409192955,31.346295826172657,0.46
Employees of the Republic Presidency Compound,27.691023,16.973969,80.20046,65.02466,24.886189,6.0874953,كمبوند العاملين برئاسة الجمهورية,29.96666846153488,31.526582898342,0.79
Engineers Syndicate Compound,27.691023,16.973969,80.20046,65.02466,24.886189,6.0874953,كمبوند نقابة المهندسين,29.9882506,31.5047412,0.65
Entrance 1,36.44326,19.955238,79.361496,70.66722,31.624939,9.333277,مدخل 1,30.00913650633892,31.3372792453002,0.55
Entrance 2,36.44326,19.955238,79.361496,70.66722,31.624939,9.333277,مدخل 2,30.00969823779244,31.334274890227714,0.97
Esbeko Housing,36.44326,19.955238,79.361496,70.66722,31.624939,9.333277,مساكن اسبيكو,30.012913432384966,31.33296012962572,1.25
Eshash El Nakhl,36.44326,19.955238,79.361496,70.66722,31.624939,9.333277,عشش النخل,30.060589773715115,31.230148255443048,3.18
Espico Housings and Cooperatives Cairo,36.44326,19.955238,79.361496,70.66722,31.624939,9.333277,مساكن اسبيكو وتعاونيات القاهرة,30.00258113464475,31.333582761346577,1.23
Etoile Des Villes Compound,27.691023,16.973969,80.20046,65.02466,24.886189,6.0874953,كمبوند إيتوال دي فيليز,30.0361456331426,31.48804054172728,3.01
Evora Residence Compound,27.691023,16.973969,80.20046,65.02466,24.886189,6.0874953,كمبوند ايفورا ريذيدانس,30.020797670619363,31.53511461323351,3.09
Extension Palm Hills Katameya Compound Phase 1,27.691023,16.973969,80.20046,65.02466,24.886189,6.0874953,امتداد كمبوند بالم هيلز قطامية مرحلة 1,30.044727185744783,31.543773024504056,1.68
Extension Palm Hills Katameya Compound Phase 2,27.691023,16.973969,80.20046,65.02466,24.886189,6.0874953,امتداد كمبوند بالم هيلز قطامية مرحلة2,30.046863606509906,31.54905137219416,0.43
Extension Ramses 1,36.44326,19.955238,79.361496,70.66722,31.624939,9.333277,امتداد رمسيس 1,30.06491927086256,31.2983278444206,2.4
Extension Ramses 2,36.44326,19.955238,79.361496,70.66722,31.624939,9.333277,امتداد رمسيس 2,30.062746777560253,31.303573086643016,2.61
Extension Ramses 3,36.44326,19.955238,79.361496,70.66722,31.624939,9.333277,امتداد رمسيس 3,30.058295624954635,31.30404164771961,2.37
Ezba Abd Al Ghany,36.44326,19.955238,79.361496,70.66722,31.624939,9.333277,عزبه عبد الغنى,30.116132468385697,31.283085899180325,0.19
Ezbat Ayoub,36.44326,19.955238,79.361496,70.66722,31.624939,9.333277,عزبة أيوب,30.10217903642344,31.253993691134617,0.57
Ezbet Al Arab,36.44326,19.955238,79.361496,70.66722,31.624939,9.333277,عزبه العرب,30.05041552801825,31.29668816675338,2.17
Ezbet Al Rashidy,36.44326,19.955238,79.361496,70.66722,31.624939,9.333277,عزبة الرشيدى,30.115368950413288,31.287562800207223,0.17
Ezbet El Hagana,36.44326,19.955238,79.361496,70.66722,31.624939,9.333277,عزبة الهجانة,30.06338871689908,31.386232822434643,1.01
Ezbet El Nakhl,36.44326,19.955238,79.361496,70.66722,31.624939,9.333277,عزبه النخل,30.137795761919925,31.319450786305644,0.12
Ezbet Gabril,36.44326,19.955238,79.361496,70.66722,31.624939,9.333277,عزبه جبريل,29.973449201215043,31.26506849455512,1.75
Ezbet Haridi,36.44326,19.955238,79.361496,70.66722,31.624939,9.333277,عزبه هريدى,30.069265527666733,31.27553883066733,1.03
Ezbet Nafa'e,36.44326,19.955238,79.361496,70.66722,31.624939,9.333277,عزبه نافع,29.97518107776775,31.25325564279941,0.89
Factory 45 Housing,36.44326,19.955238,79.361496,70.66722,31.624939,9.333277,مساكن مصنع 45,29.852237826389214,31.32248828416935,0.46
Family City Compound,27.691023,16.973969,80.20046,65.02466,24.886189,6.0874953,كمبوند فاميلي سيتي,30.03406478421584,31.486339475655,2.72
Family Housing 1,27.691023,16.973969,80.20046,65.02466,24.886189,6.0874953,الاسكان العائلى 1,30.13112972385879,31.65981650945432,3.03
Family Housing 2,27.691023,16.973969,80.20046,65.02466,24.886189,6.0874953,الاسكان العائلى 2,30.123502581667864,31.661159721195308,1.08
Fifth District,27.691023,16.973969,80.20046,65.02466,24.886189,6.0874953,الحى الخامس,30.0503469519142,31.58247370750464,0.01
Fifth Settlement,27.691023,16.973969,80.20046,65.02466,24.886189,6.0874953,التجمع الخامس,30.00385732978832,31.42684189957464,1.5
Fifth Square Compound,27.691023,16.973969,80.20046,65.02466,24.886189,6.0874953,كمبوند فيفث سكوير,30.050599208410294,31.53793871899141,1.35
Finished Housing,27.691023,16.973969,80.20046,65.02466,24.886189,6.0874953,مساكن سابقة التجهيز,29.975007510672445,31.40630960029524,3.43
First,36.44326,19.955238,79.361496,70.66722,31.624939,9.333277,اولى,30.022578744516714,31.211800857063164,16.56
First District,27.691023,16.973969,80.20046,65.02466,24.886189,6.0874953,الحي الأول,30.074334813047063,31.55716184133892,0.0
First May Buildings,36.44326,19.955238,79.361496,70.66722,31.624939,9.333277,عمارات اول مايو,30.068259681667552,31.33952685515811,1.22
First Settlement,27.691023,16.973969,80.20046,65.02466,24.886189,6.0874953,التجمع الأول,30.063752382965323,31.449706445523624,1.66
Fleur De Ville Compound,27.691023,16.973969,80.20046,65.02466,24.886189,6.0874953,كمبوند فلور دي فيل,30.016853284890225,31.487979281143392,2.83
Flowers Park Compound,27.691023,16.973969,80.20046,65.02466,24.886189,6.0874953,كمبوند فلاورز بارك,30.0518404986767,31.496168170203127,4.49
Fom Al Khalig and Der El Nahas,36.44326,19.955238,79.361496,70.66722,31.624939,9.333277,فم الخليج ودير النحاس,30.01910425173889,31.23073040239541,3.23
Fostat,36.44326,19.955238,79.361496,70.66722,31.624939,9.333277,الفسطاط,30.003648343923903,31.249049774022296,3.06
Foton Avenue Compound,27.691023,16.973969,80.20046,65.02466,24.886189,6.0874953,كمبوند فتون أفينيو,29.96967736234065,31.51584538102573,0.71
Fountain Blue compound,27.691023,16.973969,80.20046,65.02466,24.886189,6.0874953,كمبوند فاونتين بلو,30.010344695943203,31.475414111538456,3.18
Fountain Park Compound,27.691023,16.973969,80.20046,65.02466,24.886189,6.0874953,كمبوند فاونتين بارك,30.024538384277943,31.53181262223645,2.67
Fourth District,27.691023,16.973969,80.20046,65.02466,24.886189,6.0874953,الحي الرابع,30.048575468764547,31.56186313339749,0.0
Fourth Sector,27.691023,16.973969,80.20046,65.02466,24.886189,6.0874953,القطاع الرابع,30.02707500513805,31.494601591957306,3.07
Future Housing 4,27.691023,16.973969,80.20046,65.02466,24.886189,6.0874953,إسكان المستقبل 4,29.97657642166916,31.41306512275298,2.25
Future Housing 63 Meter,27.691023,16.973969,80.20046,65.02466,24.886189,6.0874953,إسكان المستقبل 63 متر,30.137972428343364,31.65910772858837,3.43
GUPCO Company Buildings,36.44326,19.955238,79.361496,70.66722,31.624939,9.333277,عمارات شركة جابكو,29.98992988835183,31.27914014224085,0.18
Galleria Moon Valley Compound,27.691023,16.973969,80.20046,65.02466,24.886189,6.0874953,كمبوند جاليريا مون فالي,30.019951426141454,31.53864828386685,4.59
Gamaiet Ahmed Orabi,24.703178,15.82079,74.21322,62.85449,22.400135,5.074077,جمعيه احمد عرابى,30.21682140176993,31.57709940594362,0.0
Ganaty Compound,27.691023,16.973969,80.20046,65.02466,24.886189,6.0874953,كمبوند جنتي,30.005304655895834,31.483598328202127,1.61
Ganayen Al Wailia A,36.44326,19.955238,79.361496,70.66722,31.624939,9.333277,جناين الوايليه ا,30.06961056213639,31.27369790866672,0.96
Ganayen Al Wailia B,36.44326,19.955238,79.361496,70.66722,31.624939,9.333277,جناين الوايليه ب,30.072365195710688,31.27308660106306,0.86
Ganet Al Shorouk Compound,27.691023,16.973969,80.20046,65.02466,24.886189,6.0874953,كمبوند جنة الشروق,30.12164612074197,31.61863163439584,2.59
Ganet Badr Compound,27.691023,16.973969,80.20046,65.02466,24.886189,6.0874953,كمبوند جنه بدر,30.1304646111926,31.706923705475223,0.89
Garden City,36.44326,19.955238,79.361496,70.66722,31.624939,9.333277,جاردن سيتى,30.035569204467,31.23180739494864,5.16
Garden View Compound,27.691023,16.973969,80.20046,65.02466,24.886189,6.0874953,كمبوند جاردن فيو,30.01269720806584,31.47644998501104,3.26
Gardenia Area,27.691023,16.973969,80.20046,65.02466,24.886189,6.0874953,منطقة جاردينيا,30.141258979001645,31.64948457752318,5.49
Gardenia City,36.44326,19.955238,79.361496,70.66722,31.624939,9.333277,جاردينيا سيتي,30.06529040111192,31.3961146787696,4.25
Gardenia Heights District 1,27.691023,16.973969,80.20046,65.02466,24.886189,6.0874953,حى جاردينا هايتس 1,29.994861908116388,31.474909650203344,0.28
Gardenia Heights District 2,27.691023,16.973969,80.20046,65.02466,24.886189,6.0874953,حى جاردينيا هايتس 2,29.98682345546297,31.475035013783607,0.14
Gardenia Heights District 3,27.691023,16.973969,80.20046,65.02466,24.886189,6.0874953,حى جاردينيا هايتس 3,29.97981218434064,31.4740630145834,0.32
Gardenia Springs Compound,27.691023,16.973969,80.20046,65.02466,24.886189,6.0874953,كمبوند جاردينيا سبرنجز,30.048316375873643,31.511330698001352,4.11
Gawharet Al Shorouk Compound,27.691023,16.973969,80.20046,65.02466,24.886189,6.0874953,كمبوند جوهرة الشروق,30.117672263021245,31.61330254402189,2.17
Gezira Badran Housing,36.44326,19.955238,79.361496,70.66722,31.624939,9.333277,مساكن جزيره بدران,30.068820049126728,31.23532128921785,0.21
Gezirat Ben Al Bahren,36.44326,19.955238,79.361496,70.66722,31.624939,9.333277,جزيره بين البحرين,29.98790056947801,31.22403210638653,13.68
Gezirat Warak Al Hadar Village,36.44326,19.955238,79.361496,70.66722,31.624939,9.333277,قريه جزيره وراق الحضر,30.117381977840605,31.224355929023744,10.46
Geziret Badran,36.44326,19.955238,79.361496,70.66722,31.624939,9.333277,جزيره بدران,30.071811568505947,31.24139837559453,0.11
Ghamra,36.44326,19.955238,79.361496,70.66722,31.624939,9.333277,غمره,30.06835959817218,31.26786164563192,0.3
Ghamra Housing,36.44326,19.955238,79.361496,70.66722,31.624939,9.333277,مساكن غمرة,30.07217690199719,31.267401505044067,0.33
Ghit Al E'eda,36.44326,19.955238,79.361496,70.66722,31.624939,9.333277,غيط العده,30.04533088684192,31.249581960303185,0.54
Gisr Shoubra,36.44326,19.955238,79.361496,70.66722,31.624939,9.333277,جسر شبرا,30.07622438725169,31.24744200480563,0.07
Giza Company Buildings,36.44326,19.955238,79.361496,70.66722,31.624939,9.333277,عمارات شركة الجيزة,30.04683173932936,31.375370190544125,0.41
Giza Zelzal Housing,27.691023,16.973969,80.20046,65.02466,24.886189,6.0874953,مساكن الجيزة زلزال,29.976859618042667,31.40102553052983,5.66
Gohar El Qaid,36.44326,19.955238,79.361496,70.66722,31.624939,9.333277,جوهر القائد,30.049548535631832,31.25751155344157,0.09
Golden Gates Compound,36.44326,19.955238,79.361496,70.66722,31.624939,9.333277,كمبوند جولدن جيتس,30.0062502885097,31.343423841057337,1.27
Golden Heights 2 Compound,27.691023,16.973969,80.20046,65.02466,24.886189,6.0874953,كمبوند جولدن هايتس 2,30.049644478252684,31.48394532657764,4.35
Golden Heights Compound,27.691023,16.973969,80.20046,65.02466,24.886189,6.0874953,كمبوند جولدن هايتس,30.052462393462925,31.483080258901087,5.13
Golf Villas,27.691023,16.973969,80.20046,65.02466,24.886189,6.0874953,فيلات الجولف,30.099448789381373,31.62466936157755,28.93
Grand Caesar Compound,27.691023,16.973969,80.20046,65.02466,24.886189,6.0874953,كمبوند جراند قيصر,30.017582316299364,31.47642827225468,3.06
Grand Residence Compound,27.691023,16.973969,80.20046,65.02466,24.886189,6.0874953,كمبوند جراند ريزيدنس,30.013532688641288,31.48376887817934,2.27
Granda Compound,27.691023,16.973969,80.20046,65.02466,24.886189,6.0874953,كمبوند جراندا,30.120090193007588,31.62484507648551,2.04
Green Land Compound,27.691023,16.973969,80.20046,65.02466,24.886189,6.0874953,كمبوند جرين لاند,30.134993196712905,31.62197712477404,2.89
Green Square Compound,27.691023,16.973969,80.20046,65.02466,24.886189,6.0874953,كمبوند جرين سكوير,30.04682842939232,31.633452608374498,0.03
Green Valley Compound,27.691023,16.973969,80.20046,65.02466,24.886189,6.0874953,كمبوند جرين فالي,30.1229765417808,31.6245428657188,2.05
Group 1,27.691023,16.973969,80.20046,65.02466,24.886189,6.0874953,مجموعة 1,30.06414196856481,31.49227780361686,7.02
Group 10,27.691023,16.973969,80.20046,65.02466,24.886189,6.0874953,مجموعة 10,30.053903361168523,31.495366618382725,4.78
Group 100,27.691023,16.973969,80.20046,65.02466,24.886189,6.0874953,مجموعة 100,30.07358477348453,31.48656455106161,4.07
Group 101,27.691023,16.973969,80.20046,65.02466,24.886189,6.0874953,مجموعة 101,30.07147767049392,31.486446094621915,4.81
Group 102,27.691023,16.973969,80.20046,65.02466,24.886189,6.0874953,مجموعة 102,30.069613237133133,31.486072359330382,5.36
Group 103,27.691023,16.973969,80.20046,65.02466,24.886189,6.0874953,مجموعة 103,30.068319210744203,31.48801219887012,6.81
Group 104,27.691023,16.973969,80.20046,65.02466,24.886189,6.0874953,مجموعة 104,30.06854137073887,31.489535928337418,6.96
Group 105,27.691023,16.973969,80.20046,65.02466,24.886189,6.0874953,مجموعة 105,30.06775270976178,31.49090936069293,7.3
Group 106,27.691023,16.973969,80.20046,65.02466,24.886189,6.0874953,مجموعة 106,30.06810844865372,31.492999203860613,7.67
Group 107,27.691023,16.973969,80.20046,65.02466,24.886189,6.0874953,مجموعة 107,30.069606905650904,31.49182748643612,7.22
Group 108,27.691023,16.973969,80.20046,65.02466,24.886189,6.0874953,مجموعة 108,30.07067028442604,31.49019993484158,6.36
Group 109,27.691023,16.973969,80.20046,65.02466,24.886189,6.0874953,مجموعة 109,30.070275964437027,31.48794206757952,5.88
Group 11,27.691023,16.973969,80.20046,65.02466,24.886189,6.0874953,مجموعة 11,30.055167144927783,31.49542655770088,5.22
Group 110,27.691023,16.973969,80.20046,65.02466,24.886189,6.0874953,مجموعة 110,30.07234560477465,31.489134431973,5.19
Group 111,27.691023,16.973969,80.20046,65.02466,24.886189,6.0874953,مجموعه 111,30.0725634,31.5027986,6.23
Group 112,27.691023,16.973969,80.20046,65.02466,24.886189,6.0874953,مجموعة 112,30.07763121554157,31.655020161982385,5.79
Group 113,27.691023,16.973969,80.20046,65.02466,24.886189,6.0874953,مجموعة 113,30.07369832221688,31.506253883199687,5.11
Group 114,27.691023,16.973969,80.20046,65.02466,24.886189,6.0874953,مجموعة 114,30.07178448554724,31.505268154928302,5.83
Group 115,27.691023,16.973969,80.20046,65.02466,24.886189,6.0874953,مجموعة 115,30.07183563635695,31.507824591352072,4.43
Group 116,27.691023,16.973969,80.20046,65.02466,24.886189,6.0874953,مجموعة 116,30.07305165000679,31.50985823961122,2.69
Group 117,27.691023,16.973969,80.20046,65.02466,24.886189,6.0874953,مجموعة 117,30.07210511108064,31.51307270810909,2.25
Group 118,27.691023,16.973969,80.20046,65.02466,24.886189,6.0874953,مجموعة 118,30.07077052758237,31.51126800149427,2.55
Group 119,27.691023,16.973969,80.20046,65.02466,24.886189,6.0874953,مجموعة 119,30.068496534297577,31.51305011125157,2.79
Group 12,27.691023,16.973969,80.20046,65.02466,24.886189,6.0874953,مجموعة 12,30.05644505763992,31.4955942368972,5.81
Group 120,27.691023,16.973969,80.20046,65.02466,24.886189,6.0874953,مجموعة 120,30.0686966644344,31.515422310355163,2.36
Group 121,27.691023,16.973969,80.20046,65.02466,24.886189,6.0874953,مجموعة 121,30.067080246272265,31.518000765020627,2.68
Group 122,27.691023,16.973969,80.20046,65.02466,24.886189,6.0874953,مجموعة 122,30.065983192029584,31.514612494675184,3.34
Group 124,27.691023,16.973969,80.20046,65.02466,24.886189,6.0874953,مجموعة 124,30.063730287926784,31.513416590452213,3.85
Group 125,27.691023,16.973969,80.20046,65.02466,24.886189,6.0874953,مجموعة 125,30.0616883031791,31.51261149527635,3.99
Group 126,27.691023,16.973969,80.20046,65.02466,24.886189,6.0874953,مجموعة 126,30.060799820075307,31.51535896665429,3.68
Group 127,27.691023,16.973969,80.20046,65.02466,24.886189,6.0874953,مجموعة 127,30.0596082475478,31.512915454228214,3.7
Group 128,27.691023,16.973969,80.20046,65.02466,24.886189,6.0874953,مجموعة 128,30.0577960780046,31.51433845571698,3.59
Group 129,27.691023,16.973969,80.20046,65.02466,24.886189,6.0874953,مجموعة 129,30.057626574600214,31.511883863192644,4.22
Group 13,27.691023,16.973969,80.20046,65.02466,24.886189,6.0874953,مجموعة 13,30.05768500682389,31.495520239031123,6.75
Group 130,27.691023,16.973969,80.20046,65.02466,24.886189,6.0874953,مجموعة 130,30.056240526776094,31.51001372259724,4.53
Group 131,27.691023,16.973969,80.20046,65.02466,24.886189,6.0874953,مجموعة 131,30.054877458692545,31.512282062374776,3.98
Group 132,27.691023,16.973969,80.20046,65.02466,24.886189,6.0874953,مجموعة 132,30.05581910822181,31.50811233545961,5.19
Group 133,27.691023,16.973969,80.20046,65.02466,24.886189,6.0874953,مجموعة 133,30.055804570131727,31.50588421589075,5.97
Group 136,27.691023,16.973969,80.20046,65.02466,24.886189,6.0874953,مجموعة 136,30.053452182818493,31.50784531208819,5.36
Group 14,27.691023,16.973969,80.20046,65.02466,24.886189,6.0874953,مجموعة 14,30.059168204637714,31.495444562733912,7.19
Group 15,27.691023,16.973969,80.20046,65.02466,24.886189,6.0874953,مجموعة 15,30.060338567176384,31.494323016899006,7.13
Group 16,27.691023,16.973969,80.20046,65.02466,24.886189,6.0874953,مجموعة 16,30.061366950825818,31.49353002640333,6.83
Group 17,27.691023,16.973969,80.20046,65.02466,24.886189,6.0874953,مجموعة 17,30.062820873888363,31.493485169580666,6.83
Group 18,27.691023,16.973969,80.20046,65.02466,24.886189,6.0874953,مجموعة 18,30.064066339592703,31.49355315943924,7.52
Group 19,27.691023,16.973969,80.20046,65.02466,24.886189,6.0874953,مجموعة 19,30.057786184198555,31.488500588692883,5.01
Group 2,27.691023,16.973969,80.20046,65.02466,24.886189,6.0874953,مجموعة 2,30.06296542250272,31.49225089976183,6.82
Group 20,27.691023,16.973969,80.20046,65.02466,24.886189,6.0874953,مجموعة 20,30.056729656995365,31.48838293667606,4.79
Group 21,27.691023,16.973969,80.20046,65.02466,24.886189,6.0874953,مجموعة 21,30.05543443043979,31.4884413993317,4.81
Group 22,27.691023,16.973969,80.20046,65.02466,24.886189,6.0874953,مجموعة 22,30.05407243081738,31.488478642549715,4.75
Group 23,27.691023,16.973969,80.20046,65.02466,24.886189,6.0874953,مجموعة 23,30.05396787844295,31.489916909117834,4.89
Group 24,27.691023,16.973969,80.20046,65.02466,24.886189,6.0874953,مجموعة 24,30.05516662820025,31.489896268232503,4.84
Group 25,27.691023,16.973969,80.20046,65.02466,24.886189,6.0874953,مجموعة 25,30.056312150842874,31.48981840597674,5.06
Group 26,27.691023,16.973969,80.20046,65.02466,24.886189,6.0874953,مجموعة 26,30.057650246010454,31.48982036556276,5.68
Group 27,27.691023,16.973969,80.20046,65.02466,24.886189,6.0874953,مجموعة 27,30.059883558020708,31.489569222630617,5.58
Group 28,27.691023,16.973969,80.20046,65.02466,24.886189,6.0874953,مجموعة 28,30.060571323553383,31.490718002465872,5.98
Group 29,27.691023,16.973969,80.20046,65.02466,24.886189,6.0874953,مجموعة 29,30.06144688456512,31.49095418034165,6.18
Group 3,27.691023,16.973969,80.20046,65.02466,24.886189,6.0874953,مجموعة 3,30.06160852055044,31.49225286566431,6.31
Group 30,27.691023,16.973969,80.20046,65.02466,24.886189,6.0874953,مجموعة 30,30.06266365283828,31.490116098805466,6.81
Group 31,27.691023,16.973969,80.20046,65.02466,24.886189,6.0874953,مجموعة 31,30.06266848388061,31.49106249047465,6.82
Group 32,27.691023,16.973969,80.20046,65.02466,24.886189,6.0874953,مجموعة 32,30.063918555765788,31.49109493156966,6.95
Group 33,27.691023,16.973969,80.20046,65.02466,24.886189,6.0874953,مجموعة 33,30.06382857915354,31.490069772400147,6.92
Group 34,27.691023,16.973969,80.20046,65.02466,24.886189,6.0874953,مجموعة 34,30.063771593326216,31.48912335523957,6.59
Group 35,27.691023,16.973969,80.20046,65.02466,24.886189,6.0874953,مجموعة 35,30.063849226413065,31.48816468987752,6.28
Group 36,27.691023,16.973969,80.20046,65.02466,24.886189,6.0874953,مجموعة 36,30.06313034690965,31.487727526837887,6.18
Group 37,27.691023,16.973969,80.20046,65.02466,24.886189,6.0874953,مجموعة 37,30.062120806970643,31.48814666446425,6.13
Group 38,27.691023,16.973969,80.20046,65.02466,24.886189,6.0874953,مجموعة 38,30.06246591368589,31.48914956113612,6.47
Group 39,27.691023,16.973969,80.20046,65.02466,24.886189,6.0874953,مجموعة 39,30.06122617782565,31.48943013643024,5.94
Group 4,27.691023,16.973969,80.20046,65.02466,24.886189,6.0874953,مجموعة 4,30.06043289756308,31.49253996456818,6.34
Group 40,27.691023,16.973969,80.20046,65.02466,24.886189,6.0874953,مجموعة 40,30.060943137407623,31.488191853000707,5.67
Group 41,27.691023,16.973969,80.20046,65.02466,24.886189,6.0874953,مجموعة 41,30.05977373801423,31.488054860129548,5.48
Group 42,27.691023,16.973969,80.20046,65.02466,24.886189,6.0874953,مجموعة 42,30.062786950454424,31.480058150615218,4.88
Group 43,27.691023,16.973969,80.20046,65.02466,24.886189,6.0874953,مجموعة 43,30.063055932448883,31.47907131985252,5.12
Group 44,27.691023,16.973969,80.20046,65.02466,24.886189,6.0874953,مجموعة 44,30.062964542340485,31.47791240734661,4.83
Group 45,27.691023,16.973969,80.20046,65.02466,24.886189,6.0874953,مجموعة 45,30.063046541067752,31.476895079936902,4.51
Group 46,27.691023,16.973969,80.20046,65.02466,24.886189,6.0874953,مجموعة 46,30.06304390171172,31.475703798259687,4.11
Group 47,27.691023,16.973969,80.20046,65.02466,24.886189,6.0874953,مجموعة 47,30.061842431400216,31.47582408280267,4.3
Group 48,27.691023,16.973969,80.20046,65.02466,24.886189,6.0874953,مجموعة 48,30.06171488855004,31.47726948514612,5.02
Group 49,27.691023,16.973969,80.20046,65.02466,24.886189,6.0874953,مجموعة 49,30.061803294022056,31.478525666519403,5.44
Group 5,27.691023,16.973969,80.20046,65.02466,24.886189,6.0874953,مجموعة 5,30.059173585738595,31.49372908306947,7.09
Group 50,27.691023,16.973969,80.20046,65.02466,24.886189,6.0874953,مجموعة 50,30.060891765634604,31.47944614336515,5.2
Group 51,27.691023,16.973969,80.20046,65.02466,24.886189,6.0874953,مجموعة 51,30.06166016122124,31.480245597252207,5.21
Group 52,27.691023,16.973969,80.20046,65.02466,24.886189,6.0874953,مجموعة 52,30.06171312456873,31.483592562536977,5.44
Group 53,27.691023,16.973969,80.20046,65.02466,24.886189,6.0874953,مجموعة 53,30.06237902779723,31.48433231259014,5.43
Group 54,27.691023,16.973969,80.20046,65.02466,24.886189,6.0874953,مجموعة 54,30.062921887170766,31.48506715828244,5.84
Group 55,27.691023,16.973969,80.20046,65.02466,24.886189,6.0874953,مجموعة 55,30.0635295416253,31.485887504842665,6.2
Group 56,27.691023,16.973969,80.20046,65.02466,24.886189,6.0874953,مجموعة 56,30.06411181131644,31.48681376305925,6.22
Group 57,27.691023,16.973969,80.20046,65.02466,24.886189,6.0874953,مجموعة 57,30.064982823771462,31.48738343900014,6.39
Group 58,27.691023,16.973969,80.20046,65.02466,24.886189,6.0874953,مجموعة 58,30.06499167652604,31.486326498692307,6.34
Group 59,27.691023,16.973969,80.20046,65.02466,24.886189,6.0874953,مجموعة 59,30.06456006856268,31.48529102546721,5.89
Group 6,27.691023,16.973969,80.20046,65.02466,24.886189,6.0874953,مجموعة 6,30.05788113334873,31.493886297526224,6.67
Group 60,27.691023,16.973969,80.20046,65.02466,24.886189,6.0874953,مجموعة 60,30.06505085955806,31.48380959044832,5.98
Group 61,27.691023,16.973969,80.20046,65.02466,24.886189,6.0874953,مجموعة 61,30.06414791307929,31.48375221309124,5.81
Group 62,27.691023,16.973969,80.20046,65.02466,24.886189,6.0874953,مجموعة 62,30.06317335908789,31.483547528935937,5.47
Group 63,27.691023,16.973969,80.20046,65.02466,24.886189,6.0874953,مجموعة 63,30.06288104237045,31.48240966002571,5.31
Group 64,27.691023,16.973969,80.20046,65.02466,24.886189,6.0874953,مجموعة 64,30.06422449185076,31.48232055903744,5.49
Group 65,27.691023,16.973969,80.20046,65.02466,24.886189,6.0874953,مجموعة 65,30.0650811249378,31.48232614924092,5.86
Group 66,27.691023,16.973969,80.20046,65.02466,24.886189,6.0874953,مجموعة 66,30.06645373062097,31.480083964959576,4.91
Group 67,27.691023,16.973969,80.20046,65.02466,24.886189,6.0874953,مجموعة 67,30.06641006522867,31.47891957139716,4.46
Group 68,27.691023,16.973969,80.20046,65.02466,24.886189,6.0874953,مجموعة 68,30.066346255989192,31.477455516686256,3.62
Group 69,27.691023,16.973969,80.20046,65.02466,24.886189,6.0874953,مجموعة 69,30.066584715382543,31.47593098280604,3.15
Group 7,27.691023,16.973969,80.20046,65.02466,24.886189,6.0874953,مجموعة 7,30.056753179427563,31.49393406849095,5.92
Group 70,27.691023,16.973969,80.20046,65.02466,24.886189,6.0874953,مجموعة 70,30.06805806058488,31.47581399653434,2.89
Group 71,27.691023,16.973969,80.20046,65.02466,24.886189,6.0874953,Group 71,30.08596386034137,31.646280108650707,8.79
Group 72,27.691023,16.973969,80.20046,65.02466,24.886189,6.0874953,مجموعة 72,30.07072041353699,31.47611584170177,2.34
Group 73,27.691023,16.973969,80.20046,65.02466,24.886189,6.0874953,مجموعة 73,30.07151820654941,31.477347229659312,2.68
Group 74,27.691023,16.973969,80.20046,65.02466,24.886189,6.0874953,Group 74,30.08985720904701,31.64604195695869,8.54
Group 75,27.691023,16.973969,80.20046,65.02466,24.886189,6.0874953,مجموعة 75,30.073189271153165,31.47900217180229,2.87
Group 76,27.691023,16.973969,80.20046,65.02466,24.886189,6.0874953,مجموعة 76,30.07394725880056,31.47996177204117,2.89
Group 77,27.691023,16.973969,80.20046,65.02466,24.886189,6.0874953,مجموعة 77,30.07447765374759,31.481079264031525,3.01
Group 78,27.691023,16.973969,80.20046,65.02466,24.886189,6.0874953,مجموعة 78,30.074241069406064,31.48199684253055,3.09
Group 79,27.691023,16.973969,80.20046,65.02466,24.886189,6.0874953,مجموعة 79,30.07195824130028,31.479298357193954,3.01
Group 8,27.691023,16.973969,80.20046,65.02466,24.886189,6.0874953,مجموعة 8,30.055531374829776,31.493844850552435,5.73
Group 80,27.691023,16.973969,80.20046,65.02466,24.886189,6.0874953,مجموعة 80,30.069637820298336,31.478746302990515,3.4
Group 81,27.691023,16.973969,80.20046,65.02466,24.886189,6.0874953,مجموعة 81,30.070959580992835,31.479736203347645,3.3
Group 82,27.691023,16.973969,80.20046,65.02466,24.886189,6.0874953,مجموعة 82,30.07260836220812,31.481305097285983,3.54
Group 83,27.691023,16.973969,80.20046,65.02466,24.886189,6.0874953,مجموعة 83,30.071268848576647,31.481386798375667,4.02
Group 84,27.691023,16.973969,80.20046,65.02466,24.886189,6.0874953,مجموعة 84,30.06983476264957,31.48150803641204,4.23
Group 85,27.691023,16.973969,80.20046,65.02466,24.886189,6.0874953,مجموعة 85,30.068437571516,31.47918593082831,3.77
Group 86,27.691023,16.973969,80.20046,65.02466,24.886189,6.0874953,مجموعة 86,30.068103531958773,31.48008129852028,4.39
Group 87,27.691023,16.973969,80.20046,65.02466,24.886189,6.0874953,مجموعة 87,30.066645911393124,31.48228483450724,5.63
Group 88,27.691023,16.973969,80.20046,65.02466,24.886189,6.0874953,مجموعة 88,30.066590779946747,31.48325829557168,5.82
Group 89,27.691023,16.973969,80.20046,65.02466,24.886189,6.0874953,مجموعة 89,30.066624794023305,31.48430810595212,5.98
Group 9,27.691023,16.973969,80.20046,65.02466,24.886189,6.0874953,مجموعة 9,30.05410740234621,31.49375668213232,5.12
Group 90,27.691023,16.973969,80.20046,65.02466,24.886189,6.0874953,مجموعة 90,30.06652183201492,31.48551383227707,6.16
Group 91,27.691023,16.973969,80.20046,65.02466,24.886189,6.0874953,مجموعة 91,30.066166775593125,31.487073119732823,6.67
Group 92,27.691023,16.973969,80.20046,65.02466,24.886189,6.0874953,مجموعة 92,30.067215492791355,31.486781936157545,6.53
Group 93,27.691023,16.973969,80.20046,65.02466,24.886189,6.0874953,مجموعة 93,30.06826017498949,31.485125838605445,5.58
Group 94,27.691023,16.973969,80.20046,65.02466,24.886189,6.0874953,مجموعة 94,30.068261769142616,31.48352004399264,5.14
Group 95,27.691023,16.973969,80.20046,65.02466,24.886189,6.0874953,مجموعة 95,30.07237303379158,31.48368610938561,4.02
Group 96,27.691023,16.973969,80.20046,65.02466,24.886189,6.0874953,مجموعة 96,30.07499719640461,31.48393349354312,3.19
Group 97,27.691023,16.973969,80.20046,65.02466,24.886189,6.0874953,مجموعة 97,30.07555467282824,31.486762562294057,3.59
Group 98,27.691023,16.973969,80.20046,65.02466,24.886189,6.0874953,مجموعة 98,30.0759343544311,31.489604827660745,3.83
Group 99,27.691023,16.973969,80.20046,65.02466,24.886189,6.0874953,مجموعة 99,30.074255310015616,31.489552827825108,4.58
Group V 1,27.691023,16.973969,80.20046,65.02466,24.886189,6.0874953,مجموعة فيلات 1,30.0594051048875,31.50055362958545,6.64
Group V 10,27.691023,16.973969,80.20046,65.02466,24.886189,6.0874953,مجموعة فيلات 10,30.06081885385844,31.48583958608191,5.79
Group V 11,27.691023,16.973969,80.20046,65.02466,24.886189,6.0874953,مجموعة فيلات 11,30.05791103640161,31.48308399130188,5.1
Group V 12,27.691023,16.973969,80.20046,65.02466,24.886189,6.0874953,مجموعة فيلات 12,30.05531208842793,31.484051659645324,5.28
Group V 13,27.691023,16.973969,80.20046,65.02466,24.886189,6.0874953,مجموعة فيلات 13,30.056309575747512,31.480159394047565,5.26
Group V 14,27.691023,16.973969,80.20046,65.02466,24.886189,6.0874953,مجموعة فيلات 14,30.056261179060463,31.47658280784298,4.92
Group V 15,27.691023,16.973969,80.20046,65.02466,24.886189,6.0874953,مجموعة فيلات 15,30.05955055614021,31.48093980078519,5.2
Group V 16,27.691023,16.973969,80.20046,65.02466,24.886189,6.0874953,مجموعة فيلات 16,30.059308240032568,31.47815923126161,5.65
Group V 17,27.691023,16.973969,80.20046,65.02466,24.886189,6.0874953,مجموعة فيلات 17,30.059332417103377,31.476036991331963,4.9
Group V 2,27.691023,16.973969,80.20046,65.02466,24.886189,6.0874953,مجموعة فيلات 2,30.060661623113045,31.49922325081057,6.69
Group V 25,27.691023,16.973969,80.20046,65.02466,24.886189,6.0874953,مجموعة فيلات 25,30.066772691803795,31.509369436113,4.5
Group V 26,27.691023,16.973969,80.20046,65.02466,24.886189,6.0874953,مجموعة فيلات 26,30.06543462789772,31.506422724135344,5.17
Group V 27,27.691023,16.973969,80.20046,65.02466,24.886189,6.0874953,مجموعة فيلات 27,30.064579879419803,31.509849086828048,4.86
Group V 28,27.691023,16.973969,80.20046,65.02466,24.886189,6.0874953,مجموعة فيلات 28,30.06294912675363,31.505878796645057,6.26
Group V 29,27.691023,16.973969,80.20046,65.02466,24.886189,6.0874953,مجموعة فيلات 29,30.06253886178161,31.509147371762644,5.38
Group V 3,27.691023,16.973969,80.20046,65.02466,24.886189,6.0874953,مجموعة فيلات 3,30.06246260405685,31.49843599168717,6.5
Group V 30,27.691023,16.973969,80.20046,65.02466,24.886189,6.0874953,مجموعة فيلات 30,30.06063490529323,31.508114177177184,5.72
Group V 31,27.691023,16.973969,80.20046,65.02466,24.886189,6.0874953,مجموعة فيلات 31,30.06109707668436,31.504062269477654,6.53
Group V 32,27.691023,16.973969,80.20046,65.02466,24.886189,6.0874953,مجموعة فيلات 32,30.059410716459663,31.50566976622893,6.47
Group V 35,27.691023,16.973969,80.20046,65.02466,24.886189,6.0874953,مجموعة فيلات 35,30.056173862323423,31.503503440724625,6.6
Group V 36,27.691023,16.973969,80.20046,65.02466,24.886189,6.0874953,مجموعة فيلات 36,30.05735050564324,31.50194258136816,6.94
Group V 37,27.691023,16.973969,80.20046,65.02466,24.886189,6.0874953,مجموعة فيلات 37,30.05447065242571,31.501225493859103,5.81
Group V 38,27.691023,16.973969,80.20046,65.02466,24.886189,6.0874953,مجموعة فيلات 38,30.0541215674584,31.50431878683837,6.2
Group V 4,27.691023,16.973969,80.20046,65.02466,24.886189,6.0874953,مجموعة فيلات 4,30.06370876028948,31.496868809016927,7.06
Group V 5,27.691023,16.973969,80.20046,65.02466,24.886189,6.0874953,مجموعة فيلات 5,30.06171995028072,31.495724375686265,6.81
Group V 6,27.691023,16.973969,80.20046,65.02466,24.886189,6.0874953,مجموعة فيلات 6,30.058126188206405,31.498350128846003,6.42
Group V 7,27.691023,16.973969,80.20046,65.02466,24.886189,6.0874953,مجموعة فيلات 7,30.055240535670464,31.49796945070645,5.32
Group V 8,27.691023,16.973969,80.20046,65.02466,24.886189,6.0874953,مجموعة فيلات 8,30.05494237638984,31.48674627340587,4.67
Group V 9,27.691023,16.973969,80.20046,65.02466,24.886189,6.0874953,مجموعة فيلات 9,30.05791814618712,31.48632088402354,4.83
Hada'ek Al Kobba,36.44326,19.955238,79.361496,70.66722,31.624939,9.333277,حدائق القبه,30.08648033127444,31.27832364496002,0.21
Hada'ek Zenhom,36.44326,19.955238,79.361496,70.66722,31.624939,9.333277,حدائق زينهم,30.023363730846167,31.24721448731881,0.21
Hadaek Al Obour Buildings,36.44326,19.955238,79.361496,70.66722,31.624939,9.333277,عمارات حدائق العبور,30.07703354629748,31.30876130752129,2.83
Hadayek helwan,36.44326,19.955238,79.361496,70.66722,31.624939,9.333277,حدائق حلوان,29.896826099999995,31.3009298,0.47
Hadayeq Al-Zaitoun,36.44326,19.955238,79.361496,70.66722,31.624939,9.333277,حدائق الزيتون,30.1137865,31.3334645,2.04
Haptown Compound,27.691023,16.973969,80.20046,65.02466,24.886189,6.0874953,كمبوند هاب تون,30.05104738557178,31.65808022783095,0.08
Haret El Roum,36.44326,19.955238,79.361496,70.66722,31.624939,9.333277,حاره الروم,30.04282740814424,31.25958351645616,6.64
Hayah Residence Compound,27.691023,16.973969,80.20046,65.02466,24.886189,6.0874953,كمبوند حياه ريزيدنس,30.037109975470727,31.486084625633776,3.01
Hayat Compound,27.691023,16.973969,80.20046,65.02466,24.886189,6.0874953,كمبوند حياة,30.02994469752332,31.479363941356542,2.37
Hayati Residence Compound,27.691023,16.973969,80.20046,65.02466,24.886189,6.0874953,كمبوند حياتي رزيدنس,30.0476358177573,31.48656017257013,3.19
Heliopolis,36.44326,19.955238,79.361496,70.66722,31.624939,9.333277,مصر الجديدة,30.11772240000001,31.3323044,1.52
Heliopolis For Housing And Development,36.44326,19.955238,79.361496,70.66722,31.624939,9.333277,مصر الجديدة للاسكان و التعمير,30.09998650421388,31.37160862977593,0.98
Heliopolis Residence Compound,27.691023,16.973969,80.20046,65.02466,24.886189,6.0874953,كمبوند هليوبوليس ريزيدنس,30.137304524874374,31.627137364345057,2.37
Helmeyat El Na'am,36.44326,19.955238,79.361496,70.66722,31.624939,9.333277,حلميه النعام,30.11735128631016,31.328877744926995,2.15
Helmeyat El Zaitoun,36.44326,19.955238,79.361496,70.66722,31.624939,9.333277,حلميه الزيتون,30.11793303587951,31.31666986569613,1.07
Helwan Al Qibliyya,36.44326,19.955238,79.361496,70.66722,31.624939,9.333277,حلوان القبليه,29.82282401928418,31.3325413085108,0.45
Helwan El Baharia,36.44326,19.955238,79.361496,70.66722,31.624939,9.333277,حلوان البحريه,29.83884065834954,31.33795823095424,0.75
Helwan El Balad,36.44326,19.955238,79.361496,70.66722,31.624939,9.333277,حلوان البلد,29.85071954511977,31.30341110806916,6.22
High Land Park,27.691023,16.973969,80.20046,65.02466,24.886189,6.0874953,هاي لاند بارك,29.98989236033953,31.50867794896725,1.7
High Town Compound,27.691023,16.973969,80.20046,65.02466,24.886189,6.0874953,كمبوند هاي تاون,30.11318307217796,31.61069026749171,2.71
Hikr Al Tebin,100.73496,22.805325,88.276215,76.092606,72.74783,5.4515224,حكر التبين,29.79653232478769,31.305143193291503,5.71
Hod El Zehour,36.44326,19.955238,79.361496,70.66722,31.624939,9.333277,حوض الزهور,30.06362621548429,31.237539088378817,0.21
Housing,27.691023,16.973969,80.20046,65.02466,24.886189,6.0874953,مساكن,30.157447347813864,31.40820368894192,0.17
Housing & Development Bank Buildings,36.44326,19.955238,79.361496,70.66722,31.624939,9.333277,عمارات بنك الاسكان و التعمير,30.04694745466959,31.37345133913919,0.31
Housing And Development Bank Housing,36.44326,19.955238,79.361496,70.66722,31.624939,9.333277,مساكن بنك الاسكان والتعمير,30.0573045485954,31.358690857269305,1.23
I City New Cairo,27.691023,16.973969,80.20046,65.02466,24.886189,6.0874953,I City New Cairo,30.06963470275433,31.592600181484933,0.4
IVORY East,27.691023,16.973969,80.20046,65.02466,24.886189,6.0874953,IVORY East,29.986624605705583,31.53568009114429,2.04
Ibn Al Rashid,36.44326,19.955238,79.361496,70.66722,31.624939,9.333277,بن الرشيد,30.070711412493832,31.235108943592547,0.19
Idea Verde Compound,27.691023,16.973969,80.20046,65.02466,24.886189,6.0874953,كمبوند ايديا فيردي,30.04401468608572,31.477747948798363,4.77
Ideal Buildings,36.44326,19.955238,79.361496,70.66722,31.624939,9.333277,عمارات ايديال,30.056299400630408,31.29041916546713,1.34
Industrial Area,27.691023,16.973969,80.20046,65.02466,24.886189,6.0874953,المنطقة الصناعية,30.13024541889333,31.74985124059669,0.11
Industrial Housing City,36.44326,19.955238,79.361496,70.66722,31.624939,9.333277,مساكن مدينه الاسكان الصناعى,29.835889977290524,31.347828611719724,0.67
Intelligence Buildings Qubba 2,36.44326,19.955238,79.361496,70.66722,31.624939,9.333277,عمارات مخابرات القبه 2,30.099510542070337,31.298974619195487,8.73
Islamic Cairo,36.44326,19.955238,79.361496,70.66722,31.624939,9.333277,القاهرة الإسلامية,30.0487472,31.263775400000004,4.42
Italian District,27.691023,16.973969,80.20046,65.02466,24.886189,6.0874953,الحى الايطالي,30.141856711499383,31.694298798501965,0.61
Jayd Compound,27.691023,16.973969,80.20046,65.02466,24.886189,6.0874953,كمبوند جايد,30.06509642400419,31.520956681935832,2.53
Jesco Association Compound,27.691023,16.973969,80.20046,65.02466,24.886189,6.0874953,كمبوند جمعية جيسكو,29.96187273970396,31.537005896821043,0.32
Jolie Heights Compound,27.691023,16.973969,80.20046,65.02466,24.886189,6.0874953,كمبوند جولي هايتس,30.035740411505216,31.510740732814423,3.97
Kafr Abo Ser Birket Al Nasr,36.44326,19.955238,79.361496,70.66722,31.624939,9.333277,كفر ابوصير بركه النصر,30.15497846469689,31.37819439674625,0.56
Kafr Al Aalwo,36.44326,19.955238,79.361496,70.66722,31.624939,9.333277,كفر العلو,29.810778204399544,31.31618913363611,1.12
Kafr Al Shorafa',36.44326,19.955238,79.361496,70.66722,31.624939,9.333277,كفر الشرفا,30.144647774006,31.345463912795665,0.67
Kafr Zahran,36.44326,19.955238,79.361496,70.66722,31.624939,9.333277,كفر زهران,29.80485869913985,31.278003503925504,50.42
Katameya Breeze Compound,27.691023,16.973969,80.20046,65.02466,24.886189,6.0874953,كمبوند قطامية بريز,30.03714520840162,31.50875822395136,4.84
Katameya Dunes Compound,27.691023,16.973969,80.20046,65.02466,24.886189,6.0874953,كمبوند قطامية ديونز,30.001619671985107,31.51962753257686,22.05
Katameya Gardens Compound,27.691023,16.973969,80.20046,65.02466,24.886189,6.0874953,كمبوند قطامية جردنز,29.99456306940009,31.510345511099025,5.95
Katameya Heights Golf and Tennis Resort,27.691023,16.973969,80.20046,65.02466,24.886189,6.0874953,منتجع مرتفعات القطامية للجولف والتنس,29.99043181731588,31.405798732294368,28.51
Katameya Palms Compound,27.691023,16.973969,80.20046,65.02466,24.886189,6.0874953,كمبوند قطامية بالمز,30.014632466400112,31.488149473979423,2.78
Katameya Plaza Compound,27.691023,16.973969,80.20046,65.02466,24.886189,6.0874953,كمبوند قطامية بلازا,30.036259662485087,31.490539093149543,3.01
Katameya Residence Compound,27.691023,16.973969,80.20046,65.02466,24.886189,6.0874953,كمبوند قطامية رزيدنس,30.061929190727835,31.42492729382659,6.4
Kattameya Dunes Compound,27.691023,16.973969,80.20046,65.02466,24.886189,6.0874953,كومباوند قطامية ديونز,30.0014688,31.519845900000004,22.51
Kattamya Creek Compund,27.691023,16.973969,80.20046,65.02466,24.886189,6.0874953,Kattamya Creek Compund,29.989856468972604,31.451312174925672,0.37
Keshk Housing,36.44326,19.955238,79.361496,70.66722,31.624939,9.333277,مساكن كشك,30.07836344382447,31.275873276575023,0.89
Khairat,36.44326,19.955238,79.361496,70.66722,31.624939,9.333277,خيرت,30.03572216586871,31.23976400700373,1.39
Khan El Khalili,36.44326,19.955238,79.361496,70.66722,31.624939,9.333277,خان الخليلى,30.04896860370676,31.261513759778268,3.49
Klot Bek,36.44326,19.955238,79.361496,70.66722,31.624939,9.333277,كلوت بك,30.05852594281352,31.24947991242523,0.22
Kobry Al Kobba,36.44326,19.955238,79.361496,70.66722,31.624939,9.333277,كوبرى القبه,30.08373312929637,31.29158621291103,3.92
Kolleyet Al Banat Housing,36.44326,19.955238,79.361496,70.66722,31.624939,9.333277,مساكن كليه البنات,30.07623261404158,31.335383193358265,2.26
Kom Al El Sheikh Salama,36.44326,19.955238,79.361496,70.66722,31.624939,9.333277,كوم الشيخ سلامه,30.05023396829701,31.254245408351792,0.3
Kom Ghorab,36.44326,19.955238,79.361496,70.66722,31.624939,9.333277,كوم غراب,29.99872485565903,31.23949034607412,0.32
Kuwaiti Company Housing,36.44326,19.955238,79.361496,70.66722,31.624939,9.333277,مساكن الشركه الكويتيه,29.9866693742356,31.276073775684203,0.59
Kuwaiti Company Housing Phase 1,36.44326,19.955238,79.361496,70.66722,31.624939,9.333277,مساكن الشركه الكويتيه المرحله 1,29.98825434060297,31.28002410335281,0.47
Kuwaiti Company Housing Phase 2,36.44326,19.955238,79.361496,70.66722,31.624939,9.333277,مساكن الشركه الكويتيه المرحله 2,29.987498476202155,31.28069780857723,0.53
L'avenir Compound,27.691023,16.973969,80.20046,65.02466,24.886189,6.0874953,كمبوند لافنير,30.055437383655786,31.62117990042285,0.12
La Fontaine Province Compound,27.691023,16.973969,80.20046,65.02466,24.886189,6.0874953,كمبوند لافاونتين بروفينس,30.03802945437683,31.53511287006392,4.17
La Mirada Compound,27.691023,16.973969,80.20046,65.02466,24.886189,6.0874953,كمبوند لاميرادا,29.99971560570805,31.507226623802023,5.16
La Nouva Vista Compound,27.691023,16.973969,80.20046,65.02466,24.886189,6.0874953,كمبوند لانوفا فيستا,30.046839216497453,31.48225270474396,4.33
La Quinta Compound,27.691023,16.973969,80.20046,65.02466,24.886189,6.0874953,كمبوند لا كوينتا,30.03394437607366,31.47645667772009,3.04
La Rose Compound,27.691023,16.973969,80.20046,65.02466,24.886189,6.0874953,كمبوند لا روز,30.013052225383664,31.49822995676149,3.52
La Terra Compound,27.691023,16.973969,80.20046,65.02466,24.886189,6.0874953,كمبوند لاتيرا,30.009243741637,31.50039209032787,3.85
La Vie Compound,27.691023,16.973969,80.20046,65.02466,24.886189,6.0874953,كمبوند لافي,30.00428768284001,31.50130275991588,2.92
La Vista City,27.691023,16.973969,80.20046,65.02466,24.886189,6.0874953,لافيستا سيتي,30.0037863,31.595787200000004,0.76
Labor City Housing,36.44326,19.955238,79.361496,70.66722,31.624939,9.333277,مساكن المدينه العماليه,30.08316060651756,31.353952834239912,1.63
Lago Vesta Compound,27.691023,16.973969,80.20046,65.02466,24.886189,6.0874953,كمبوند لاجو فيستا,30.049657281385045,31.48206864901732,5.07
Lake View Residence Compound,27.691023,16.973969,80.20046,65.02466,24.886189,6.0874953,كمبوند لايك فيو ريزيدانس,30.02460085195705,31.538494463401324,5.55
Lakeview Compound,27.691023,16.973969,80.20046,65.02466,24.886189,6.0874953,كمبوند ليك فيو,30.021965033269083,31.44515165331688,12.93
Landmark Compound,27.691023,16.973969,80.20046,65.02466,24.886189,6.0874953,كمبوند لاند مارك,30.04357462512319,31.51227662074788,4.38
Layan Sabour Compound,27.691023,16.973969,80.20046,65.02466,24.886189,6.0874953,كمبوند ليان صبور,30.031675092532023,31.54738433949328,5.27
Le Rois Compound,27.691023,16.973969,80.20046,65.02466,24.886189,6.0874953,كمبوند لي روا,30.00576515114027,31.50878691557748,8.37
Leila Compound,27.691023,16.973969,80.20046,65.02466,24.886189,6.0874953,كمبوند ليلة,30.0299968773666,31.47658853563717,2.32
Lena Springs Compound,27.691023,16.973969,80.20046,65.02466,24.886189,6.0874953,كمبوند لينا سبرينجز,30.038898267802374,31.513208698144403,3.92
Life Compound,27.691023,16.973969,80.20046,65.02466,24.886189,6.0874953,كمبوند لايف,30.01059753095102,31.48955916109413,2.46
Life View Compound,27.691023,16.973969,80.20046,65.02466,24.886189,6.0874953,كمبوند لايف فيو,30.009944809476856,31.488752474304626,2.25
Light City,27.691023,16.973969,80.20046,65.02466,24.886189,6.0874953,لايت سيتى,29.961613295962174,31.530162556238345,0.35
Lotus Compound for employees of the National Communications Authority,27.691023,16.973969,80.20046,65.02466,24.886189,6.0874953,كمبوند اللوتس للعاملين بالهيئة القومية للإتصالات,29.966722128755592,31.50795137738654,0.53
Louloua El Sherouk Compound,27.691023,16.973969,80.20046,65.02466,24.886189,6.0874953,كمبوند لؤلؤة الشروق,30.13799125200395,31.615712855176184,4.19
MASS Compound,27.691023,16.973969,80.20046,65.02466,24.886189,6.0874953,كمبوند ماس,30.04719371116493,31.49273867112029,4.12
Maadi Gardens,36.44326,19.955238,79.361496,70.66722,31.624939,9.333277,معادي جاردنز,29.98501357730601,31.33519694869004,0.6
Maadi Grand City,36.44326,19.955238,79.361496,70.66722,31.624939,9.333277,معادى جراند سيتى,29.98088126944129,31.32691364603331,0.47
Maadi Heights,36.44326,19.955238,79.361496,70.66722,31.624939,9.333277,معادى هايتس,29.98105367656024,31.3339004401312,0.53
Maadi View,27.691023,16.973969,80.20046,65.02466,24.886189,6.0874953,معادى فيو,30.122748965632663,31.65234847519108,1.46
Maarouf,36.44326,19.955238,79.361496,70.66722,31.624939,9.333277,معروف,30.05060245502965,31.23792196213484,0.13
Madinat Al Qudah,36.44326,19.955238,79.361496,70.66722,31.624939,9.333277,مدينة القضاة,30.060720322667976,31.361845413406456,0.97
Madinaty Golf Heights,27.691023,16.973969,80.20046,65.02466,24.886189,6.0874953,Madinaty Golf Heights,30.088966880867723,31.618513529674207,29.01
Madinet El Sahafeyeen Compound,27.691023,16.973969,80.20046,65.02466,24.886189,6.0874953,كمبوند مدينة الصحفيين,30.039699734009663,31.4874877636342,2.36
Mahmasha,36.44326,19.955238,79.361496,70.66722,31.624939,9.333277,مهمشه,30.074609740102783,31.26055700663065,0.08
Manial Shiha Village,36.44326,19.955238,79.361496,70.66722,31.624939,9.333277,قريه منيل شيحه,29.947976545544424,31.240077600183888,21.4
Mansheyah Al Aamry,36.44326,19.955238,79.361496,70.66722,31.624939,9.333277,منشيه العامري,29.90322476593798,31.30374811762962,0.94
Mansheyet El Bakry,36.44326,19.955238,79.361496,70.66722,31.624939,9.333277,منشيه البكرى,30.08433721604404,31.309009577394047,2.26
Mansheyet El Masry,36.44326,19.955238,79.361496,70.66722,31.624939,9.333277,منشيه المصرى,29.95115863007688,31.280202038022065,2.95
Mansheyet El Sadr,36.44326,19.955238,79.361496,70.66722,31.624939,9.333277,منشية الصدر,30.0851020096364,31.28778442013712,3.01
Mansheyet El Tahrir,36.44326,19.955238,79.361496,70.66722,31.624939,9.333277,منشيه التحرير,30.11323296448723,31.3237220442033,2.36
Manshiet Naser,36.44326,19.955238,79.361496,70.66722,31.624939,9.333277,منشية ناصر,30.03633189999999,31.2763286,0.69
Marina City Compound,27.691023,16.973969,80.20046,65.02466,24.886189,6.0874953,كمبوند مارينا سيتي,30.05453918410029,31.438865861231367,3.15
Marine City,36.44326,19.955238,79.361496,70.66722,31.624939,9.333277,المدينة البحرية,29.839887928773983,31.3376603034628,0.87
Marvel City Compound,27.691023,16.973969,80.20046,65.02466,24.886189,6.0874953,كمبوند مارفيل سيتي,30.01393620012781,31.49959712724282,3.71
Masaken Al Mohandeseen,36.44326,19.955238,79.361496,70.66722,31.624939,9.333277,مساكن المهندسين,30.075926507699307,31.348598678215303,1.86
Masaken Nasser Housing,36.44326,19.955238,79.361496,70.66722,31.624939,9.333277,مساكن اسكان ناصر,30.09335175120519,31.28620817327901,2.62
Masaken Nerco,36.44326,19.955238,79.361496,70.66722,31.624939,9.333277,مساكن نيركو,29.962840000000003,31.2834824,1.78
Masr Al-Qadima,36.44326,19.955238,79.361496,70.66722,31.624939,9.333277,مصر القديمة,30.007200800000003,31.229365999999995,3.51
Masraf Mustorod Al Arab Housing,36.44326,19.955238,79.361496,70.66722,31.624939,9.333277,مساكن مصرف مسطرد العرب,30.11489710721502,31.278489003744028,0.23
Maxim Country Club Compound,27.691023,16.973969,80.20046,65.02466,24.886189,6.0874953,كمبوند ماكسيم كانترى كلوب,30.03167442239902,31.498673948575608,4.16
May Fair Compound,27.691023,16.973969,80.20046,65.02466,24.886189,6.0874953,كمبوند ماى فير,30.130745880537376,31.60669473442358,7.31
Melsa Buildings,36.44326,19.955238,79.361496,70.66722,31.624939,9.333277,عمارات ميلسا,30.076213540139417,31.34578248242094,1.49
Mena Compound,27.691023,16.973969,80.20046,65.02466,24.886189,6.0874953,كمبوند مينا,30.00810317308856,31.48991568763748,1.95
Mero City Compound,27.691023,16.973969,80.20046,65.02466,24.886189,6.0874953,كمبوند ميرو سيتي,30.13692304089183,31.705478508583564,0.65
Midtown Compound,27.691023,16.973969,80.20046,65.02466,24.886189,6.0874953,كمبوند ميدتاون,30.012268158901232,31.501077063247056,3.94
Ministry District,36.44326,19.955238,79.361496,70.66722,31.624939,9.333277,حى الوزراء,30.09835841167938,31.379026401346948,0.62
Ministry of Finance Housing,27.691023,16.973969,80.20046,65.02466,24.886189,6.0874953,إسكان وزارة المالية,30.073407766027994,31.44862041880489,9.28
Minyet El Sirg,36.44326,19.955238,79.361496,70.66722,31.624939,9.333277,منيه السيرج,30.09925543839292,31.2519012556808,0.91
Mirage City,27.691023,16.973969,80.20046,65.02466,24.886189,6.0874953,مدينة ميراج,30.071656399999995,31.435368300000004,17.81
Mirage City Compound,27.691023,16.973969,80.20046,65.02466,24.886189,6.0874953,كمبوند ميراج سيتي,30.07323421692481,31.438626405996207,16.16
Misr Altaemir Buildings,36.44326,19.955238,79.361496,70.66722,31.624939,9.333277,عمارات مصر التعمير,30.058292612750574,31.372094457597616,0.62
Misr For Development Housing,36.44326,19.955238,79.361496,70.66722,31.624939,9.333277,مساكن مصر للتعمير,30.10658444997835,31.380035977074247,0.42
Mivida Emaar Compound,27.691023,16.973969,80.20046,65.02466,24.886189,6.0874953,كمبوند اعمار مفديا,30.007130971805147,31.53846489876119,8.02
Mohamed Mazhar,36.44326,19.955238,79.361496,70.66722,31.624939,9.333277,محمد مظهر,30.06632483494841,31.224120238210293,3.98
Mohi Housing,36.44326,19.955238,79.361496,70.66722,31.624939,9.333277,مساكن محي,30.09871525562193,31.25036719907257,0.72
Monsha'at Nasir,36.44326,19.955238,79.361496,70.66722,31.624939,9.333277,منشاه ناصر,30.03635391710479,31.284055746140112,0.64
Moon Valley 2 Compound,27.691023,16.973969,80.20046,65.02466,24.886189,6.0874953,كمبوند مون فالي 2,30.038341251076567,31.51036023397225,4.68
Moon Valley compound,27.691023,16.973969,80.20046,65.02466,24.886189,6.0874953,كمبوند مون فالى,30.022833771995,31.48822615158568,3.01
Moqately Ramadan Buildings,36.44326,19.955238,79.361496,70.66722,31.624939,9.333277,عمارات مقاتلى رمضان,30.067326339771085,31.358692278650885,2.99
Mountain View,27.691023,16.973969,80.20046,65.02466,24.886189,6.0874953,ماونتن فيو,29.99037294187537,31.51075844360926,2.96
Mountain View 1 Compound,27.691023,16.973969,80.20046,65.02466,24.886189,6.0874953,كمبوند ماونتين فيو 1,30.05039687962818,31.50734275211345,4.95
Mountain View Hyde Park Compound,27.691023,16.973969,80.20046,65.02466,24.886189,6.0874953,كمبوند ماونتن فيو هايد بارك,29.98738592101815,31.555350887628528,1.33
Mubarak Youth Housing 100 Meter,27.691023,16.973969,80.20046,65.02466,24.886189,6.0874953,إسكان مبارك للشباب 100 متر,30.16689852861832,31.64866042435,2.65
Mubarak Youth Housing 63 Meter,27.691023,16.973969,80.20046,65.02466,24.886189,6.0874953,إسكان مبارك للشباب 63 متر,30.180005362560163,31.634112042049075,3.38
Mubarak Youth Housing 70 Meter,27.691023,16.973969,80.20046,65.02466,24.886189,6.0874953,إسكان مبارك للشباب 70 متر,30.15143906989137,31.656016422587083,2.07
Muntasir Towers,36.44326,19.955238,79.361496,70.66722,31.624939,9.333277,ابراج منتصر,29.89204756189645,31.29060853529372,7.61
Mustorod,36.44326,19.955238,79.361496,70.66722,31.624939,9.333277,مسطرد,30.13760122897685,31.29125761494032,0.41
N1C1,27.691023,16.973969,80.20046,65.02466,24.886189,6.0874953,ن1ج1,30.19709444485173,31.660025538739564,3.06
N1C10,27.691023,16.973969,80.20046,65.02466,24.886189,6.0874953,ن1ج10,30.19967665845796,31.66689844040157,4.49
N1C15,27.691023,16.973969,80.20046,65.02466,24.886189,6.0874953,ن1ج15,30.19574367283307,31.66327168712848,3.63
N1C2,24.703178,15.82079,74.21322,62.85449,22.400135,5.074077,ن1ج2,30.201780487852027,31.666911520776257,2.61
N1C3A,24.703178,15.82079,74.21322,62.85449,22.400135,5.074077,ن1ج3أ,30.20347718406424,31.669857294082963,2.43
N1C4,24.703178,15.82079,74.21322,62.85449,22.400135,5.074077,ن1ج4,30.200963094685275,31.67298602361224,2.56
N1C5,27.691023,16.973969,80.20046,65.02466,24.886189,6.0874953,ن1ج5,30.197117805934795,31.67310723331151,5.13
N1C7,27.691023,16.973969,80.20046,65.02466,24.886189,6.0874953,ن1ج7,30.19566175910777,31.667492232839773,5.21
N1C8,27.691023,16.973969,80.20046,65.02466,24.886189,6.0874953,ن1ج8,30.19450202367761,31.66218856424284,3.44
N1C9,27.691023,16.973969,80.20046,65.02466,24.886189,6.0874953,ن1ج9,30.19723632847663,31.66231580362069,3.09
N2C8,24.703178,15.82079,74.21322,62.85449,22.400135,5.074077,ن2ج8,30.20372141199281,31.67661344728772,2.26
Nasir,36.44326,19.955238,79.361496,70.66722,31.624939,9.333277,ناصر,30.105309649629906,31.285398419335948,0.36
Nasr 2 Housing,36.44326,19.955238,79.361496,70.66722,31.624939,9.333277,مساكن نصر 2,30.037786973441488,31.334507577127926,0.58
Nasr City,36.44326,19.955238,79.361496,70.66722,31.624939,9.333277,مدينة نصر,30.0521177,31.3422045,4.78
Nasr Police Towers,36.44326,19.955238,79.361496,70.66722,31.624939,9.333277,ابراج نصر الشرطة,30.03705415125568,31.334818755473723,0.42
Nasser 1 Housing,36.44326,19.955238,79.361496,70.66722,31.624939,9.333277,مساكن ناصر 1,29.84691981000777,31.318220101374006,0.69
Nasser 2 Housing,36.44326,19.955238,79.361496,70.66722,31.624939,9.333277,مساكن ناصر 2,29.845883197040777,31.31662679510814,0.85
Nasser 2E Project Housing,36.44326,19.955238,79.361496,70.66722,31.624939,9.333277,مساكن مشروع ناصر 2هـ,29.84062693069078,31.320361441407524,0.77
Nasser 3 Housing,36.44326,19.955238,79.361496,70.66722,31.624939,9.333277,مساكن ناصر 3,29.846898744318164,31.316720280087896,0.67
Nasser 4 Housing,36.44326,19.955238,79.361496,70.66722,31.624939,9.333277,مساكن ناصر 4,29.847985577369307,31.316718727437305,0.65
Nasser Housing,36.44326,19.955238,79.361496,70.66722,31.624939,9.333277,مساكن ناصر,30.09775563911462,31.276283771495653,0.24
Nasser Housing Project,36.44326,19.955238,79.361496,70.66722,31.624939,9.333277,مشروع ناصر للاسكان,29.84059135316097,31.31783535168737,0.67
National Contracting Company,36.44326,19.955238,79.361496,70.66722,31.624939,9.333277,الشركة الوطنية للمقاولات,30.037487819570167,31.34491372949913,0.29
National Defense Council Buildings,36.44326,19.955238,79.361496,70.66722,31.624939,9.333277,عمارات مجلس الدفاع الوطنى,30.093336796958265,31.2928716082052,9.64
National Project 63 Meter,27.691023,16.973969,80.20046,65.02466,24.886189,6.0874953,الإسكان القومى 63 متر,30.16238783944756,31.6530460283292,2.53
Nefertiti Association compound,27.691023,16.973969,80.20046,65.02466,24.886189,6.0874953,كمبوند جمعية نفرتيتي,29.96103063221473,31.536397481554275,0.32
Neighborhood 1,27.691023,16.973969,80.20046,65.02466,24.886189,6.0874953,المجاورة 1,30.149489063248577,31.718531701552,0.88
Neighborhood 10,27.691023,16.973969,80.20046,65.02466,24.886189,6.0874953,المجاورة 10,30.11776769077409,31.73812741259026,0.12
Neighborhood 11,27.691023,16.973969,80.20046,65.02466,24.886189,6.0874953,المجاورة 11,30.114037130199897,31.737797300584816,0.06
Neighborhood 12,36.44326,19.955238,79.361496,70.66722,31.624939,9.333277,المجاورة 12,29.86639276603112,31.36562954718319,1.1
"Neighborhood 12, 13",27.691023,16.973969,80.20046,65.02466,24.886189,6.0874953,"المجاورة 12, 13",30.07045414882876,31.44370781242325,13.15
Neighborhood 13,27.691023,16.973969,80.20046,65.02466,24.886189,6.0874953,المجاورة 13,30.11841905593125,31.73337649636864,0.07
Neighborhood 14,36.44326,19.955238,79.361496,70.66722,31.624939,9.333277,المجاورة 14,29.83892451871023,31.368825114184983,3.6
"Neighborhood 14, 15",27.691023,16.973969,80.20046,65.02466,24.886189,6.0874953,"المجاورة 14, 15",30.067031428162235,31.44243991549777,8.42
Neighborhood 15,27.691023,16.973969,80.20046,65.02466,24.886189,6.0874953,المجاورة 15,30.114803279777856,31.728336652802675,0.29
Neighborhood 16,27.691023,16.973969,80.20046,65.02466,24.886189,6.0874953,المجاورة 16,30.06458636441595,31.437410522526456,13.69
Neighborhood 17,27.691023,16.973969,80.20046,65.02466,24.886189,6.0874953,المجاورة 17,30.063361701332106,31.44289545852181,5.14
Neighborhood 18,36.44326,19.955238,79.361496,70.66722,31.624939,9.333277,المجاورة 18,29.834941810676973,31.38352039113241,1.81
Neighborhood 19,36.44326,19.955238,79.361496,70.66722,31.624939,9.333277,المجاورة 19,29.83428803850495,31.37998988550689,3.4
Neighborhood 1H,27.691023,16.973969,80.20046,65.02466,24.886189,6.0874953,المجاورة 1ح,30.16127510756887,31.60903951220704,2.87
Neighborhood 2,36.44326,19.955238,79.361496,70.66722,31.624939,9.333277,المجاورة 2,29.851275940835087,31.369928238160345,2.35
Neighborhood 20,36.44326,19.955238,79.361496,70.66722,31.624939,9.333277,المجاورة 20,29.83238054886811,31.37660873895636,4.05
Neighborhood 21,36.44326,19.955238,79.361496,70.66722,31.624939,9.333277,المجاورة 21,29.831528845110395,31.373673833348395,3.73
Neighborhood 22,36.44326,19.955238,79.361496,70.66722,31.624939,9.333277,المجاورة 22,29.831035676448845,31.38438635783004,1.88
Neighborhood 23,36.44326,19.955238,79.361496,70.66722,31.624939,9.333277,المجاورة 23,29.82960998127994,31.37985870785112,3.79
Neighborhood 25,36.44326,19.955238,79.361496,70.66722,31.624939,9.333277,المجاورة 25,29.824210078416183,31.378470217972644,3.89
Neighborhood 26,36.44326,19.955238,79.361496,70.66722,31.624939,9.333277,المجاورة 26,29.822037721930748,31.3814705545911,2.32
Neighborhood 27,36.44326,19.955238,79.361496,70.66722,31.624939,9.333277,المجاورة 27,29.81886855417409,31.38267767474749,1.82
Neighborhood 28,36.44326,19.955238,79.361496,70.66722,31.624939,9.333277,المجاورة 28,29.814648816961217,31.37715163752369,2.84
Neighborhood 29,36.44326,19.955238,79.361496,70.66722,31.624939,9.333277,المجاورة 29,29.81112505947151,31.37993785352821,2.82
Neighborhood 2A,27.691023,16.973969,80.20046,65.02466,24.886189,6.0874953,المجاورة 2أ,30.15852793647592,31.62145887307265,1.62
Neighborhood 2B,27.691023,16.973969,80.20046,65.02466,24.886189,6.0874953,المجاورة 2ب,30.15347047175313,31.621808589941818,3.02
Neighborhood 2C,27.691023,16.973969,80.20046,65.02466,24.886189,6.0874953,المجاورة 2ج,30.15230101937222,31.61525281769906,2.67
Neighborhood 2F,27.691023,16.973969,80.20046,65.02466,24.886189,6.0874953,المجاورة 2و,30.15832245188728,31.61514528553129,1.64
Neighborhood 2K,27.691023,16.973969,80.20046,65.02466,24.886189,6.0874953,المجاورة 2ك,30.15031763930356,31.61054541893101,2.78
Neighborhood 3,36.44326,19.955238,79.361496,70.66722,31.624939,9.333277,المجاورة 3,29.85466941100341,31.373500975151977,2.74
Neighborhood 30,36.44326,19.955238,79.361496,70.66722,31.624939,9.333277,المجاورة 30,29.812158442924662,31.37384195855442,2.08
Neighborhood 31,36.44326,19.955238,79.361496,70.66722,31.624939,9.333277,المجاورة 31,29.81536966522252,31.369774610559453,1.79
Neighborhood 32,36.44326,19.955238,79.361496,70.66722,31.624939,9.333277,المجاورة 32,29.816764905522728,31.36487095406197,2.15
Neighborhood 34,36.44326,19.955238,79.361496,70.66722,31.624939,9.333277,المجاورة 34,29.81786836543544,31.374097605143483,2.06
Neighborhood 35,36.44326,19.955238,79.361496,70.66722,31.624939,9.333277,المجاورة 35,29.820236215176863,31.373429211783044,3.02
Neighborhood 36,36.44326,19.955238,79.361496,70.66722,31.624939,9.333277,المجاورة 36,29.822407958565847,31.371318215277896,4.08
Neighborhood 4,27.691023,16.973969,80.20046,65.02466,24.886189,6.0874953,المجاورة 4,30.121918251881887,31.736450329191907,0.05
Neighborhood 5,36.44326,19.955238,79.361496,70.66722,31.624939,9.333277,المجاورة 5,29.85016121910936,31.3795763991122,2.65
Neighborhood 6,27.691023,16.973969,80.20046,65.02466,24.886189,6.0874953,المجاورة 6,30.119190001521787,31.72537531153428,1.11
Neighborhood 7,27.691023,16.973969,80.20046,65.02466,24.886189,6.0874953,المجاورة 7,30.11420498626888,31.724286726506627,0.73
Neighborhood 8,36.44326,19.955238,79.361496,70.66722,31.624939,9.333277,المجاورة 8,29.85860364583354,31.366164162988625,1.56
Neighborhood 9,36.44326,19.955238,79.361496,70.66722,31.624939,9.333277,المجاورة 9,29.82203004749213,31.35623305986368,4.59
Neighborhood A,27.691023,16.973969,80.20046,65.02466,24.886189,6.0874953,المجاورة أ,30.116482743434485,31.71147274381971,1.39
Neighborhood B,27.691023,16.973969,80.20046,65.02466,24.886189,6.0874953,المجاورة ب,30.115692072249765,31.7184571181444,1.32
Neighborhood K,27.691023,16.973969,80.20046,65.02466,24.886189,6.0874953,المجاورة ك,30.12165399252869,31.71968635787807,1.99
Neighborhood L,27.691023,16.973969,80.20046,65.02466,24.886189,6.0874953,المجاورة ل,30.123433450074824,31.714733340904928,2.48
Neo Gardens Compound,27.691023,16.973969,80.20046,65.02466,24.886189,6.0874953,كمبوند نيو جاردنز,30.061499563405057,31.62733617552311,0.03
Neo Lakes Compound,27.691023,16.973969,80.20046,65.02466,24.886189,6.0874953,كمبوند نيو لايكز,30.064740987427943,31.623981442076328,0.4
Neo Parks Compound,27.691023,16.973969,80.20046,65.02466,24.886189,6.0874953,كمبوند نيو باركز,30.06988978893509,31.630504581323173,2.11
Nest Cairo Compound,27.691023,16.973969,80.20046,65.02466,24.886189,6.0874953,كمبوند نيست كايرو,29.99464934168866,31.50707022831672,2.99
New Al Dweika Housing,36.44326,19.955238,79.361496,70.66722,31.624939,9.333277,مساكن الدويقه الجديده,30.040301175413617,31.2969643856168,0.54
New Al Kobba Housing,36.44326,19.955238,79.361496,70.66722,31.624939,9.333277,مساكن القبة الجديدة,30.09444085939577,31.28702450454023,3.38
New Al Nozha,36.44326,19.955238,79.361496,70.66722,31.624939,9.333277,النزهه الجديدة,30.125405240158088,31.37111673086892,0.55
New Cairo Housing,36.44326,19.955238,79.361496,70.66722,31.624939,9.333277,مساكن القاهرة الجديدة,30.0964378476222,31.264051034009736,0.12
New EL Narges,27.691023,16.973969,80.20046,65.02466,24.886189,6.0874953,النرجس الجديدة,29.99456808197122,31.45788039387116,0.26
New Merryland Compound,27.691023,16.973969,80.20046,65.02466,24.886189,6.0874953,كمبوند نيو ميريلاند,30.01296359470033,31.48782808097528,2.71
New Morsy Khalil,36.44326,19.955238,79.361496,70.66722,31.624939,9.333277,مرسى خليل الجديده,30.10978321989912,31.295654746719222,0.24
New Nasr Buildings,36.44326,19.955238,79.361496,70.66722,31.624939,9.333277,عمارات النصر الجديده,30.00774301924576,31.31428664036257,3.3
New Police Buildings,36.44326,19.955238,79.361496,70.66722,31.624939,9.333277,عمارات الشرطة الجديدة,30.03563627995721,31.34127318430225,0.36
New Suzan Mubarak Housing,36.44326,19.955238,79.361496,70.66722,31.624939,9.333277,مساكن سوزان مبارك الجديده,30.025460867045155,31.24425829047351,0.13
Next Point Compound,36.44326,19.955238,79.361496,70.66722,31.624939,9.333277,كمبوند نكست بوينت,29.990360057897306,31.32509112360443,0.65
Ngom Al Safarat,36.44326,19.955238,79.361496,70.66722,31.624939,9.333277,نجوم السفارات,30.03569828778727,31.34422929664344,0.23
Nile Housing,36.44326,19.955238,79.361496,70.66722,31.624939,9.333277,مساكن النيل,29.97625104355864,31.397938106408567,4.97
Nile and Bridges Housing,36.44326,19.955238,79.361496,70.66722,31.624939,9.333277,مساكن النيل و الكبارى,30.01352863928763,31.33536187096259,0.59
Ninety Avenue Compound,27.691023,16.973969,80.20046,65.02466,24.886189,6.0874953,كمبوند ناينتي أفينيو,30.023213452922057,31.492946160823656,3.55
Ninth Area,36.44326,19.955238,79.361496,70.66722,31.624939,9.333277,المنطقة التاسعة,30.052373838007664,31.36359677600267,0.89
North Beit Al Watan,27.691023,16.973969,80.20046,65.02466,24.886189,6.0874953,شمال بيت الوطن,30.08431805194984,31.55320728907557,0.04
North Distinctive District East,27.691023,16.973969,80.20046,65.02466,24.886189,6.0874953,شمال الحى المتميز شرق,30.12489985588269,31.7404103867306,0.06
North Distinctive District West,27.691023,16.973969,80.20046,65.02466,24.886189,6.0874953,شمال الحى المتميز غرب,30.12822323592374,31.73049360007151,0.36
North East,27.691023,16.973969,80.20046,65.02466,24.886189,6.0874953,شمال شرق,30.13330605721232,31.61733474786729,4.35
North Masaken El Amireya,36.44326,19.955238,79.361496,70.66722,31.624939,9.333277,مساكن الاميريه الشماليه,30.10986621309217,31.29105152567596,0.27
North West,27.691023,16.973969,80.20046,65.02466,24.886189,6.0874953,شمال غرب,30.132820509188537,31.61226930406362,6.93
Northern Area,27.691023,16.973969,80.20046,65.02466,24.886189,6.0874953,المنطقة الشمالية,30.174808119572283,31.694903649431176,1.03
Northern District 7,27.691023,16.973969,80.20046,65.02466,24.886189,6.0874953,شمال الحى 7,30.167311807179896,31.748176653598364,0.64
Northern Lotus,27.691023,16.973969,80.20046,65.02466,24.886189,6.0874953,Northern Lotus,30.03568522752993,31.52126904414214,1.83
Nyoum,27.691023,16.973969,80.20046,65.02466,24.886189,6.0874953,كمبوند نيوم,30.067571297920075,31.681134545328383,0.07
Officer's Housing,36.44326,19.955238,79.361496,70.66722,31.624939,9.333277,مساكن الظباط,29.89645996400261,31.30957521021492,0.23
Old Cairo,36.44326,19.955238,79.361496,70.66722,31.624939,9.333277,القاهرة القديمة,30.0174001,31.2331964,2.04
Old Distinctive,27.691023,16.973969,80.20046,65.02466,24.886189,6.0874953,المتميز القديم,30.13846278052688,31.715046641095217,0.95
Old Nasr Buildings,36.44326,19.955238,79.361496,70.66722,31.624939,9.333277,عمارات النصر القديمه,30.008328559386705,31.31715089710248,3.89
Old Zawia Housing,36.44326,19.955238,79.361496,70.66722,31.624939,9.333277,مساكن الزاويه القديمة,30.093403001946456,31.271008070039752,0.08
Omar El Khayam,36.44326,19.955238,79.361496,70.66722,31.624939,9.333277,عمر الخيام,30.047547194197406,31.224920817609377,12.19
One Kattameya,36.44326,19.955238,79.361496,70.66722,31.624939,9.333277,وان قطامية,29.98018004258496,31.356296291384925,0.38
One Piece Compound,27.691023,16.973969,80.20046,65.02466,24.886189,6.0874953,كمبوند وان بيس,30.036839362701446,31.51241089327188,3.69
Orabi Al Tawfikeya,36.44326,19.955238,79.361496,70.66722,31.624939,9.333277,عرابى التوفقية,30.054709091362547,31.242516999938907,0.26
Orcedia Resort Compound,27.691023,16.973969,80.20046,65.02466,24.886189,6.0874953,كمبوند اوركيديا ريزورت,30.00922329097308,31.482207292439256,1.78
Orchid District,27.691023,16.973969,80.20046,65.02466,24.886189,6.0874953,حى الاوركيد,30.160287328934235,31.645569565943607,3.38
Orion,27.691023,16.973969,80.20046,65.02466,24.886189,6.0874953,اوريون,30.197759222517945,31.66950403651739,5.2
Othman Ahmed Othman Buildings,36.44326,19.955238,79.361496,70.66722,31.624939,9.333277,عمارات عثمان احمد عثمان,30.052784015002395,31.33449114003468,5.48
Othman Housing Fund Project,27.691023,16.973969,80.20046,65.02466,24.886189,6.0874953,مشروع صندوق إسكان عثمان,30.147167445514214,31.704622621566685,0.21
PALMA Compound,27.691023,16.973969,80.20046,65.02466,24.886189,6.0874953,PALMA COMPOUND,30.03024794411189,31.48281857461393,2.72
Palm City,36.44326,19.955238,79.361496,70.66722,31.624939,9.333277,بالم سيتي,29.98168047806885,31.352383058233546,0.35
Palm Hills,27.691023,16.973969,80.20046,65.02466,24.886189,6.0874953,بالم هيلز,30.019809701944283,31.493004354643272,3.39
Palm Hills Katameya Compound,27.691023,16.973969,80.20046,65.02466,24.886189,6.0874953,كمبوند بالم هيلز قطامية,30.032738291389776,31.538395646353333,6.36
Palm Hills New Cairo Compound,27.691023,16.973969,80.20046,65.02466,24.886189,6.0874953,Palm Hills New Cairo Compound,30.060265405848693,31.59739813298712,0.73
Palm Zahra'a,36.44326,19.955238,79.361496,70.66722,31.624939,9.333277,بالم زهراء,29.967680492304183,31.32559016721212,0.99
Panorama Al Shorouk Compound,27.691023,16.973969,80.20046,65.02466,24.886189,6.0874953,كمبوند بانوراما الشروق,30.13668959636104,31.611728135951683,6.61
Paradise Al Shorouk,27.691023,16.973969,80.20046,65.02466,24.886189,6.0874953,باراديس الشروق,30.15607064772872,31.65688327629545,1.86
Paradise Compound,27.691023,16.973969,80.20046,65.02466,24.886189,6.0874953,كمبوند باراديس,30.035666961102027,31.50012981311209,4.96
Parcel 8547,36.44326,19.955238,79.361496,70.66722,31.624939,9.333277,Parcel 8547,30.003103500000005,31.318658,4.55
Park View Compound,27.691023,16.973969,80.20046,65.02466,24.886189,6.0874953,كمبوند بارك فيو,30.047305721291725,31.489308623513228,2.63
Petroleum Buildings,36.44326,19.955238,79.361496,70.66722,31.624939,9.333277,عمارات البترول,30.046256128750787,31.37344993644924,0.25
Pharaohs Association Housing Compound,27.691023,16.973969,80.20046,65.02466,24.886189,6.0874953,كمبوند جمعية الفراعنة للإسكان,29.964736955942406,31.52830212543133,0.65
Phase 1,27.691023,16.973969,80.20046,65.02466,24.886189,6.0874953,المرحلة 1,29.972381603195803,31.50769095009177,0.57
Phase 2,27.691023,16.973969,80.20046,65.02466,24.886189,6.0874953,المرحلة 2,29.97084157535961,31.505845809027097,0.36
Phase 5,36.44326,19.955238,79.361496,70.66722,31.624939,9.333277,المرحلة الخامسة,30.032212130372407,31.29744948340256,2.54
Phase 7,36.44326,19.955238,79.361496,70.66722,31.624939,9.333277,المرحلة 7,30.036865274185143,31.39777497140189,2.01
Police Buildings,36.44326,19.955238,79.361496,70.66722,31.624939,9.333277,عمارات الشرطة,30.037274271078896,31.33670186685937,0.47
Porto Cairo Resort,27.691023,16.973969,80.20046,65.02466,24.886189,6.0874953,منتجع بورتو كايرو,30.05408690445941,31.41898946709553,3.04
Porto Heliopolis,36.44326,19.955238,79.361496,70.66722,31.624939,9.333277,بورتو هليوبوليس,30.08263263805315,31.348746770459503,1.51
Presidential Artillery Buildings,36.44326,19.955238,79.361496,70.66722,31.624939,9.333277,مباني المدفعية الرئاسية,30.073757959225816,31.3425178323329,1.1
Presidential Housing,36.44326,19.955238,79.361496,70.66722,31.624939,9.333277,مساكن رئاسة الجمهوريه,30.100241251888,31.29746513382448,8.21
Privado Compound,27.691023,16.973969,80.20046,65.02466,24.886189,6.0874953,Privado Compound,30.09191045039316,31.667636561780025,0.85
Promenade New Cairo Compound,27.691023,16.973969,80.20046,65.02466,24.886189,6.0874953,لؤلؤة القاهرة الجديدة,29.984253472615176,31.53014333856036,0.2
Qaitbay,36.44326,19.955238,79.361496,70.66722,31.624939,9.333277,قايتباى,30.04522700906228,31.27460410087241,2.97
Qasr Al Doubara,36.44326,19.955238,79.361496,70.66722,31.624939,9.333277,قصر الدوباره,30.041739499102547,31.233335688021537,4.35
Qasr El Shok,36.44326,19.955238,79.361496,70.66722,31.624939,9.333277,قصر الشوق,30.04975015314584,31.264437367252068,3.21
Qusorat Al Shawam,36.44326,19.955238,79.361496,70.66722,31.624939,9.333277,قصوره الشوام,30.067132398518726,31.24130623868413,0.22
Rabaa Al Adawiya Investment Buildings,36.44326,19.955238,79.361496,70.66722,31.624939,9.333277,عمارات رابعة العدويه الاستثمارية,30.07206601983262,31.3372729904818,0.97
Rabaa El Adaweyya,36.44326,19.955238,79.361496,70.66722,31.624939,9.333277,رابعة العدوية,30.068686172886284,31.322166028313497,5.42
Rabwet Badr,27.691023,16.973969,80.20046,65.02466,24.886189,6.0874953,ربوة بدر,30.14227349126005,31.69644388843339,0.53
Rahbet Aabdin,36.44326,19.955238,79.361496,70.66722,31.624939,9.333277,رحبه عابدين,30.04217046577876,31.250010298774352,0.41
Ramblas Compound,27.691023,16.973969,80.20046,65.02466,24.886189,6.0874953,كمبوند رامبلاس,30.03948325911824,31.47674126487984,4.2
Ramo Buildings,36.44326,19.955238,79.361496,70.66722,31.624939,9.333277,عمارات رامو,30.070940176590245,31.34983887102047,2.67
Rayhan Villas Compound,27.691023,16.973969,80.20046,65.02466,24.886189,6.0874953,كمبوند فيلات الريحان,30.045323820185647,31.509777649615103,4.53
Ready Housing,36.44326,19.955238,79.361496,70.66722,31.624939,9.333277,المساكن الجاهزة,30.01030176831391,31.338407778653583,0.53
"Rebuild Zenhom Area Project, Phase 1",36.44326,19.955238,79.361496,70.66722,31.624939,9.333277,"مشروع اعادة بناء منطقة زينهم, المرحله 1",30.02208132294386,31.24778168911976,0.5
"Rebuild Zenhom Area Project, Phase 2",36.44326,19.955238,79.361496,70.66722,31.624939,9.333277,"مشروع اعادة بناء منطقة زينهم, المرحله 2",30.02513109321972,31.24947394852649,0.09
Red Sea Housing,36.44326,19.955238,79.361496,70.66722,31.624939,9.333277,مساكن البحر الأحمر,30.002055057925432,31.32805217516377,4.11
Regent's Park Compound,27.691023,16.973969,80.20046,65.02466,24.886189,6.0874953,كمبوند ريجنتس بارك,30.00023514455292,31.50945425865444,13.96
Remas Compound,27.691023,16.973969,80.20046,65.02466,24.886189,6.0874953,كمبوند ريماس,30.035779665328374,31.483010254829363,3.09
Republican Guard Buildings,36.44326,19.955238,79.361496,70.66722,31.624939,9.333277,عمارات الحرس الجمهورى,30.06974189743292,31.33551600331554,1.04
Rimas District,27.691023,16.973969,80.20046,65.02466,24.886189,6.0874953,حى ريماس,30.15820755847332,31.600395229959982,3.24
Ritaje Compound,27.691023,16.973969,80.20046,65.02466,24.886189,6.0874953,كمبوند ريتاج,30.019758759568244,31.48390484416674,2.2
River Walk Compound,27.691023,16.973969,80.20046,65.02466,24.886189,6.0874953,كومبوند ريفر واك,30.03756911413172,31.47768913567777,3.97
Riviera Heights Compound,27.691023,16.973969,80.20046,65.02466,24.886189,6.0874953,كومباوند ريفييرا هايتس,30.00314267796169,31.49843949792225,2.82
Riviera Hills Compound,27.691023,16.973969,80.20046,65.02466,24.886189,6.0874953,كمبوند ريفيرا هيلز,30.002957163721785,31.4962038242032,2.03
Rock Vera Compound,27.691023,16.973969,80.20046,65.02466,24.886189,6.0874953,كمبوند روك فيرا,29.969674485569275,31.514073019765544,0.45
Rod El Farag El Balad,36.44326,19.955238,79.361496,70.66722,31.624939,9.333277,روض الفرج البلد,30.07895757825569,31.2312928102814,0.51
Rod El-Farag,36.44326,19.955238,79.361496,70.66722,31.624939,9.333277,روض الفرج,30.0732299,31.2363328,0.13
Rollan Housing,36.44326,19.955238,79.361496,70.66722,31.624939,9.333277,مساكن رولان,30.00758938333172,31.33529103507541,0.66
Royal Maxim Compound,27.691023,16.973969,80.20046,65.02466,24.886189,6.0874953,كمبوند رويال مكسيم,30.06182295666464,31.42035907326982,2.08
SODIC Eastown Compound,27.691023,16.973969,80.20046,65.02466,24.886189,6.0874953,كمبوند سوديك ايستاون,30.01231565206742,31.51507340068825,5.32
Sa'ada Compound,27.691023,16.973969,80.20046,65.02466,24.886189,6.0874953,Sa'ada Compound,30.08953264220016,31.49214906751453,0.65
Safey El Din,36.44326,19.955238,79.361496,70.66722,31.624939,9.333277,صفى الدين,30.05475491108968,31.25135073376147,0.23
Sakan Compound,27.691023,16.973969,80.20046,65.02466,24.886189,6.0874953,كمبوند سكن,29.988495628791338,31.512018430390064,2.44
Sakr Quraish Buildings,36.44326,19.955238,79.361496,70.66722,31.624939,9.333277,عمارات صقر قريش,29.98483795643713,31.29032227637164,0.76
Sakr Quraish Housing,36.44326,19.955238,79.361496,70.66722,31.624939,9.333277,مساكن صقر قريش,30.042605409001872,31.37297595158715,0.17
Sama El Qahera,36.44326,19.955238,79.361496,70.66722,31.624939,9.333277,سما القاهرة,29.984512868603684,31.34289901508809,0.23
Sanan Basha,36.44326,19.955238,79.361496,70.66722,31.624939,9.333277,سنان باشا,30.06248302855509,31.231419202337047,0.99
Saudi Buildings,36.44326,19.955238,79.361496,70.66722,31.624939,9.333277,عمارات السعودية,30.075742174922468,31.34043825107476,1.35
Saudi Company Housing Sector 7,36.44326,19.955238,79.361496,70.66722,31.624939,9.333277,مساكن الشركه السعوديه القطاع 7,29.985055873640803,31.278487533871527,0.84
Seasons Compound,27.691023,16.973969,80.20046,65.02466,24.886189,6.0874953,كمبوند سيزون,30.050475673769743,31.49969585049777,4.93
Second,36.44326,19.955238,79.361496,70.66722,31.624939,9.333277,ثانية,30.012286510992173,31.21424114316025,3.89
Second District,27.691023,16.973969,80.20046,65.02466,24.886189,6.0874953,الحي الثاني,30.062955904603736,31.5512640418463,0.15
Second Sector,27.691023,16.973969,80.20046,65.02466,24.886189,6.0874953,القطاع الثانى,30.027731443133263,31.46401431989628,2.18
Sector A1`,24.703178,15.82079,74.21322,62.85449,22.400135,5.074077,قطاع أ1 مكرر,30.267225693314305,31.769916950899656,0.35
Sector A2,24.703178,15.82079,74.21322,62.85449,22.400135,5.074077,قطاع أ2,30.28052588081995,31.78939211627425,0.27
Sector A3,23.827276,14.546006,71.896866,60.462803,21.673515,4.0498896,قطاع أ3,30.291848732967225,31.807849929996618,0.29
Sector A3`,23.827276,14.546006,71.896866,60.462803,21.673515,4.0498896,قطاع أ3 مكرر,30.30265865850525,31.82351698594088,0.18
Sector A4,23.827276,14.546006,71.896866,60.462803,21.673515,4.0498896,قطاع أ4,30.29237243878486,31.831299819660188,0.45
Sector A4`,23.827276,14.546006,71.896866,60.462803,21.673515,4.0498896,قطاع أ4 مكرر,30.28299793948797,31.81927890514545,0.71
Sector A5,23.827276,14.546006,71.896866,60.462803,21.673515,4.0498896,قطاع أ5,30.271785965409432,31.802429761241424,0.53
Sector A5`,24.703178,15.82079,74.21322,62.85449,22.400135,5.074077,قطاع أ5 مكرر,30.26143176650996,31.78093466393376,0.11
Sector A6,24.703178,15.82079,74.21322,62.85449,22.400135,5.074077,قطاع أ6,30.240293286055053,31.75893752125884,0.46
Sephora Heights Compound,27.691023,16.973969,80.20046,65.02466,24.886189,6.0874953,كمبوند سيفورة هايتس,29.992364452679336,31.504838942617365,0.64
"Serial 5, 6",27.691023,16.973969,80.20046,65.02466,24.886189,6.0874953,"مسلسل 5, 6",30.05043675819388,31.5984312232396,0.38
Services Area,27.691023,16.973969,80.20046,65.02466,24.886189,6.0874953,منطقة الخدمات,30.00554951844993,31.42587327433089,1.28
Seventh Area,36.44326,19.955238,79.361496,70.66722,31.624939,9.333277,المنطقة السابعة,30.040993567011817,31.33531940138141,3.23
Seventh District,27.691023,16.973969,80.20046,65.02466,24.886189,6.0874953,الحى السابع,30.04092015190606,31.58952929999801,0.08
Shabab Al Mohandeseen Buildings,36.44326,19.955238,79.361496,70.66722,31.624939,9.333277,عمارات شباب المهندسين,30.07027879286528,31.342796155552385,1.2
Shagaret Maryam,36.44326,19.955238,79.361496,70.66722,31.624939,9.333277,شجره مريم,30.12359853449161,31.311560603785367,0.05
Shagaret Maryam Housing,36.44326,19.955238,79.361496,70.66722,31.624939,9.333277,مساكن شجرة مريم,30.12057072609585,31.309275371391024,0.09
Sharkas,36.44326,19.955238,79.361496,70.66722,31.624939,9.333277,شركس,30.051415069055725,31.233840909140905,3.58
Sheraton,36.44326,19.955238,79.361496,70.66722,31.624939,9.333277,شيراتون,30.10237780117972,31.37648111385904,0.71
Sheraton Al Matar,27.691023,16.973969,80.20046,65.02466,24.886189,6.0874953,شيراتون المطار,30.108390066122485,31.407446830504387,0.0
Sherif,36.44326,19.955238,79.361496,70.66722,31.624939,9.333277,شريف,30.092083298165303,31.247922625721067,0.98
Shobra Housing,36.44326,19.955238,79.361496,70.66722,31.624939,9.333277,مساكن شبرا,30.089630732739984,31.25525214446239,0.08
Sidi Madin,36.44326,19.955238,79.361496,70.66722,31.624939,9.333277,سيدى مدين,30.056684858344937,31.25547898219812,0.22
Silver Palm Compound,27.691023,16.973969,80.20046,65.02466,24.886189,6.0874953,كمبوند سيلفر بالم,30.048650598440027,31.477120914809703,5.3
Sixth Area,36.44326,19.955238,79.361496,70.66722,31.624939,9.333277,المنطقة السادسة,30.062277379339697,31.34746397848628,2.37
Sixth District,27.691023,16.973969,80.20046,65.02466,24.886189,6.0874953,الحى السادس,30.03316086572632,31.56470716985379,0.04
Small Investor Project,27.691023,16.973969,80.20046,65.02466,24.886189,6.0874953,مشروع المستثمر الصغير,30.1519542275587,31.62260330677254,3.08
Small Investors,27.691023,16.973969,80.20046,65.02466,24.886189,6.0874953,المستثمر الصغير,29.9939577317786,31.52329624501386,7.57
Smart Life Compound,27.691023,16.973969,80.20046,65.02466,24.886189,6.0874953,كمبوند سمارت لايف,30.0112187011382,31.488122468643148,2.54
Sobhy Hussein,36.44326,19.955238,79.361496,70.66722,31.624939,9.333277,صبحى حسين,30.00127613441205,31.332736742670185,1.51
Society of Chemical Engineers Compound,27.691023,16.973969,80.20046,65.02466,24.886189,6.0874953,كمبوند جمعية المهندسين الكيميائيين,29.96314680046443,31.53581157037263,0.43
Solana East,27.691023,16.973969,80.20046,65.02466,24.886189,6.0874953,سولانا الشرق,29.977825162537417,31.537622699229946,2.03
Sonkor,36.44326,19.955238,79.361496,70.66722,31.624939,9.333277,سنقر,30.037920819632493,31.24843580182573,0.46
Souk El A'sr,36.44326,19.955238,79.361496,70.66722,31.624939,9.333277,سوق العصر,30.06486931183824,31.22885178856273,1.93
Souk El Selah,36.44326,19.955238,79.361496,70.66722,31.624939,9.333277,سوق السلاح,30.036405661461067,31.258188764926544,5.05
South East,27.691023,16.973969,80.20046,65.02466,24.886189,6.0874953,جنوب شرق,30.12596174102973,31.618684440720408,2.9
South El Amireya,36.44326,19.955238,79.361496,70.66722,31.624939,9.333277,الاميريه الجنوبيه,30.101983398095744,31.28392177391059,0.23
South Masaken El Amireya,36.44326,19.955238,79.361496,70.66722,31.624939,9.333277,مساكن الاميريه الجنوبيه,30.09614835496433,31.28449067332729,0.33
South Suez Area,27.691023,16.973969,80.20046,65.02466,24.886189,6.0874953,منطقة جنوب السويس,30.074188551797366,31.54409504052992,0.52
South West,27.691023,16.973969,80.20046,65.02466,24.886189,6.0874953,جنوب غرب,30.12685689003971,31.613948614271767,4.87
Southern Academy Area B,27.691023,16.973969,80.20046,65.02466,24.886189,6.0874953,جنوب الأكاديمية منطقة ب,30.0343869576612,31.42578271034652,4.34
Southern Academy Area C,27.691023,16.973969,80.20046,65.02466,24.886189,6.0874953,جنوب الأكاديمية منطقة ج,30.02507447572692,31.428091609043225,3.12
Southern Academy Area D,27.691023,16.973969,80.20046,65.02466,24.886189,6.0874953,جنوب الأكاديمية منطقة د,30.035315263645828,31.435258001513706,4.61
Southern Academy Area E,27.691023,16.973969,80.20046,65.02466,24.886189,6.0874953,جنوب الأكاديمية منطقة هـ,30.03003918791464,31.434893729524667,6.24
Southern Academy Area F,27.691023,16.973969,80.20046,65.02466,24.886189,6.0874953,جنوب الأكاديمية منطقة و,30.02438432565462,31.43449706388704,8.36
Southern Academy Area G,27.691023,16.973969,80.20046,65.02466,24.886189,6.0874953,جنوب الأكاديمية منطقة ز,30.027144097811483,31.43927751525554,9.91
Southern Lotus,27.691023,16.973969,80.20046,65.02466,24.886189,6.0874953,Southern Lotus,30.018045588735927,31.52098559113127,1.72
Spring Valley Compound,27.691023,16.973969,80.20046,65.02466,24.886189,6.0874953,كمبوند وادى الربيع,30.139954177145736,31.620479896184808,3.69
Stei8ht Compund,27.691023,16.973969,80.20046,65.02466,24.886189,6.0874953,Stei8ht Compund,30.080966635849126,31.487047733374872,2.59
Stella Compound,27.691023,16.973969,80.20046,65.02466,24.886189,6.0874953,كمبوند ستيلا,30.046630759704986,31.477373622522503,4.99
Stone Park,36.44326,19.955238,79.361496,70.66722,31.624939,9.333277,Stone Park,29.9896933,31.378953800000005,4.33
Stone Park Village,36.44326,19.955238,79.361496,70.66722,31.624939,9.333277,قرية ستون بارك,29.9845678566378,31.381268773222303,4.62
Stone Residence,36.44326,19.955238,79.361496,70.66722,31.624939,9.333277,ستون ريزيدنس,29.979178514156867,31.386134663766203,4.26
Sun City Gardens Compound,27.691023,16.973969,80.20046,65.02466,24.886189,6.0874953,كمبوند صن سيتي جاردنز,30.03442779130518,31.50243077668708,4.85
Sun Set Compound,27.691023,16.973969,80.20046,65.02466,24.886189,6.0874953,كمبوند صن سيت,30.03952771160125,31.491350421040902,3.12
Sunrise Compound,27.691023,16.973969,80.20046,65.02466,24.886189,6.0874953,كمبوند صن رايز,30.014961470657987,31.48010852523425,2.35
Supply And Provision Buildings,36.44326,19.955238,79.361496,70.66722,31.624939,9.333277,عمارات الامداد و التموين,30.070594273627133,31.34534835540027,1.79
Suzan Mubarak Housing,36.44326,19.955238,79.361496,70.66722,31.624939,9.333277,مساكن سوزان مبارك,30.03688093630754,31.30024896205147,0.81
Swan Lake Katameya Compound,27.691023,16.973969,80.20046,65.02466,24.886189,6.0874953,كمبوند سون لايك قطامية,30.058724678910693,31.439436052938944,3.4
Swan Lake Residences,27.691023,16.973969,80.20046,65.02466,24.886189,6.0874953,Swan Lake Residences,30.075816290149085,31.464344937733003,0.95
Syndicates Buildings,36.44326,19.955238,79.361496,70.66722,31.624939,9.333277,عمارات النقابات,30.060235736087545,31.380788078432897,0.7
Syndicates Housing,36.44326,19.955238,79.361496,70.66722,31.624939,9.333277,اسكان النقابات,29.97857512354772,31.39625456399779,5.24
Tabarak City,36.44326,19.955238,79.361496,70.66722,31.624939,9.333277,مدينة تبارك,29.980377732814603,31.336126590241744,0.36
Tag Al Dewal,36.44326,19.955238,79.361496,70.66722,31.624939,9.333277,تاج الدول,30.074183977309133,31.220320100966884,2.32
Taht Al Rabaa,36.44326,19.955238,79.361496,70.66722,31.624939,9.333277,تحت الربع,30.044022131364645,31.25458607066896,1.47
Taksim Al Laslky,36.44326,19.955238,79.361496,70.66722,31.624939,9.333277,تقسيم اللاسلكي,29.9704054784906,31.28471275460537,1.61
Taksim Al Reqaba Al Idariah,36.44326,19.955238,79.361496,70.66722,31.624939,9.333277,تقسيم الرقابه الاداريه,29.989848308254725,31.278293236904734,0.18
Tamr Henna Compound,27.691023,16.973969,80.20046,65.02466,24.886189,6.0874953,كمبوند تمر حنة,30.04461277735508,31.533731320799607,1.7
Tamr Henna extension,27.691023,16.973969,80.20046,65.02466,24.886189,6.0874953,امتداد تمر حنة,30.039714243966067,31.539188555553032,3.51
Taqsim Al Awqaf Housing,36.44326,19.955238,79.361496,70.66722,31.624939,9.333277,مساكن تقسيم الاوقاف,30.10193808310189,31.300222601165093,6.09
Telal East Compound,27.691023,16.973969,80.20046,65.02466,24.886189,6.0874953,Telal East Compound,30.07743928155688,31.594127563718256,0.04
Ten Area,36.44326,19.955238,79.361496,70.66722,31.624939,9.333277,المنطقة العاشرة,30.052423698410863,31.375064328647944,0.37
Terrace,27.691023,16.973969,80.20046,65.02466,24.886189,6.0874953,تريس,30.197020853380018,31.66691214186788,4.82
The 100 Acres Area,27.691023,16.973969,80.20046,65.02466,24.886189,6.0874953,منطقة 100 فدان,30.14812465627397,31.765436461860688,3.83
The 100 Acres Residential Area,27.691023,16.973969,80.20046,65.02466,24.886189,6.0874953,منطقة 100 فدان السكنية,30.14725331891202,31.76643341011648,3.68
The Cresent,27.691023,16.973969,80.20046,65.02466,24.886189,6.0874953,The Cresent,29.960991660013622,31.542286111124703,0.2
The Entertainment Area,27.691023,16.973969,80.20046,65.02466,24.886189,6.0874953,المنطقة الترفيهية,30.143102974225588,31.71052722380243,0.42
The Garden Compound,27.691023,16.973969,80.20046,65.02466,24.886189,6.0874953,كمبوند البستان,30.04385887138957,31.48717528562986,2.2
The National Company For Housing Buildings,36.44326,19.955238,79.361496,70.66722,31.624939,9.333277,عمارات الشركة الوطنية للاسكان,30.03691998800767,31.345625227235264,0.29
The Octagon,27.691023,16.973969,80.20046,65.02466,24.886189,6.0874953,مركز قيادة الدولة الإستراتيجي (مصر),29.952509555927765,31.632774511256144,0.09
The Residential Area Of The 250 Acres,27.691023,16.973969,80.20046,65.02466,24.886189,6.0874953,منطقة ال 250 فدان السكنية,30.13369213201252,31.74900879341768,0.17
The Seven Buildings District,100.73496,22.805325,88.276215,76.092606,72.74783,5.4515224,حى السبع عمارات,29.78828541586936,31.31135542768132,1.83
The Spine - Madinaty,27.691023,16.973969,80.20046,65.02466,24.886189,6.0874953,The Spine - Madinaty,30.100496674969406,31.6632551868004,1.25
The Square Compound,27.691023,16.973969,80.20046,65.02466,24.886189,6.0874953,كمبوند ذا سكوير,29.99828827072614,31.551819404423128,1.9
The Views Compund,27.691023,16.973969,80.20046,65.02466,24.886189,6.0874953,The Views Compund,30.020323618806543,31.51379474654001,1.3
The Villa Compound,27.691023,16.973969,80.20046,65.02466,24.886189,6.0874953,كمبوند ذا ڤيلا,30.00907285791591,31.48544306048657,1.91
The Water MarQ,27.691023,16.973969,80.20046,65.02466,24.886189,6.0874953,The Water MarQ,30.00979693794696,31.50922536452833,6.77
The Water Way Compound,27.691023,16.973969,80.20046,65.02466,24.886189,6.0874953,كمبوند ذا واتر واى,30.041498684613213,31.476966819109578,4.37
Third District,27.691023,16.973969,80.20046,65.02466,24.886189,6.0874953,الحى الثالث,30.063658221235897,31.57734229063613,0.09
Third Sector,27.691023,16.973969,80.20046,65.02466,24.886189,6.0874953,القطاع الثالث,30.02709015209528,31.482859544129788,2.95
Third Settlement,27.691023,16.973969,80.20046,65.02466,24.886189,6.0874953,التجمع الثالث,29.981570211118505,31.42611181322712,1.56
Tiba Village,27.691023,16.973969,80.20046,65.02466,24.886189,6.0874953,قرية طيبة,30.01231817701533,31.49153168781664,2.43
Tolone,36.44326,19.955238,79.361496,70.66722,31.624939,9.333277,طولون,30.02772068998195,31.248963237619403,0.07
Toloumbat Ein Shams,36.44326,19.955238,79.361496,70.66722,31.624939,9.333277,طلمبات عين شمس,30.132770541943803,31.34765169456137,3.08
Top View Compound,27.691023,16.973969,80.20046,65.02466,24.886189,6.0874953,كمبوند توب ڤيو,30.047145900000004,31.505883999999995,5.73
Torah Al Asmant,36.44326,19.955238,79.361496,70.66722,31.624939,9.333277,طره الاسمنت,29.922895523241383,31.28698695667521,2.62
Torah Al Heit Kotsika,36.44326,19.955238,79.361496,70.66722,31.624939,9.333277,طرة الحيط كوتسيكا,29.93550080722504,31.28089102554981,1.57
Torah El Balad,36.44326,19.955238,79.361496,70.66722,31.624939,9.333277,طره البلد,29.94583302329985,31.269680319103024,4.76
Torah El Hagara,36.44326,19.955238,79.361496,70.66722,31.624939,9.333277,طره الحجاره,29.94289333841155,31.28228757232891,1.38
Tosoun,36.44326,19.955238,79.361496,70.66722,31.624939,9.333277,طوسون,30.075522110902625,31.2399389049586,0.07
Trio Gardens Compound,27.691023,16.973969,80.20046,65.02466,24.886189,6.0874953,Trio Gardens Compound,30.05636232967141,31.60450750022409,0.32
Tulip District,27.691023,16.973969,80.20046,65.02466,24.886189,6.0874953,حى توليب,30.127717142644286,31.650727672676386,3.41
Upper Egypt Area Earthquake Area Extension,27.691023,16.973969,80.20046,65.02466,24.886189,6.0874953,منطقة الصعيد امتداد منطقة الزلزل,30.15565781688019,31.41677436627052,0.52
Upper Egypt Housing,36.44326,19.955238,79.361496,70.66722,31.624939,9.333277,مساكن مصر العليا,30.008037375566825,31.330230434762523,2.36
Upper Egypt Housing A,27.691023,16.973969,80.20046,65.02466,24.886189,6.0874953,مساكن الصعيد أ,30.159336822277,31.425039546994032,1.34
Uptown Cairo,36.44326,19.955238,79.361496,70.66722,31.624939,9.333277,أبتاون كايرو,30.02382641942908,31.30332702787957,9.53
Victoria Housing,36.44326,19.955238,79.361496,70.66722,31.624939,9.333277,مساكن فيكتوريا,30.086673220378675,31.25499797789419,0.08
Village Avenue Compound,27.691023,16.973969,80.20046,65.02466,24.886189,6.0874953,كمبوند فيلدج افينيو,30.04966968431047,31.4771025947774,5.49
Village Gardens Katameya Compound,27.691023,16.973969,80.20046,65.02466,24.886189,6.0874953,كمبوند فيلج جاردنز قطامية,30.03845763218865,31.546742239265377,4.1
Village Gate Palm Hills Compound,27.691023,16.973969,80.20046,65.02466,24.886189,6.0874953,كمبوند فيلج جيت بالم هيلز,30.01097937328407,31.496564261381096,2.88
Villar Compound,27.691023,16.973969,80.20046,65.02466,24.886189,6.0874953,كمبوند فيلار,30.0306332250889,31.490121265466136,2.56
Villas 20,27.691023,16.973969,80.20046,65.02466,24.886189,6.0874953,فيلات 20,30.075946057204007,31.63700309668846,4.89
Villas Group 14,27.691023,16.973969,80.20046,65.02466,24.886189,6.0874953,VG14,30.0896659463509,31.63168897075572,19.77
Villas Group 15,27.691023,16.973969,80.20046,65.02466,24.886189,6.0874953,VG15,30.084172920621395,31.62943944351157,15.49
Villas Group 16,27.691023,16.973969,80.20046,65.02466,24.886189,6.0874953,VG16,30.09021479502745,31.634309023209475,16.87
Villas Group 17,27.691023,16.973969,80.20046,65.02466,24.886189,6.0874953,VG17,30.08656128961829,31.63361903987024,13.91
Villas Group 21,27.691023,16.973969,80.20046,65.02466,24.886189,6.0874953,VG21,30.07566982154708,31.633140356952413,4.49
Villas Spring Valley Compound,27.691023,16.973969,80.20046,65.02466,24.886189,6.0874953,فيلات كمبوند وادى الربيع,30.14056696430423,31.621918741499584,3.71
Villette Sodic Compound,27.691023,16.973969,80.20046,65.02466,24.886189,6.0874953,كمبوند فيلت سوديك,30.02074498890764,31.54706895696281,4.41
Villino Compound,27.691023,16.973969,80.20046,65.02466,24.886189,6.0874953,كمبوند فيلينو,30.05152830580743,31.4887068522926,3.89
Vivens Compound,27.691023,16.973969,80.20046,65.02466,24.886189,6.0874953,كمبوند فيفنز,30.133425573325027,31.62795342552841,3.11
Wadi Almisk Compound,27.691023,16.973969,80.20046,65.02466,24.886189,6.0874953,كمبوند وادي المسك,30.12125439877659,31.627423285977628,2.76
Wadi Hof,36.44326,19.955238,79.361496,70.66722,31.624939,9.333277,وادي حوف,29.8827544,31.305307100000004,0.64
Waraq Al Arab City,36.44326,19.955238,79.361496,70.66722,31.624939,9.333277,مدينه وراق العرب,30.09895206779538,31.21097821359827,0.0
West Al Abbasseya,36.44326,19.955238,79.361496,70.66722,31.624939,9.333277,العباسيه الغربيه,30.07060756300869,31.279449119493965,1.3
West Al Golf,36.44326,19.955238,79.361496,70.66722,31.624939,9.333277,غرب الجولف,29.99306038922072,31.394603968156623,11.45
West Al Golf Extension 1,36.44326,19.955238,79.361496,70.66722,31.624939,9.333277,إمتداد غرب الجولف 1,29.990411272088565,31.386621941015107,2.66
West Al Golf Extension 4,36.44326,19.955238,79.361496,70.66722,31.624939,9.333277,إمتداد غرب الجولف 4,29.9867607950649,31.390652559853702,2.8
West Al Golf Extension 7,36.44326,19.955238,79.361496,70.66722,31.624939,9.333277,إمتداد غرب الجولف 7,29.9834131801122,31.395362856179343,6.34
West Al Khabiri,36.44326,19.955238,79.361496,70.66722,31.624939,9.333277,الخبيرى الغربيه,29.96986035560339,31.249018877564705,3.08
West Al Manial,36.44326,19.955238,79.361496,70.66722,31.624939,9.333277,المنيل الغربي,30.02646041489577,31.22560404807596,3.95
West Al Sarayat,36.44326,19.955238,79.361496,70.66722,31.624939,9.333277,السرايات الغربيه,29.962476709497707,31.25907008281724,10.19
West Al Zaitoun,36.44326,19.955238,79.361496,70.66722,31.624939,9.333277,الزيتون الغربية,30.108414524782063,31.30759622638279,0.45
West Arabella,27.691023,16.973969,80.20046,65.02466,24.886189,6.0874953,غرب ارابيلا,29.98846373842825,31.425181993335126,2.66
West Ein Shams,36.44326,19.955238,79.361496,70.66722,31.624939,9.333277,عين شمس الغربيه,30.12931280698338,31.31402018081399,0.02
West El Matareya,36.44326,19.955238,79.361496,70.66722,31.624939,9.333277,المطريه الغربيه,30.123031372973944,31.303984670862462,0.41
West El Waily El Kabir,36.44326,19.955238,79.361496,70.66722,31.624939,9.333277,الوايلي الكبير غرب,30.09391461630242,31.27717409246061,0.25
West Helwan,36.44326,19.955238,79.361496,70.66722,31.624939,9.333277,حلوان الغربيه,29.84596536554761,31.32753614651224,0.77
Workers Bala'eim Oil Company Compound,27.691023,16.973969,80.20046,65.02466,24.886189,6.0874953,كمبوند للعاملين بشركة بترول بلاعيم,29.960442550025736,31.5068507018888,0.93
Youth Housing,27.691023,16.973969,80.20046,65.02466,24.886189,6.0874953,مساكن الشباب,30.15654472919661,31.622796338264223,2.42
Zahraa Al Maadi Area 1,36.44326,19.955238,79.361496,70.66722,31.624939,9.333277,زهراء المعادي منطقه 1,29.96039296287497,31.297828409061264,0.59
Zahraa Al Maadi Area 2,36.44326,19.955238,79.361496,70.66722,31.624939,9.333277,زهراء المعادي منطقه 2,29.960244169370856,31.305696070956472,0.38
Zahraa Al Maadi Area 3,36.44326,19.955238,79.361496,70.66722,31.624939,9.333277,زهراء المعادي منطقه 3,29.96006179103896,31.31026831839573,0.73
Zahraa Al Maadi Area 5,36.44326,19.955238,79.361496,70.66722,31.624939,9.333277,زهراء المعادي منطقه 5,29.96099442819584,31.32336096672239,1.17
Zahraa Al Maadi Area 6,36.44326,19.955238,79.361496,70.66722,31.624939,9.333277,زهراء المعادي منطقه 6,29.96391670347226,31.322273838343456,1.17
Zahraa Al Maadi Area 7,36.44326,19.955238,79.361496,70.66722,31.624939,9.333277,زهراء المعادي منطقه 7,29.96714918590965,31.32664712668804,0.97
Zahraa Nasr City,36.44326,19.955238,79.361496,70.66722,31.624939,9.333277,زهراء مدينة نصر,30.046682839193352,31.390647704577752,0.77
Zahret Alsafarat,36.44326,19.955238,79.361496,70.66722,31.624939,9.333277,زهرة السفارات,30.03652415872069,31.34411186384755,0.23
Zahret El Tagamao El Khames Compound,27.691023,16.973969,80.20046,65.02466,24.886189,6.0874953,كومبوند زهرة التجمع الخامس,30.0422527856113,31.48278271268321,3.12
Zenhom,36.44326,19.955238,79.361496,70.66722,31.624939,9.333277,زينهم,30.023631523896697,31.23870048725132,0.69
Zizinia,27.691023,16.973969,80.20046,65.02466,24.886189,6.0874953,زيزينيا,30.00717208381809,31.49319590461409,2.13
Zizinia El Mostakbal Compound,27.691023,16.973969,80.20046,65.02466,24.886189,6.0874953,كمبوند زيزينيا المستقبل,30.049679847251763,31.6243386676492,0.08
Zizinia Flowers Compound,27.691023,16.973969,80.20046,65.02466,24.886189,6.0874953,كمبوند زيزينيا فلورز,30.116253502322287,31.61456365842682,1.85
Zizinia Gardens Compound,27.691023,16.973969,80.20046,65.02466,24.886189,6.0874953,كمبوند زيزينيا جاردنز,30.03734869326766,31.50466607821808,5.34
Zizinia Rose Compound,27.691023,16.973969,80.20046,65.02466,24.886189,6.0874953,كمبوند زيزينيا روز,30.039371667968144,31.506485249698898,5.59
Zone I6,27.691023,16.973969,80.20046,65.02466,24.886189,6.0874953,منطقة 6ط,30.057724967848102,31.62825950146441,0.01
الشباب الجنوبي,27.691023,16.973969,80.20046,65.02466,24.886189,6.0874953,الشباب الجنوبي,30.056216400000004,31.4602642,2.84
الشباب الشمالي,27.691023,16.973969,80.20046,65.02466,24.886189,6.0874953,الشباب الشمالي,30.0703064,31.4591161,1.88
القطاميه,27.691023,16.973969,80.20046,65.02466,24.886189,6.0874953,القطاميه,29.97619399999999,31.4046992,4.75
المجاورة الثالثة الحي الثاني شرق,27.691023,16.973969,80.20046,65.02466,24.886189,6.0874953,المجاورة الثالثة الحي الثاني شرق,30.1597523,31.6248966,2.05
كمبوند الرقابه الإداريه,27.691023,16.973969,80.20046,65.02466,24.886189,6.0874953,كمبوند الرقابه الإداريه,29.9660191,31.5378788,0.55
كمبوند القطاميه هايتس,27.691023,16.973969,80.20046,65.02466,24.886189,6.0874953,كمبوند القطاميه هايتس,29.9921014,31.404629300000003,27.93
مجموعه 123,27.691023,16.973969,80.20046,65.02466,24.886189,6.0874953,مجموعه 123,30.0635502,31.5164317,3.52
